order_id,order_number,order_date,customer_id,discount,last_updated_at
1,CA-2018-100006,9/7/2018,217,0,12/13/2024
2,CA-2018-100090,7/8/2018,247,0.2,12/13/2024
3,CA-2018-100293,3/14/2018,562,0.2,12/13/2024
4,CA-2018-100328,1/28/2018,345,0.2,12/13/2024
5,CA-2018-100363,4/8/2018,394,0.2,12/13/2024
6,CA-2018-100391,5/25/2018,118,0,12/13/2024
7,CA-2018-100678,4/18/2018,439,0.22,12/13/2024
8,CA-2018-100706,12/16/2018,459,0,12/13/2024
9,CA-2018-100762,11/24/2018,564,0,12/13/2024
10,CA-2018-100860,3/26/2018,182,0,12/13/2024
11,CA-2018-100867,10/19/2018,262,0.2,12/13/2024
12,CA-2018-100881,3/28/2018,237,0.2,12/13/2024
13,CA-2018-100895,6/2/2018,722,0,12/13/2024
14,CA-2018-100916,10/21/2018,284,0,12/13/2024
15,CA-2018-100972,11/19/2018,195,0,12/13/2024
16,CA-2018-101147,12/2/2018,489,0.8,12/13/2024
17,CA-2018-101175,12/9/2018,224,0.2,12/13/2024
18,CA-2018-101266,8/27/2018,526,0,12/13/2024
19,CA-2018-101364,12/22/2018,774,0.2,12/13/2024
20,CA-2018-101392,12/7/2018,58,0,12/13/2024
21,CA-2018-101427,12/26/2018,63,0.2,12/13/2024
22,CA-2018-101462,4/20/2018,103,0,12/13/2024
23,CA-2018-101476,9/12/2018,683,0,12/13/2024
24,CA-2018-101560,11/28/2018,177,0,12/13/2024
25,CA-2018-101602,12/15/2018,494,0.25,12/13/2024
26,CA-2018-101770,3/31/2018,415,0.7,12/13/2024
27,CA-2018-101833,11/17/2018,283,0,12/13/2024
28,CA-2018-101931,10/28/2018,765,0.07,12/13/2024
29,CA-2018-102008,9/30/2018,619,0,12/13/2024
30,CA-2018-102085,10/4/2018,351,0,12/13/2024
31,CA-2018-102274,11/21/2018,206,0,12/13/2024
32,CA-2018-102295,11/24/2018,260,0.2,12/13/2024
33,CA-2018-102330,12/29/2018,36,0.1,12/13/2024
34,CA-2018-102645,1/23/2018,338,0,12/13/2024
35,CA-2018-102652,4/6/2018,63,0,12/13/2024
36,CA-2018-102673,11/1/2018,432,0.2,12/13/2024
37,CA-2018-102869,9/9/2018,456,0.25,12/13/2024
38,CA-2018-102988,4/5/2018,308,0,12/13/2024
39,CA-2018-103058,7/23/2018,19,0,12/13/2024
40,CA-2018-103086,10/17/2018,254,0.6,12/13/2024
41,CA-2018-103100,12/20/2018,7,0,12/13/2024
42,CA-2018-103191,9/22/2018,780,0.2,12/13/2024
43,CA-2018-103219,11/9/2018,84,0,12/13/2024
44,CA-2018-103310,5/10/2018,307,0.1,12/13/2024
45,CA-2018-103317,7/5/2018,227,0.37,12/13/2024
46,CA-2018-103331,8/26/2018,416,0,12/13/2024
47,CA-2018-103366,1/15/2018,260,0,12/13/2024
48,CA-2018-103373,5/18/2018,109,0.4,12/13/2024
49,CA-2018-103401,11/21/2018,310,0,12/13/2024
50,CA-2018-103429,5/30/2018,479,0.05,12/13/2024
51,CA-2018-103492,10/10/2018,164,0.5,12/13/2024
52,CA-2018-103527,9/9/2018,131,0.2,12/13/2024
53,CA-2018-103590,11/30/2018,387,0,12/13/2024
54,CA-2018-103660,8/25/2018,547,0.2,12/13/2024
55,CA-2018-103702,9/12/2018,18,0.7,12/13/2024
56,CA-2018-103744,2/23/2018,506,0.5,12/13/2024
57,CA-2018-103800,1/3/2018,231,0.2,12/13/2024
58,CA-2018-103807,12/2/2018,269,0,12/13/2024
59,CA-2018-103849,5/11/2018,593,0.33,12/13/2024
60,CA-2018-103940,9/17/2018,96,0.05,12/13/2024
61,CA-2018-103989,3/19/2018,491,0.27,12/13/2024
62,CA-2018-104178,8/25/2018,391,0,12/13/2024
63,CA-2018-104269,3/1/2018,191,0.2,12/13/2024
64,CA-2018-104283,6/27/2018,466,0,12/13/2024
65,CA-2018-104402,6/17/2018,199,0,12/13/2024
66,CA-2018-104472,6/2/2018,149,0.1,12/13/2024
67,CA-2018-104563,3/7/2018,164,0.1,12/13/2024
68,CA-2018-104738,12/30/2018,708,0.32,12/13/2024
69,CA-2018-104773,12/8/2018,733,0.2,12/13/2024
70,CA-2018-104780,5/21/2018,115,0,12/13/2024
71,CA-2018-104808,2/4/2018,511,0.2,12/13/2024
72,CA-2018-104829,11/18/2018,368,0,12/13/2024
73,CA-2018-104976,12/9/2018,151,0,12/13/2024
74,CA-2018-105165,9/7/2018,730,0.34,12/13/2024
75,CA-2018-105172,4/4/2018,597,0,12/13/2024
76,CA-2018-105249,11/28/2018,207,0.05,12/13/2024
77,CA-2018-105270,11/11/2018,45,0.1,12/13/2024
78,CA-2018-105340,11/22/2018,263,0.8,12/13/2024
79,CA-2018-105417,1/7/2018,785,0.7,12/13/2024
80,CA-2018-105648,3/3/2018,265,0.2,12/13/2024
81,CA-2018-105872,5/30/2018,366,0.2,12/13/2024
82,CA-2018-105893,11/11/2018,598,0,12/13/2024
83,CA-2018-105984,11/24/2018,550,0.35,12/13/2024
84,CA-2018-106054,1/6/2018,397,0,12/13/2024
85,CA-2018-106229,6/7/2018,575,0.5,12/13/2024
86,CA-2018-106264,12/26/2018,150,0,12/13/2024
87,CA-2018-106376,12/5/2018,107,0.2,12/13/2024
88,CA-2018-106439,10/31/2018,298,0.07,12/13/2024
89,CA-2018-106572,9/5/2018,574,0.2,12/13/2024
90,CA-2018-106719,8/24/2018,626,0.2,12/13/2024
91,CA-2018-106726,12/6/2018,659,0,12/13/2024
92,CA-2018-106803,12/29/2018,201,0,12/13/2024
93,CA-2018-106810,5/14/2018,38,0.2,12/13/2024
94,CA-2018-106971,9/2/2018,94,0.2,12/13/2024
95,CA-2018-107139,7/5/2018,235,0.2,12/13/2024
96,CA-2018-107153,9/28/2018,316,0,12/13/2024
97,CA-2018-107181,2/4/2018,194,0.1,12/13/2024
98,CA-2018-107398,8/25/2018,107,0.7,12/13/2024
99,CA-2018-107454,11/2/2018,634,0,12/13/2024
100,CA-2018-107524,3/2/2018,442,0,12/13/2024
101,CA-2018-107573,12/12/2018,585,0.2,12/13/2024
102,CA-2018-107594,7/2/2018,259,0,12/13/2024
103,CA-2018-107706,2/14/2018,719,0.2,12/13/2024
104,CA-2018-107755,2/7/2018,151,0,12/13/2024
105,CA-2018-107769,10/28/2018,112,0,12/13/2024
106,CA-2018-107811,4/29/2018,448,0.2,12/13/2024
107,CA-2018-107818,9/8/2018,487,0.05,12/13/2024
108,CA-2018-107916,8/24/2018,400,0.1,12/13/2024
109,CA-2018-108147,6/8/2018,631,0.1,12/13/2024
110,CA-2018-108182,2/6/2018,220,0.8,12/13/2024
111,CA-2018-108189,10/2/2018,279,0.2,12/13/2024
112,CA-2018-108273,12/16/2018,264,0.4,12/13/2024
113,CA-2018-108609,10/31/2018,37,0.4,12/13/2024
114,CA-2018-108707,10/24/2018,189,0.2,12/13/2024
115,CA-2018-108861,5/28/2018,525,0.2,12/13/2024
116,CA-2018-108903,10/3/2018,229,0.2,12/13/2024
117,CA-2018-109043,8/15/2018,178,0.2,12/13/2024
118,CA-2018-109127,12/21/2018,347,0,12/13/2024
119,CA-2018-109134,11/5/2018,203,0,12/13/2024
120,CA-2018-109218,6/30/2018,51,0,12/13/2024
121,CA-2018-109232,1/13/2018,559,0,12/13/2024
122,CA-2018-109302,8/12/2018,176,0,12/13/2024
123,CA-2018-109491,2/20/2018,453,0,12/13/2024
124,CA-2018-109680,10/6/2018,784,0,12/13/2024
125,CA-2018-109855,9/1/2018,462,0.1,12/13/2024
126,CA-2018-109890,7/21/2018,592,0,12/13/2024
127,CA-2018-109897,8/12/2018,120,0.1,12/13/2024
128,CA-2018-109904,7/14/2018,79,0,12/13/2024
129,CA-2018-109918,9/7/2018,471,0.07,12/13/2024
130,CA-2018-109932,12/9/2018,784,0.2,12/13/2024
131,CA-2018-110030,12/6/2018,460,0.6,12/13/2024
132,CA-2018-110065,8/5/2018,709,0,12/13/2024
133,CA-2018-110072,10/22/2018,504,0.2,12/13/2024
134,CA-2018-110100,4/25/2018,452,0.2,12/13/2024
135,CA-2018-110184,7/12/2018,83,0.1,12/13/2024
136,CA-2018-110219,5/5/2018,250,0.3,12/13/2024
137,CA-2018-110352,11/23/2018,256,0.2,12/13/2024
138,CA-2018-110408,10/18/2018,55,0,12/13/2024
139,CA-2018-110422,1/21/2018,738,0.2,12/13/2024
140,CA-2018-110527,8/9/2018,256,0,12/13/2024
141,CA-2018-110555,4/11/2018,527,0.07,12/13/2024
142,CA-2018-110611,10/6/2018,351,0.2,12/13/2024
143,CA-2018-110639,8/23/2018,643,0,12/13/2024
144,CA-2018-110786,12/29/2018,38,0.09,12/13/2024
145,CA-2018-110849,4/18/2018,388,0.05,12/13/2024
146,CA-2018-111003,6/1/2018,169,0,12/13/2024
147,CA-2018-111059,2/3/2018,738,0.2,12/13/2024
148,CA-2018-111150,12/31/2018,662,0,12/13/2024
149,CA-2018-111157,3/2/2018,566,0.2,12/13/2024
150,CA-2018-111192,7/30/2018,766,0,12/13/2024
151,CA-2018-111360,11/24/2018,59,0.7,12/13/2024
152,CA-2018-111451,12/26/2018,434,0.3,12/13/2024
153,CA-2018-111500,8/17/2018,209,0,12/13/2024
154,CA-2018-111773,6/29/2018,379,0.2,12/13/2024
155,CA-2018-111857,4/23/2018,569,0,12/13/2024
156,CA-2018-111871,3/18/2018,266,0.15,12/13/2024
157,CA-2018-111899,5/4/2018,555,0.2,12/13/2024
158,CA-2018-111934,5/5/2018,297,0,12/13/2024
159,CA-2018-111962,9/29/2018,254,0.1,12/13/2024
160,CA-2018-112158,12/2/2018,233,0.13,12/13/2024
161,CA-2018-112291,4/3/2018,427,0,12/13/2024
162,CA-2018-112326,1/4/2018,606,0.4,12/13/2024
163,CA-2018-112403,3/31/2018,398,0.7,12/13/2024
164,CA-2018-112718,12/16/2018,441,0.7,12/13/2024
165,CA-2018-112837,9/11/2018,481,0,12/13/2024
166,CA-2018-112851,9/17/2018,575,0,12/13/2024
167,CA-2018-113047,10/24/2018,45,0,12/13/2024
168,CA-2018-113166,12/24/2018,460,0.2,12/13/2024
169,CA-2018-113257,12/16/2018,673,0.4,12/13/2024
170,CA-2018-113271,7/9/2018,238,0.09,12/13/2024
171,CA-2018-113320,12/12/2018,464,0,12/13/2024
172,CA-2018-113362,9/14/2018,40,0,12/13/2024
173,CA-2018-113383,9/10/2018,685,0,12/13/2024
174,CA-2018-113579,12/13/2018,424,0,12/13/2024
175,CA-2018-113768,5/13/2018,28,0.1,12/13/2024
176,CA-2018-113859,9/13/2018,67,0.3,12/13/2024
177,CA-2018-113880,3/1/2018,778,0.25,12/13/2024
178,CA-2018-113887,4/5/2018,753,0,12/13/2024
179,CA-2018-113929,6/16/2018,148,0.07,12/13/2024
180,CA-2018-113964,9/23/2018,402,0.2,12/13/2024
181,CA-2018-114125,7/9/2018,299,0.07,12/13/2024
182,CA-2018-114181,5/10/2018,18,0.35,12/13/2024
183,CA-2018-114195,11/1/2018,246,0.53,12/13/2024
184,CA-2018-114251,11/5/2018,496,0.3,12/13/2024
185,CA-2018-114314,10/11/2018,197,0,12/13/2024
186,CA-2018-114321,8/20/2018,557,0,12/13/2024
187,CA-2018-114335,9/28/2018,789,0.2,12/13/2024
188,CA-2018-114433,5/13/2018,571,0,12/13/2024
189,CA-2018-114510,3/14/2018,360,0.08,12/13/2024
190,CA-2018-114517,12/23/2018,752,0.2,12/13/2024
191,CA-2018-114643,6/13/2018,287,0,12/13/2024
192,CA-2018-114790,3/11/2018,287,0,12/13/2024
193,CA-2018-115049,9/26/2018,526,0.2,12/13/2024
194,CA-2018-115056,5/2/2018,48,0.2,12/13/2024
195,CA-2018-115084,10/18/2018,474,0,12/13/2024
196,CA-2018-115133,9/26/2018,188,0.2,12/13/2024
197,CA-2018-115161,1/31/2018,455,0.15,12/13/2024
198,CA-2018-115259,8/25/2018,630,0.2,12/13/2024
199,CA-2018-115336,11/18/2018,11,0.8,12/13/2024
200,CA-2018-115357,8/6/2018,641,0,12/13/2024
201,CA-2018-115791,1/16/2018,220,0.38,12/13/2024
202,CA-2018-115812,6/9/2018,89,0.11,12/13/2024
203,CA-2018-115889,11/2/2018,693,0.1,12/13/2024
204,CA-2018-115973,11/24/2018,565,0.2,12/13/2024
205,CA-2018-115980,7/15/2018,787,0,12/13/2024
206,CA-2018-116190,7/26/2018,689,0,12/13/2024
207,CA-2018-116239,3/4/2018,153,0,12/13/2024
208,CA-2018-116246,9/12/2018,482,0.1,12/13/2024
209,CA-2018-116407,11/15/2018,359,0.2,12/13/2024
210,CA-2018-116568,12/14/2018,94,0.2,12/13/2024
211,CA-2018-116666,5/8/2018,445,0.4,12/13/2024
212,CA-2018-116673,12/15/2018,398,0,12/13/2024
213,CA-2018-116757,6/30/2018,542,0.2,12/13/2024
214,CA-2018-116785,4/26/2018,510,0,12/13/2024
215,CA-2018-116834,10/11/2018,234,0,12/13/2024
216,CA-2018-116904,9/23/2018,670,0,12/13/2024
217,CA-2018-116932,7/21/2018,500,0.13,12/13/2024
218,CA-2018-117016,3/4/2018,670,0.2,12/13/2024
219,CA-2018-117317,10/19/2018,363,0,12/13/2024
220,CA-2018-117345,8/1/2018,79,0.2,12/13/2024
221,CA-2018-117429,10/7/2018,536,0.2,12/13/2024
222,CA-2018-117464,7/22/2018,571,0.1,12/13/2024
223,CA-2018-117478,9/21/2018,461,0.7,12/13/2024
224,CA-2018-117639,5/21/2018,548,0,12/13/2024
225,CA-2018-117709,5/4/2018,600,0,12/13/2024
226,CA-2018-117765,9/7/2018,624,0,12/13/2024
227,CA-2018-118192,1/13/2018,526,0.45,12/13/2024
228,CA-2018-118276,12/29/2018,507,0.6,12/13/2024
229,CA-2018-118304,4/29/2018,430,0,12/13/2024
230,CA-2018-118339,3/17/2018,96,0,12/13/2024
231,CA-2018-118962,8/5/2018,175,0.07,12/13/2024
232,CA-2018-118976,4/28/2018,550,0,12/13/2024
233,CA-2018-119032,11/27/2018,540,0,12/13/2024
234,CA-2018-119144,11/16/2018,353,0.12,12/13/2024
235,CA-2018-119151,11/25/2018,535,0.1,12/13/2024
236,CA-2018-119172,5/11/2018,319,0.5,12/13/2024
237,CA-2018-119375,11/17/2018,790,0,12/13/2024
238,CA-2018-119466,12/15/2018,710,0.6,12/13/2024
239,CA-2018-119529,11/3/2018,226,0,12/13/2024
240,CA-2018-119977,10/8/2018,228,0,12/13/2024
241,CA-2018-120096,7/4/2018,427,0.2,12/13/2024
242,CA-2018-120243,12/27/2018,59,0,12/13/2024
243,CA-2018-120278,11/7/2018,537,0,12/13/2024
244,CA-2018-120411,9/20/2018,666,0.25,12/13/2024
245,CA-2018-120432,8/24/2018,245,0,12/13/2024
246,CA-2018-120474,12/1/2018,654,0,12/13/2024
247,CA-2018-120544,11/23/2018,714,0.53,12/13/2024
248,CA-2018-120670,11/2/2018,383,0.2,12/13/2024
249,CA-2018-120768,12/19/2018,339,0,12/13/2024
250,CA-2018-120775,10/3/2018,637,0.4,12/13/2024
251,CA-2018-120838,3/23/2018,604,0.1,12/13/2024
252,CA-2018-120852,12/20/2018,788,0.5,12/13/2024
253,CA-2018-120887,9/27/2018,763,0,12/13/2024
254,CA-2018-120950,11/6/2018,293,0,12/13/2024
255,CA-2018-121006,11/10/2018,668,0,12/13/2024
256,CA-2018-121167,11/28/2018,530,0.2,12/13/2024
257,CA-2018-121286,11/4/2018,580,0.2,12/13/2024
258,CA-2018-121573,11/3/2018,690,0.13,12/13/2024
259,CA-2018-121629,11/28/2018,116,0.4,12/13/2024
260,CA-2018-121664,5/6/2018,331,0.2,12/13/2024
261,CA-2018-121727,8/19/2018,379,0.2,12/13/2024
262,CA-2018-121762,2/14/2018,520,0,12/13/2024
263,CA-2018-121769,4/8/2018,408,0.4,12/13/2024
264,CA-2018-122070,4/22/2018,28,0.1,12/13/2024
265,CA-2018-122217,11/24/2018,331,0,12/13/2024
266,CA-2018-122336,4/13/2018,350,0.38,12/13/2024
267,CA-2018-122567,2/16/2018,529,0.8,12/13/2024
268,CA-2018-122588,11/25/2018,49,0,12/13/2024
269,CA-2018-122609,11/12/2018,231,0.4,12/13/2024
270,CA-2018-122679,7/22/2018,10,0,12/13/2024
271,CA-2018-122749,12/3/2018,565,0,12/13/2024
272,CA-2018-122882,9/7/2018,667,0.38,12/13/2024
273,CA-2018-122931,9/29/2018,703,0.27,12/13/2024
274,CA-2018-123064,6/30/2018,619,0.2,12/13/2024
275,CA-2018-123127,9/8/2018,708,0,12/13/2024
276,CA-2018-123225,7/11/2018,529,0.2,12/13/2024
277,CA-2018-123253,8/22/2018,203,0.2,12/13/2024
278,CA-2018-123260,8/26/2018,288,0,12/13/2024
279,CA-2018-123295,7/18/2018,30,0.2,12/13/2024
280,CA-2018-123316,10/13/2018,707,0.2,12/13/2024
281,CA-2018-123323,11/7/2018,462,0.2,12/13/2024
282,CA-2018-123344,9/24/2018,352,0,12/13/2024
283,CA-2018-123400,2/2/2018,251,0.45,12/13/2024
284,CA-2018-123477,1/18/2018,242,0.2,12/13/2024
285,CA-2018-123498,11/7/2018,742,0.5,12/13/2024
286,CA-2018-123855,6/18/2018,494,0.2,12/13/2024
287,CA-2018-123925,12/17/2018,642,0,12/13/2024
288,CA-2018-124023,4/7/2018,596,0,12/13/2024
289,CA-2018-124079,12/13/2018,640,0.45,12/13/2024
290,CA-2018-124247,12/16/2018,694,0.2,12/13/2024
291,CA-2018-124394,10/17/2018,739,0.5,12/13/2024
292,CA-2018-124429,5/27/2018,514,0.1,12/13/2024
293,CA-2018-124464,7/14/2018,716,0,12/13/2024
294,CA-2018-124478,8/8/2018,483,0.02,12/13/2024
295,CA-2018-124513,9/21/2018,699,0,12/13/2024
296,CA-2018-124618,5/2/2018,173,0.2,12/13/2024
297,CA-2018-124646,6/22/2018,241,0,12/13/2024
298,CA-2018-124688,8/27/2018,136,0,12/13/2024
299,CA-2018-124702,11/18/2018,514,0,12/13/2024
300,CA-2018-124709,7/27/2018,314,0,12/13/2024
301,CA-2018-124723,8/5/2018,315,0.3,12/13/2024
302,CA-2018-124730,11/26/2018,476,0.08,12/13/2024
303,CA-2018-124737,8/23/2018,45,0.2,12/13/2024
304,CA-2018-124807,7/12/2018,499,0.2,12/13/2024
305,CA-2018-124856,9/29/2018,458,0,12/13/2024
306,CA-2018-125136,9/28/2018,425,0.2,12/13/2024
307,CA-2018-125150,5/16/2018,614,0.2,12/13/2024
308,CA-2018-125171,9/3/2018,22,0,12/13/2024
309,CA-2018-125514,9/21/2018,93,0,12/13/2024
310,CA-2018-125542,12/5/2018,554,0.2,12/13/2024
311,CA-2018-125556,11/14/2018,521,0,12/13/2024
312,CA-2018-125612,8/3/2018,90,0,12/13/2024
313,CA-2018-125682,11/22/2018,626,0,12/13/2024
314,CA-2018-125731,9/10/2018,153,0.2,12/13/2024
315,CA-2018-125759,2/8/2018,569,0,12/13/2024
316,CA-2018-125829,11/4/2018,788,0.16,12/13/2024
317,CA-2018-125997,9/20/2018,547,0.05,12/13/2024
318,CA-2018-126032,6/23/2018,108,0.2,12/13/2024
319,CA-2018-126193,9/7/2018,715,0.6,12/13/2024
320,CA-2018-126200,8/25/2018,356,0.8,12/13/2024
321,CA-2018-126277,9/13/2018,462,0.7,12/13/2024
322,CA-2018-126333,12/23/2018,500,0.2,12/13/2024
323,CA-2018-126361,8/4/2018,777,0.07,12/13/2024
324,CA-2018-126403,9/9/2018,657,0,12/13/2024
325,CA-2018-126480,9/20/2018,323,0,12/13/2024
326,CA-2018-126522,9/1/2018,477,0,12/13/2024
327,CA-2018-126683,9/29/2018,607,0,12/13/2024
328,CA-2018-126760,7/26/2018,439,0.1,12/13/2024
329,CA-2018-126802,12/29/2018,792,0.6,12/13/2024
330,CA-2018-126907,11/1/2018,703,0.2,12/13/2024
331,CA-2018-126963,6/15/2018,609,0.2,12/13/2024
332,CA-2018-127012,8/11/2018,307,0,12/13/2024
333,CA-2018-127131,11/24/2018,333,0.05,12/13/2024
334,CA-2018-127159,5/12/2018,328,0,12/13/2024
335,CA-2018-127166,5/21/2018,430,0.38,12/13/2024
336,CA-2018-127187,12/4/2018,166,0,12/13/2024
337,CA-2018-127299,9/19/2018,388,0.35,12/13/2024
338,CA-2018-127383,12/31/2018,155,0.2,12/13/2024
339,CA-2018-127446,11/25/2018,490,0.28,12/13/2024
340,CA-2018-127488,9/22/2018,537,0.2,12/13/2024
341,CA-2018-127523,5/11/2018,87,0,12/13/2024
342,CA-2018-127558,11/15/2018,715,0,12/13/2024
343,CA-2018-127586,9/26/2018,179,0,12/13/2024
344,CA-2018-127614,2/11/2018,561,0,12/13/2024
345,CA-2018-127691,7/22/2018,271,0,12/13/2024
346,CA-2018-127859,3/17/2018,616,0.2,12/13/2024
347,CA-2018-127866,7/20/2018,350,0,12/13/2024
348,CA-2018-127936,9/2/2018,153,0,12/13/2024
349,CA-2018-127964,3/3/2018,44,0.13,12/13/2024
350,CA-2018-128055,3/31/2018,1,0.1,12/13/2024
351,CA-2018-128062,11/19/2018,16,0.2,12/13/2024
352,CA-2018-128146,6/21/2018,191,0,12/13/2024
353,CA-2018-128209,11/17/2018,312,0.2,12/13/2024
354,CA-2018-128237,3/25/2018,123,0,12/13/2024
355,CA-2018-128524,11/11/2018,552,0.07,12/13/2024
356,CA-2018-128538,10/11/2018,56,0,12/13/2024
357,CA-2018-128622,11/15/2018,672,0,12/13/2024
358,CA-2018-128839,9/8/2018,770,0,12/13/2024
359,CA-2018-128846,4/7/2018,659,0,12/13/2024
360,CA-2018-128888,11/15/2018,584,0.2,12/13/2024
361,CA-2018-128986,8/3/2018,299,0.2,12/13/2024
362,CA-2018-129091,11/22/2018,618,0,12/13/2024
363,CA-2018-129147,11/2/2018,455,0.5,12/13/2024
364,CA-2018-129168,8/17/2018,418,0.2,12/13/2024
365,CA-2018-129189,7/21/2018,329,0.53,12/13/2024
366,CA-2018-129364,12/8/2018,735,0.26,12/13/2024
367,CA-2018-129574,5/26/2018,234,0,12/13/2024
368,CA-2018-129819,12/13/2018,422,0,12/13/2024
369,CA-2018-129924,7/12/2018,12,0.2,12/13/2024
370,CA-2018-129938,12/15/2018,247,0.3,12/13/2024
371,CA-2018-130092,1/11/2018,721,0,12/13/2024
372,CA-2018-130155,5/19/2018,747,0,12/13/2024
373,CA-2018-130274,5/3/2018,409,0,12/13/2024
374,CA-2018-130421,3/3/2018,668,0.8,12/13/2024
375,CA-2018-130428,3/31/2018,749,0.37,12/13/2024
376,CA-2018-130449,9/6/2018,784,0,12/13/2024
377,CA-2018-130575,12/14/2018,172,0.8,12/13/2024
378,CA-2018-130624,6/21/2018,736,0,12/13/2024
379,CA-2018-130673,5/20/2018,490,0.3,12/13/2024
380,CA-2018-130729,10/24/2018,2,0.2,12/13/2024
381,CA-2018-130813,1/6/2018,475,0,12/13/2024
382,CA-2018-130869,11/17/2018,126,0.2,12/13/2024
383,CA-2018-130918,8/22/2018,401,0.2,12/13/2024
384,CA-2018-130960,12/30/2018,419,0,12/13/2024
385,CA-2018-131002,9/7/2018,738,0,12/13/2024
386,CA-2018-131009,3/1/2018,674,0.33,12/13/2024
387,CA-2018-131051,12/1/2018,760,0,12/13/2024
388,CA-2018-131247,3/30/2018,294,0.15,12/13/2024
389,CA-2018-131310,7/12/2018,153,0.2,12/13/2024
390,CA-2018-131387,4/28/2018,36,0.2,12/13/2024
391,CA-2018-131450,8/8/2018,470,0.1,12/13/2024
392,CA-2018-131527,12/1/2018,736,0.2,12/13/2024
393,CA-2018-131541,7/28/2018,148,0.2,12/13/2024
394,CA-2018-131800,12/30/2018,40,0.1,12/13/2024
395,CA-2018-131905,2/6/2018,560,0,12/13/2024
396,CA-2018-131926,6/1/2018,243,0,12/13/2024
397,CA-2018-131947,9/17/2018,340,0.28,12/13/2024
398,CA-2018-132010,10/13/2018,484,0,12/13/2024
399,CA-2018-132227,11/4/2018,730,0.2,12/13/2024
400,CA-2018-132451,9/26/2018,428,0.1,12/13/2024
401,CA-2018-132500,9/8/2018,315,0,12/13/2024
402,CA-2018-132542,10/6/2018,41,0,12/13/2024
403,CA-2018-132612,6/9/2018,290,0,12/13/2024
404,CA-2018-132787,9/19/2018,495,0,12/13/2024
405,CA-2018-132801,10/7/2018,368,0.2,12/13/2024
406,CA-2018-132864,12/2/2018,440,0.2,12/13/2024
407,CA-2018-132913,12/24/2018,53,0,12/13/2024
408,CA-2018-132962,9/13/2018,392,0.2,12/13/2024
409,CA-2018-132983,4/28/2018,239,0,12/13/2024
410,CA-2018-133158,8/19/2018,242,0.1,12/13/2024
411,CA-2018-133228,4/4/2018,539,0,12/13/2024
412,CA-2018-133270,6/6/2018,94,0,12/13/2024
413,CA-2018-133305,7/11/2018,512,0.1,12/13/2024
414,CA-2018-133354,2/22/2018,664,0,12/13/2024
415,CA-2018-133389,6/22/2018,736,0.7,12/13/2024
416,CA-2018-133424,3/30/2018,223,0,12/13/2024
417,CA-2018-133543,12/22/2018,438,0,12/13/2024
418,CA-2018-133592,12/31/2018,437,0,12/13/2024
419,CA-2018-133634,11/5/2018,713,0,12/13/2024
420,CA-2018-133690,8/3/2018,109,0.35,12/13/2024
421,CA-2018-133704,9/20/2018,484,0.1,12/13/2024
422,CA-2018-133753,6/9/2018,186,0.2,12/13/2024
423,CA-2018-133809,11/18/2018,538,0.55,12/13/2024
424,CA-2018-133830,12/5/2018,648,0,12/13/2024
425,CA-2018-133851,6/9/2018,162,0,12/13/2024
426,CA-2018-133963,5/18/2018,293,0.2,12/13/2024
427,CA-2018-134061,4/29/2018,465,0,12/13/2024
428,CA-2018-134103,1/30/2018,546,0,12/13/2024
429,CA-2018-134215,8/4/2018,520,0,12/13/2024
430,CA-2018-134278,7/6/2018,276,0.2,12/13/2024
431,CA-2018-134313,11/1/2018,619,0.2,12/13/2024
432,CA-2018-134551,12/20/2018,767,0.2,12/13/2024
433,CA-2018-134572,4/20/2018,721,0.27,12/13/2024
434,CA-2018-134621,12/21/2018,235,0.7,12/13/2024
435,CA-2018-134677,10/6/2018,789,0,12/13/2024
436,CA-2018-134726,11/2/2018,729,0.1,12/13/2024
437,CA-2018-135090,11/22/2018,711,0,12/13/2024
438,CA-2018-135405,1/9/2018,541,0.2,12/13/2024
439,CA-2018-135608,12/8/2018,379,0.1,12/13/2024
440,CA-2018-135657,6/3/2018,679,0,12/13/2024
441,CA-2018-135699,8/29/2018,325,0,12/13/2024
442,CA-2018-135755,5/3/2018,556,0.2,12/13/2024
443,CA-2018-135993,5/28/2018,595,0.1,12/13/2024
444,CA-2018-136280,11/29/2018,165,0.2,12/13/2024
445,CA-2018-136336,4/21/2018,197,0,12/13/2024
446,CA-2018-136399,12/16/2018,129,0.1,12/13/2024
447,CA-2018-136567,12/20/2018,611,0,12/13/2024
448,CA-2018-136644,6/16/2018,676,0,12/13/2024
449,CA-2018-136742,4/6/2018,309,0.7,12/13/2024
450,CA-2018-136861,9/5/2018,608,0.2,12/13/2024
451,CA-2018-137092,10/20/2018,473,0.32,12/13/2024
452,CA-2018-137274,3/29/2018,508,0.3,12/13/2024
453,CA-2018-137351,9/30/2018,198,0.2,12/13/2024
454,CA-2018-137575,8/6/2018,741,0,12/13/2024
455,CA-2018-137589,11/3/2018,540,0.2,12/13/2024
456,CA-2018-137911,10/9/2018,100,0.2,12/13/2024
457,CA-2018-138023,8/15/2018,431,0.8,12/13/2024
458,CA-2018-138072,12/30/2018,294,0.2,12/13/2024
459,CA-2018-138100,9/15/2018,1,0,12/13/2024
460,CA-2018-138128,12/9/2018,291,0.3,12/13/2024
461,CA-2018-138177,9/19/2018,560,0.5,12/13/2024
462,CA-2018-138198,7/18/2018,384,0.2,12/13/2024
463,CA-2018-138240,10/9/2018,697,0.1,12/13/2024
464,CA-2018-138296,12/5/2018,629,0,12/13/2024
465,CA-2018-138317,6/21/2018,578,0.37,12/13/2024
466,CA-2018-138359,4/1/2018,429,0,12/13/2024
467,CA-2018-138436,3/26/2018,350,0,12/13/2024
468,CA-2018-138450,10/18/2018,258,0.2,12/13/2024
469,CA-2018-138513,5/23/2018,260,0,12/13/2024
470,CA-2018-138527,9/12/2018,95,0.2,12/13/2024
471,CA-2018-138681,12/20/2018,183,0.2,12/13/2024
472,CA-2018-138709,7/4/2018,540,0,12/13/2024
473,CA-2018-138737,12/7/2018,291,0,12/13/2024
474,CA-2018-138940,4/11/2018,305,0.2,12/13/2024
475,CA-2018-139017,5/11/2018,649,0.2,12/13/2024
476,CA-2018-139192,5/27/2018,452,0.1,12/13/2024
477,CA-2018-139283,11/23/2018,113,0,12/13/2024
478,CA-2018-139423,11/1/2018,205,0,12/13/2024
479,CA-2018-139451,10/12/2018,228,0,12/13/2024
480,CA-2018-139542,10/25/2018,263,0.45,12/13/2024
481,CA-2018-139598,12/26/2018,505,0.2,12/13/2024
482,CA-2018-139633,12/17/2018,255,0.7,12/13/2024
483,CA-2018-139857,2/2/2018,142,0,12/13/2024
484,CA-2018-139892,9/8/2018,91,0.33,12/13/2024
485,CA-2018-140004,3/21/2018,126,0.2,12/13/2024
486,CA-2018-140032,9/8/2018,764,0.2,12/13/2024
487,CA-2018-140039,9/13/2018,580,0.2,12/13/2024
488,CA-2018-140165,5/13/2018,261,0.45,12/13/2024
489,CA-2018-140228,4/28/2018,295,0.2,12/13/2024
490,CA-2018-140396,11/20/2018,429,0.05,12/13/2024
491,CA-2018-140403,10/10/2018,756,0.1,12/13/2024
492,CA-2018-140473,5/30/2018,488,0.2,12/13/2024
493,CA-2018-140487,6/14/2018,712,0,12/13/2024
494,CA-2018-140662,11/17/2018,763,0,12/13/2024
495,CA-2018-140732,11/11/2018,483,0.07,12/13/2024
496,CA-2018-140795,2/1/2018,69,0,12/13/2024
497,CA-2018-140816,12/20/2018,744,0.2,12/13/2024
498,CA-2018-140858,6/28/2018,125,0.42,12/13/2024
499,CA-2018-140886,9/30/2018,447,0.2,12/13/2024
500,CA-2018-141005,8/15/2018,178,0,12/13/2024
501,CA-2018-141110,11/26/2018,474,0.1,12/13/2024
502,CA-2018-141152,9/16/2018,640,0.2,12/13/2024
503,CA-2018-141173,11/18/2018,348,0,12/13/2024
504,CA-2018-141278,6/21/2018,649,0,12/13/2024
505,CA-2018-141299,6/3/2018,628,0,12/13/2024
506,CA-2018-141313,12/28/2018,37,0,12/13/2024
507,CA-2018-141355,9/25/2018,80,0.2,12/13/2024
508,CA-2018-141607,12/12/2018,788,0,12/13/2024
509,CA-2018-141649,9/30/2018,224,0.2,12/13/2024
510,CA-2018-141726,7/20/2018,130,0.05,12/13/2024
511,CA-2018-141796,6/21/2018,366,0,12/13/2024
512,CA-2018-141817,1/5/2018,486,0.2,12/13/2024
513,CA-2018-141838,3/26/2018,211,0.13,12/13/2024
514,CA-2018-141901,8/9/2018,306,0,12/13/2024
515,CA-2018-142048,6/22/2018,357,0.2,12/13/2024
516,CA-2018-142314,12/23/2018,686,0,12/13/2024
517,CA-2018-142510,12/22/2018,574,0.4,12/13/2024
518,CA-2018-142587,10/21/2018,739,0.3,12/13/2024
519,CA-2018-142727,4/29/2018,322,0,12/13/2024
520,CA-2018-142769,9/13/2018,654,0,12/13/2024
521,CA-2018-142839,8/16/2018,768,0.4,12/13/2024
522,CA-2018-142951,10/8/2018,365,0.2,12/13/2024
523,CA-2018-142965,7/20/2018,725,0.45,12/13/2024
524,CA-2018-142979,4/12/2018,258,0,12/13/2024
525,CA-2018-143168,10/18/2018,336,0.1,12/13/2024
526,CA-2018-143182,10/15/2018,218,0.2,12/13/2024
527,CA-2018-143210,12/1/2018,4,0,12/13/2024
528,CA-2018-143336,8/27/2018,793,0.13,12/13/2024
529,CA-2018-143371,12/28/2018,496,0,12/13/2024
530,CA-2018-143385,8/31/2018,697,0,12/13/2024
531,CA-2018-143413,5/24/2018,654,0,12/13/2024
532,CA-2018-143637,3/24/2018,539,0,12/13/2024
533,CA-2018-143840,5/22/2018,263,0,12/13/2024
534,CA-2018-143903,7/20/2018,437,0.37,12/13/2024
535,CA-2018-143917,7/25/2018,435,0,12/13/2024
536,CA-2018-144029,5/26/2018,527,0.23,12/13/2024
537,CA-2018-144071,12/8/2018,208,0,12/13/2024
538,CA-2018-144281,6/10/2018,327,0,12/13/2024
539,CA-2018-144407,9/9/2018,537,0,12/13/2024
540,CA-2018-144414,6/17/2018,300,0.07,12/13/2024
541,CA-2018-144624,11/19/2018,395,0,12/13/2024
542,CA-2018-144666,11/9/2018,401,0.06,12/13/2024
543,CA-2018-144974,9/26/2018,164,0.37,12/13/2024
544,CA-2018-145212,9/13/2018,200,0,12/13/2024
545,CA-2018-145254,7/23/2018,557,0.1,12/13/2024
546,CA-2018-145317,3/18/2018,701,0.29,12/13/2024
547,CA-2018-145387,10/31/2018,42,0.04,12/13/2024
548,CA-2018-145541,12/14/2018,738,0,12/13/2024
549,CA-2018-145576,9/14/2018,125,0.2,12/13/2024
550,CA-2018-145800,5/30/2018,715,0.5,12/13/2024
551,CA-2018-145926,11/17/2018,533,0,12/13/2024
552,CA-2018-146283,9/8/2018,444,0.23,12/13/2024
553,CA-2018-146500,8/30/2018,60,0,12/13/2024
554,CA-2018-146528,7/25/2018,778,0,12/13/2024
555,CA-2018-146591,1/19/2018,764,0.45,12/13/2024
556,CA-2018-146640,6/30/2018,317,0.2,12/13/2024
557,CA-2018-146703,10/20/2018,604,0,12/13/2024
558,CA-2018-146731,11/3/2018,60,0.2,12/13/2024
559,CA-2018-146815,9/8/2018,607,0.05,12/13/2024
560,CA-2018-146843,11/30/2018,585,0.2,12/13/2024
561,CA-2018-146864,12/22/2018,115,0,12/13/2024
562,CA-2018-146885,5/30/2018,249,0,12/13/2024
563,CA-2018-146969,9/29/2018,45,0.04,12/13/2024
564,CA-2018-146990,11/7/2018,100,0,12/13/2024
565,CA-2018-146997,1/23/2018,690,0,12/13/2024
566,CA-2018-147235,3/24/2018,139,0,12/13/2024
567,CA-2018-147298,4/26/2018,20,0.2,12/13/2024
568,CA-2018-147543,7/6/2018,67,0.2,12/13/2024
569,CA-2018-147900,9/23/2018,380,0.2,12/13/2024
570,CA-2018-147914,6/4/2018,533,0.2,12/13/2024
571,CA-2018-148040,3/22/2018,85,0.2,12/13/2024
572,CA-2018-148285,10/27/2018,635,0.2,12/13/2024
573,CA-2018-148369,9/23/2018,751,0,12/13/2024
574,CA-2018-148383,12/27/2018,654,0.7,12/13/2024
575,CA-2018-148425,11/30/2018,640,0.7,12/13/2024
576,CA-2018-148488,12/10/2018,700,0.1,12/13/2024
577,CA-2018-148586,3/25/2018,64,0.1,12/13/2024
578,CA-2018-148614,1/20/2018,545,0,12/13/2024
579,CA-2018-148761,5/17/2018,582,0,12/13/2024
580,CA-2018-148782,11/2/2018,603,0.2,12/13/2024
581,CA-2018-148915,11/1/2018,559,0.2,12/13/2024
582,CA-2018-148950,12/14/2018,351,0.4,12/13/2024
583,CA-2018-149020,1/10/2018,37,0,12/13/2024
584,CA-2018-149055,11/23/2018,586,0.2,12/13/2024
585,CA-2018-149104,4/5/2018,636,0,12/13/2024
586,CA-2018-149244,11/4/2018,538,0,12/13/2024
587,CA-2018-149524,1/14/2018,107,0.5,12/13/2024
588,CA-2018-149538,4/4/2018,418,0,12/13/2024
589,CA-2018-149594,9/15/2018,502,0.2,12/13/2024
590,CA-2018-149643,11/16/2018,644,0,12/13/2024
591,CA-2018-149958,3/15/2018,56,0.4,12/13/2024
592,CA-2018-150203,12/5/2018,342,0,12/13/2024
593,CA-2018-150245,12/31/2018,587,0.2,12/13/2024
594,CA-2018-150301,7/8/2018,515,0.1,12/13/2024
595,CA-2018-150329,10/10/2018,683,0.2,12/13/2024
596,CA-2018-150490,8/5/2018,717,0,12/13/2024
597,CA-2018-150518,11/19/2018,547,0,12/13/2024
598,CA-2018-150581,4/8/2018,569,0.1,12/13/2024
599,CA-2018-150798,12/1/2018,381,0.28,12/13/2024
600,CA-2018-151001,4/5/2018,368,0.2,12/13/2024
601,CA-2018-151078,11/12/2018,642,0.2,12/13/2024
602,CA-2018-151162,12/5/2018,246,0.38,12/13/2024
603,CA-2018-151295,11/12/2018,340,0.1,12/13/2024
604,CA-2018-151330,10/14/2018,744,0,12/13/2024
605,CA-2018-151379,12/16/2018,678,0,12/13/2024
606,CA-2018-151554,11/14/2018,155,0.2,12/13/2024
607,CA-2018-151708,8/8/2018,485,0.2,12/13/2024
608,CA-2018-151792,9/2/2018,184,0.2,12/13/2024
609,CA-2018-151897,6/6/2018,786,0.2,12/13/2024
610,CA-2018-151946,6/4/2018,113,0.05,12/13/2024
611,CA-2018-151953,9/20/2018,197,0.2,12/13/2024
612,CA-2018-151967,10/22/2018,553,0,12/13/2024
613,CA-2018-151995,10/13/2018,792,0,12/13/2024
614,CA-2018-152100,5/11/2018,787,0.3,12/13/2024
615,CA-2018-152233,10/5/2018,431,0,12/13/2024
616,CA-2018-152254,6/30/2018,72,0.2,12/13/2024
617,CA-2018-152268,9/2/2018,670,0,12/13/2024
618,CA-2018-152296,8/1/2018,337,0.2,12/13/2024
619,CA-2018-152345,12/29/2018,719,0.1,12/13/2024
620,CA-2018-152422,10/5/2018,73,0.2,12/13/2024
621,CA-2018-152443,5/21/2018,283,0,12/13/2024
622,CA-2018-152562,11/1/2018,397,0,12/13/2024
623,CA-2018-152618,3/14/2018,624,0.25,12/13/2024
624,CA-2018-152849,7/5/2018,242,0.2,12/13/2024
625,CA-2018-152905,2/18/2018,5,0.2,12/13/2024
626,CA-2018-153087,12/27/2018,742,0,12/13/2024
627,CA-2018-153150,7/1/2018,223,0.2,12/13/2024
628,CA-2018-153479,10/4/2018,204,0.1,12/13/2024
629,CA-2018-153619,11/3/2018,746,0,12/13/2024
630,CA-2018-153808,4/6/2018,284,0.07,12/13/2024
631,CA-2018-153850,11/24/2018,750,0.3,12/13/2024
632,CA-2018-153913,12/16/2018,418,0.2,12/13/2024
633,CA-2018-153927,8/12/2018,465,0,12/13/2024
634,CA-2018-153969,9/21/2018,321,0.03,12/13/2024
635,CA-2018-153976,10/3/2018,104,0.3,12/13/2024
636,CA-2018-153983,11/29/2018,32,0.1,12/13/2024
637,CA-2018-154095,12/2/2018,580,0,12/13/2024
638,CA-2018-154158,12/23/2018,137,0.2,12/13/2024
639,CA-2018-154165,2/17/2018,220,0.2,12/13/2024
640,CA-2018-154186,12/13/2018,617,0.2,12/13/2024
641,CA-2018-154592,12/7/2018,261,0,12/13/2024
642,CA-2018-154599,4/12/2018,441,0.19,12/13/2024
643,CA-2018-154627,10/29/2018,664,0.2,12/13/2024
644,CA-2018-154641,8/11/2018,435,0,12/13/2024
645,CA-2018-154669,8/8/2018,754,0,12/13/2024
646,CA-2018-154781,11/21/2018,677,0,12/13/2024
647,CA-2018-154837,8/23/2018,626,0.2,12/13/2024
648,CA-2018-154893,12/21/2018,304,0.2,12/13/2024
649,CA-2018-154963,6/22/2018,4,0.33,12/13/2024
650,CA-2018-155208,4/16/2018,709,0.2,12/13/2024
651,CA-2018-155264,10/19/2018,653,0.12,12/13/2024
652,CA-2018-155271,5/4/2018,3,0,12/13/2024
653,CA-2018-155390,12/6/2018,86,0.2,12/13/2024
654,CA-2018-155593,11/3/2018,654,0,12/13/2024
655,CA-2018-155796,11/11/2018,766,0.35,12/13/2024
656,CA-2018-155852,3/3/2018,39,0.2,12/13/2024
657,CA-2018-155887,5/12/2018,445,0.3,12/13/2024
658,CA-2018-156006,4/30/2018,754,0,12/13/2024
659,CA-2018-156160,9/22/2018,53,0.08,12/13/2024
660,CA-2018-156244,8/12/2018,207,0.2,12/13/2024
661,CA-2018-156314,12/24/2018,654,0.2,12/13/2024
662,CA-2018-156342,6/17/2018,362,0.2,12/13/2024
663,CA-2018-156349,5/26/2018,520,0.18,12/13/2024
664,CA-2018-156433,9/20/2018,278,0,12/13/2024
665,CA-2018-156545,2/27/2018,410,0.2,12/13/2024
666,CA-2018-156587,3/7/2018,5,0.07,12/13/2024
667,CA-2018-156594,12/20/2018,493,0.1,12/13/2024
668,CA-2018-156601,9/19/2018,280,0,12/13/2024
669,CA-2018-156790,8/8/2018,779,0.2,12/13/2024
670,CA-2018-156993,6/28/2018,662,0,12/13/2024
671,CA-2018-157147,1/13/2018,71,0.05,12/13/2024
672,CA-2018-157546,7/20/2018,634,0.1,12/13/2024
673,CA-2018-157609,3/16/2018,442,0.2,12/13/2024
674,CA-2018-157623,3/14/2018,216,0,12/13/2024
675,CA-2018-157644,12/31/2018,28,0,12/13/2024
676,CA-2018-157721,9/2/2018,396,0,12/13/2024
677,CA-2018-157784,7/5/2018,493,0,12/13/2024
678,CA-2018-157882,10/3/2018,47,0.2,12/13/2024
679,CA-2018-157924,10/11/2018,318,0.1,12/13/2024
680,CA-2018-158029,5/26/2018,321,0.2,12/13/2024
681,CA-2018-158064,4/21/2018,2,0.2,12/13/2024
682,CA-2018-158225,9/22/2018,684,0,12/13/2024
683,CA-2018-158274,11/19/2018,650,0,12/13/2024
684,CA-2018-158281,9/2/2018,24,0.4,12/13/2024
685,CA-2018-158337,3/11/2018,414,0,12/13/2024
686,CA-2018-158372,11/10/2018,636,0.03,12/13/2024
687,CA-2018-158442,3/17/2018,64,0.2,12/13/2024
688,CA-2018-158470,4/19/2018,22,0,12/13/2024
689,CA-2018-158540,11/24/2018,779,0,12/13/2024
690,CA-2018-158771,5/9/2018,667,0,12/13/2024
691,CA-2018-159121,7/26/2018,397,0,12/13/2024
692,CA-2018-159184,9/14/2018,347,0,12/13/2024
693,CA-2018-159310,11/7/2018,679,0.43,12/13/2024
694,CA-2018-159338,6/25/2018,577,0.2,12/13/2024
695,CA-2018-159478,9/30/2018,514,0,12/13/2024
696,CA-2018-159520,6/6/2018,311,0.2,12/13/2024
697,CA-2018-159625,11/23/2018,700,0.2,12/13/2024
698,CA-2018-159681,12/7/2018,603,0,12/13/2024
699,CA-2018-159709,5/10/2018,36,0.1,12/13/2024
700,CA-2018-159800,11/28/2018,689,0,12/13/2024
701,CA-2018-159814,6/24/2018,468,0.2,12/13/2024
702,CA-2018-159835,11/17/2018,621,0.25,12/13/2024
703,CA-2018-159849,9/19/2018,380,0,12/13/2024
704,CA-2018-160066,11/16/2018,29,0,12/13/2024
705,CA-2018-160094,4/30/2018,396,0,12/13/2024
706,CA-2018-160157,12/20/2018,512,0.2,12/13/2024
707,CA-2018-160262,6/9/2018,763,0,12/13/2024
708,CA-2018-160276,4/2/2018,35,0,12/13/2024
709,CA-2018-160738,5/5/2018,429,0.2,12/13/2024
710,CA-2018-160766,9/14/2018,225,0.06,12/13/2024
711,CA-2018-160773,7/1/2018,479,0.45,12/13/2024
712,CA-2018-161032,11/18/2018,518,0,12/13/2024
713,CA-2018-161249,8/9/2018,634,0.45,12/13/2024
714,CA-2018-161508,7/12/2018,613,0.22,12/13/2024
715,CA-2018-161634,11/14/2018,131,0,12/13/2024
716,CA-2018-162089,3/30/2018,533,0.23,12/13/2024
717,CA-2018-162278,10/26/2018,34,0.1,12/13/2024
718,CA-2018-162362,11/14/2018,387,0,12/13/2024
719,CA-2018-162684,8/1/2018,58,0.2,12/13/2024
720,CA-2018-162775,1/13/2018,177,0,12/13/2024
721,CA-2018-162866,12/27/2018,165,0.4,12/13/2024
722,CA-2018-162992,12/19/2018,100,0.1,12/13/2024
723,CA-2018-163013,11/28/2018,82,0,12/13/2024
724,CA-2018-163034,11/24/2018,213,0.2,12/13/2024
725,CA-2018-163223,3/21/2018,433,0,12/13/2024
726,CA-2018-163293,9/8/2018,420,0,12/13/2024
727,CA-2018-163412,12/20/2018,703,0.1,12/13/2024
728,CA-2018-163419,11/11/2018,775,0.2,12/13/2024
729,CA-2018-163447,12/27/2018,734,0.1,12/13/2024
730,CA-2018-163468,11/18/2018,381,0.48,12/13/2024
731,CA-2018-163552,7/11/2018,448,0,12/13/2024
732,CA-2018-163559,9/23/2018,719,0.2,12/13/2024
733,CA-2018-163650,9/23/2018,771,0,12/13/2024
734,CA-2018-163748,10/14/2018,324,0.5,12/13/2024
735,CA-2018-163867,6/3/2018,639,0.33,12/13/2024
736,CA-2018-164182,7/14/2018,719,0.3,12/13/2024
737,CA-2018-164210,11/18/2018,615,0.35,12/13/2024
738,CA-2018-164224,5/18/2018,770,0.2,12/13/2024
739,CA-2018-164259,12/28/2018,710,0.2,12/13/2024
740,CA-2018-164315,4/2/2018,632,0,12/13/2024
741,CA-2018-164385,9/26/2018,553,0.2,12/13/2024
742,CA-2018-164469,6/25/2018,303,0.2,12/13/2024
743,CA-2018-164721,11/25/2018,479,0,12/13/2024
744,CA-2018-164742,10/13/2018,520,0,12/13/2024
745,CA-2018-164749,3/23/2018,88,0.2,12/13/2024
746,CA-2018-164861,12/3/2018,492,0,12/13/2024
747,CA-2018-164903,2/20/2018,713,0,12/13/2024
748,CA-2018-164910,11/12/2018,226,0.2,12/13/2024
749,CA-2018-164973,11/4/2018,569,0.02,12/13/2024
750,CA-2018-165309,11/11/2018,423,0.37,12/13/2024
751,CA-2018-165379,7/9/2018,93,0.2,12/13/2024
752,CA-2018-165393,12/27/2018,556,0.8,12/13/2024
753,CA-2018-165428,9/1/2018,384,0.5,12/13/2024
754,CA-2018-165477,12/29/2018,638,0.2,12/13/2024
755,CA-2018-165540,2/21/2018,754,0.8,12/13/2024
756,CA-2018-165568,2/15/2018,81,0.2,12/13/2024
757,CA-2018-165764,11/3/2018,693,0.38,12/13/2024
758,CA-2018-165806,4/7/2018,781,0,12/13/2024
759,CA-2018-165974,6/29/2018,218,0.2,12/13/2024
760,CA-2018-166051,5/31/2018,379,0,12/13/2024
761,CA-2018-166086,5/7/2018,183,0.07,12/13/2024
762,CA-2018-166191,12/5/2018,215,0.2,12/13/2024
763,CA-2018-166457,5/5/2018,589,0,12/13/2024
764,CA-2018-166471,8/9/2018,503,0.2,12/13/2024
765,CA-2018-166555,7/11/2018,376,0,12/13/2024
766,CA-2018-166590,10/29/2018,558,0,12/13/2024
767,CA-2018-166716,8/20/2018,170,0.3,12/13/2024
768,CA-2018-166730,12/30/2018,202,0.2,12/13/2024
769,CA-2018-166744,9/20/2018,228,0,12/13/2024
770,CA-2018-166863,6/20/2018,668,0.33,12/13/2024
771,CA-2018-166884,3/11/2018,148,0.2,12/13/2024
772,CA-2018-166891,10/4/2018,131,0.1,12/13/2024
773,CA-2018-166954,4/25/2018,111,0.07,12/13/2024
774,CA-2018-166961,12/27/2018,142,0.05,12/13/2024
775,CA-2018-166989,11/14/2018,650,0.05,12/13/2024
776,CA-2018-167164,5/13/2018,19,0,12/13/2024
777,CA-2018-167199,1/6/2018,498,0,12/13/2024
778,CA-2018-167360,11/24/2018,623,0,12/13/2024
779,CA-2018-167486,11/27/2018,397,0,12/13/2024
780,CA-2018-167724,4/13/2018,83,0,12/13/2024
781,CA-2018-167850,8/9/2018,24,0.2,12/13/2024
782,CA-2018-167927,1/20/2018,789,0.01,12/13/2024
783,CA-2018-167997,1/26/2018,121,0,12/13/2024
784,CA-2018-168130,9/19/2018,105,0.1,12/13/2024
785,CA-2018-168158,7/19/2018,273,0.2,12/13/2024
786,CA-2018-168305,11/1/2018,599,0,12/13/2024
787,CA-2018-168312,3/1/2018,314,0.25,12/13/2024
788,CA-2018-168368,2/11/2018,294,0,12/13/2024
789,CA-2018-168473,12/26/2018,739,0,12/13/2024
790,CA-2018-168494,12/12/2018,574,0.18,12/13/2024
791,CA-2018-168592,9/8/2018,235,0,12/13/2024
792,CA-2018-168823,9/21/2018,483,0.2,12/13/2024
793,CA-2018-168984,11/26/2018,578,0.2,12/13/2024
794,CA-2018-169019,7/26/2018,460,0.67,12/13/2024
795,CA-2018-169033,3/30/2018,439,0,12/13/2024
796,CA-2018-169061,3/5/2018,8,0.04,12/13/2024
797,CA-2018-169257,6/6/2018,722,0.45,12/13/2024
798,CA-2018-169446,12/19/2018,690,0.2,12/13/2024
799,CA-2018-169460,4/19/2018,563,0,12/13/2024
800,CA-2018-169642,7/27/2018,65,0,12/13/2024
801,CA-2018-169649,12/9/2018,763,0.5,12/13/2024
802,CA-2018-169684,10/20/2018,286,0.3,12/13/2024
803,CA-2018-169726,8/9/2018,372,0.2,12/13/2024
804,CA-2018-169775,8/29/2018,620,0.45,12/13/2024
805,CA-2018-169803,4/6/2018,672,0,12/13/2024
806,CA-2018-169852,10/21/2018,687,0.2,12/13/2024
807,CA-2019-100146,5/14/2019,128,0.14,12/13/2024
808,CA-2019-100216,4/13/2019,326,0.2,12/13/2024
809,CA-2019-100251,5/17/2019,241,0,12/13/2024
810,CA-2019-100454,11/20/2019,93,0.07,12/13/2024
811,CA-2019-100545,11/22/2019,339,0.7,12/13/2024
812,CA-2019-100573,9/25/2019,42,0,12/13/2024
813,CA-2019-100657,11/2/2019,725,0.1,12/13/2024
814,CA-2019-100685,12/19/2019,703,0,12/13/2024
815,CA-2019-100734,9/15/2019,14,0.45,12/13/2024
816,CA-2019-100769,5/16/2019,753,0.2,12/13/2024
817,CA-2019-100818,5/31/2019,391,0.45,12/13/2024
818,CA-2019-100888,4/6/2019,512,0.2,12/13/2024
819,CA-2019-101000,4/9/2019,336,0,12/13/2024
820,CA-2019-101007,2/9/2019,542,0.2,12/13/2024
821,CA-2019-101091,12/5/2019,725,0.45,12/13/2024
822,CA-2019-101126,2/10/2019,554,0.2,12/13/2024
823,CA-2019-101154,9/18/2019,159,0,12/13/2024
824,CA-2019-101707,8/27/2019,590,0,12/13/2024
825,CA-2019-101868,6/9/2019,517,0.53,12/13/2024
826,CA-2019-101889,12/27/2019,192,0.3,12/13/2024
827,CA-2019-101910,11/27/2019,139,0.2,12/13/2024
828,CA-2019-101924,9/4/2019,418,0.7,12/13/2024
829,CA-2019-102016,9/12/2019,754,0,12/13/2024
830,CA-2019-102036,9/21/2019,175,0,12/13/2024
831,CA-2019-102260,9/22/2019,695,0.3,12/13/2024
832,CA-2019-102281,10/12/2019,533,0.08,12/13/2024
833,CA-2019-102316,3/1/2019,206,0.2,12/13/2024
834,CA-2019-102491,8/24/2019,446,0,12/13/2024
835,CA-2019-102582,9/15/2019,578,0,12/13/2024
836,CA-2019-102722,4/18/2019,447,0,12/13/2024
837,CA-2019-102778,11/21/2019,370,0.2,12/13/2024
838,CA-2019-102806,5/21/2019,323,0.7,12/13/2024
839,CA-2019-102848,11/7/2019,415,0.2,12/13/2024
840,CA-2019-102855,4/5/2019,362,0,12/13/2024
841,CA-2019-102876,9/7/2019,471,0.6,12/13/2024
842,CA-2019-103072,9/27/2019,334,0,12/13/2024
843,CA-2019-103093,2/3/2019,290,0,12/13/2024
844,CA-2019-103135,7/24/2019,716,0,12/13/2024
845,CA-2019-103177,5/30/2019,275,0,12/13/2024
846,CA-2019-103205,12/8/2019,375,0.2,12/13/2024
847,CA-2019-103716,4/30/2019,418,0.1,12/13/2024
848,CA-2019-103723,12/1/2019,111,0,12/13/2024
849,CA-2019-103772,6/28/2019,533,0,12/13/2024
850,CA-2019-103793,3/26/2019,117,0.2,12/13/2024
851,CA-2019-103835,9/24/2019,675,0,12/13/2024
852,CA-2019-103870,12/27/2019,710,0.2,12/13/2024
853,CA-2019-103933,9/25/2019,236,0,12/13/2024
854,CA-2019-103954,8/9/2019,332,0,12/13/2024
855,CA-2019-103961,11/5/2019,565,0.2,12/13/2024
856,CA-2019-104038,2/6/2019,467,0,12/13/2024
857,CA-2019-104052,3/1/2019,759,0.2,12/13/2024
858,CA-2019-104059,6/13/2019,281,0.2,12/13/2024
859,CA-2019-104115,6/12/2019,371,0.2,12/13/2024
860,CA-2019-104129,2/27/2019,279,0.15,12/13/2024
861,CA-2019-104241,1/4/2019,23,0,12/13/2024
862,CA-2019-104297,5/29/2019,129,0.2,12/13/2024
863,CA-2019-104346,12/11/2019,339,0.29,12/13/2024
864,CA-2019-104486,5/1/2019,603,0.07,12/13/2024
865,CA-2019-104493,10/2/2019,247,0.2,12/13/2024
866,CA-2019-104514,1/2/2019,128,0,12/13/2024
867,CA-2019-104626,9/1/2019,237,0,12/13/2024
868,CA-2019-104871,3/30/2019,237,0.3,12/13/2024
869,CA-2019-104941,6/13/2019,206,0,12/13/2024
870,CA-2019-104948,11/13/2019,431,0.12,12/13/2024
871,CA-2019-105102,9/15/2019,92,0.13,12/13/2024
872,CA-2019-105158,9/5/2019,710,0,12/13/2024
873,CA-2019-105221,11/1/2019,781,0.2,12/13/2024
874,CA-2019-105312,11/6/2019,543,0.45,12/13/2024
875,CA-2019-105347,11/24/2019,231,0,12/13/2024
876,CA-2019-105361,3/29/2019,157,0,12/13/2024
877,CA-2019-105508,9/24/2019,359,0,12/13/2024
878,CA-2019-105571,11/7/2019,167,0.7,12/13/2024
879,CA-2019-105599,9/7/2019,487,0.2,12/13/2024
880,CA-2019-105613,10/18/2019,442,0.5,12/13/2024
881,CA-2019-105627,3/8/2019,212,0,12/13/2024
882,CA-2019-105634,11/8/2019,317,0,12/13/2024
883,CA-2019-105690,11/21/2019,121,0.24,12/13/2024
884,CA-2019-105725,2/18/2019,313,0.1,12/13/2024
885,CA-2019-105844,10/25/2019,362,0,12/13/2024
886,CA-2019-105970,3/2/2019,582,0,12/13/2024
887,CA-2019-106187,6/23/2019,640,0,12/13/2024
888,CA-2019-106208,12/10/2019,413,0.8,12/13/2024
889,CA-2019-106215,4/16/2019,95,0.2,12/13/2024
890,CA-2019-106257,4/13/2019,253,0.2,12/13/2024
891,CA-2019-106320,9/25/2019,250,0,12/13/2024
892,CA-2019-106362,12/11/2019,452,0.7,12/13/2024
893,CA-2019-106565,3/20/2019,119,0,12/13/2024
894,CA-2019-106978,9/28/2019,792,0.37,12/13/2024
895,CA-2019-107020,7/10/2019,546,0.2,12/13/2024
896,CA-2019-107083,11/21/2019,66,0.65,12/13/2024
897,CA-2019-107468,12/18/2019,518,0.2,12/13/2024
898,CA-2019-107678,4/21/2019,382,0,12/13/2024
899,CA-2019-107685,11/30/2019,395,0,12/13/2024
900,CA-2019-107741,3/8/2019,282,0.2,12/13/2024
901,CA-2019-107902,8/28/2019,703,0,12/13/2024
902,CA-2019-107937,5/3/2019,344,0,12/13/2024
903,CA-2019-108119,11/1/2019,538,0,12/13/2024
904,CA-2019-108259,11/8/2019,577,0.33,12/13/2024
905,CA-2019-108532,8/29/2019,129,0,12/13/2024
906,CA-2019-108588,1/5/2019,87,0.07,12/13/2024
907,CA-2019-108665,7/6/2019,436,0,12/13/2024
908,CA-2019-108672,9/10/2019,280,0,12/13/2024
909,CA-2019-109001,3/5/2019,440,0.43,12/13/2024
910,CA-2019-109113,12/19/2019,266,0.2,12/13/2024
911,CA-2019-109169,4/20/2019,581,0,12/13/2024
912,CA-2019-109190,10/23/2019,138,0.4,12/13/2024
913,CA-2019-109197,12/31/2019,398,0.2,12/13/2024
914,CA-2019-109337,11/21/2019,221,0,12/13/2024
915,CA-2019-109386,11/8/2019,646,0,12/13/2024
916,CA-2019-109470,12/31/2019,420,0,12/13/2024
917,CA-2019-109512,3/5/2019,460,0.03,12/13/2024
918,CA-2019-109575,9/18/2019,432,0,12/13/2024
919,CA-2019-109603,1/26/2019,269,0,12/13/2024
920,CA-2019-109638,12/15/2019,372,0.07,12/13/2024
921,CA-2019-109708,5/25/2019,187,0.2,12/13/2024
922,CA-2019-109736,10/10/2019,208,0,12/13/2024
923,CA-2019-109862,10/25/2019,327,0,12/13/2024
924,CA-2019-109939,5/8/2019,2,0.2,12/13/2024
925,CA-2019-110016,11/29/2019,112,0,12/13/2024
926,CA-2019-110093,12/3/2019,10,0.2,12/13/2024
927,CA-2019-110247,12/4/2019,645,0.7,12/13/2024
928,CA-2019-110289,10/29/2019,554,0,12/13/2024
929,CA-2019-110324,12/1/2019,483,0,12/13/2024
930,CA-2019-110345,3/9/2019,748,0.2,12/13/2024
931,CA-2019-110457,3/2/2019,214,0,12/13/2024
932,CA-2019-110548,5/4/2019,35,0.2,12/13/2024
933,CA-2019-110632,3/17/2019,333,0,12/13/2024
934,CA-2019-110667,4/4/2019,563,0.1,12/13/2024
935,CA-2019-110744,9/7/2019,318,0,12/13/2024
936,CA-2019-110765,10/16/2019,534,0,12/13/2024
937,CA-2019-110814,12/5/2019,73,0.1,12/13/2024
938,CA-2019-110863,11/17/2019,4,0,12/13/2024
939,CA-2019-110870,12/12/2019,423,0,12/13/2024
940,CA-2019-110877,10/23/2019,356,0.2,12/13/2024
941,CA-2019-110891,11/20/2019,606,0.3,12/13/2024
942,CA-2019-110947,6/9/2019,26,0,12/13/2024
943,CA-2019-111017,7/31/2019,678,0,12/13/2024
944,CA-2019-111038,12/1/2019,454,0.2,12/13/2024
945,CA-2019-111073,12/26/2019,494,0.4,12/13/2024
946,CA-2019-111094,7/9/2019,128,0,12/13/2024
947,CA-2019-111164,4/11/2019,684,0,12/13/2024
948,CA-2019-111199,11/13/2019,381,0.2,12/13/2024
949,CA-2019-111206,7/18/2019,641,0,12/13/2024
950,CA-2019-111234,2/18/2019,11,0,12/13/2024
951,CA-2019-111297,8/17/2019,675,0,12/13/2024
952,CA-2019-111325,2/27/2019,112,0.45,12/13/2024
953,CA-2019-111339,5/29/2019,784,0.23,12/13/2024
954,CA-2019-111395,11/23/2019,776,0.4,12/13/2024
955,CA-2019-111458,9/26/2019,590,0,12/13/2024
956,CA-2019-111507,2/6/2019,787,0,12/13/2024
957,CA-2019-111514,8/31/2019,672,0.14,12/13/2024
958,CA-2019-111612,11/28/2019,253,0.2,12/13/2024
959,CA-2019-111703,7/2/2019,416,0.2,12/13/2024
960,CA-2019-111780,12/25/2019,617,0.07,12/13/2024
961,CA-2019-111829,3/19/2019,286,0,12/13/2024
962,CA-2019-111864,6/19/2019,607,0.2,12/13/2024
963,CA-2019-111948,11/11/2019,23,0.05,12/13/2024
964,CA-2019-111990,11/8/2019,199,0.8,12/13/2024
965,CA-2019-112014,8/13/2019,580,0,12/13/2024
966,CA-2019-112053,10/11/2019,693,0,12/13/2024
967,CA-2019-112116,3/16/2019,354,0,12/13/2024
968,CA-2019-112130,5/3/2019,722,0.21,12/13/2024
969,CA-2019-112144,6/28/2019,187,0.2,12/13/2024
970,CA-2019-112214,8/5/2019,35,0.45,12/13/2024
971,CA-2019-112305,11/20/2019,417,0,12/13/2024
972,CA-2019-112319,8/31/2019,48,0,12/13/2024
973,CA-2019-112375,12/21/2019,634,0.2,12/13/2024
974,CA-2019-112452,4/4/2019,555,0.02,12/13/2024
975,CA-2019-112522,10/10/2019,233,0.2,12/13/2024
976,CA-2019-112557,4/25/2019,389,0,12/13/2024
977,CA-2019-112571,9/22/2019,219,0,12/13/2024
978,CA-2019-112711,7/12/2019,289,0.2,12/13/2024
979,CA-2019-112767,8/2/2019,213,0.5,12/13/2024
980,CA-2019-112823,12/10/2019,620,0.2,12/13/2024
981,CA-2019-113040,8/27/2019,129,0.2,12/13/2024
982,CA-2019-113110,3/19/2019,90,0.05,12/13/2024
983,CA-2019-113131,9/24/2019,485,0.3,12/13/2024
984,CA-2019-113145,11/1/2019,777,0,12/13/2024
985,CA-2019-113152,12/25/2019,379,0.1,12/13/2024
986,CA-2019-113173,11/15/2019,216,0.4,12/13/2024
987,CA-2019-113215,9/3/2019,166,0.2,12/13/2024
988,CA-2019-113222,11/9/2019,26,0,12/13/2024
989,CA-2019-113404,7/16/2019,268,0.2,12/13/2024
990,CA-2019-113523,9/4/2019,675,0.7,12/13/2024
991,CA-2019-113628,11/12/2019,35,0.37,12/13/2024
992,CA-2019-113740,8/24/2019,674,0,12/13/2024
993,CA-2019-113901,10/19/2019,566,0,12/13/2024
994,CA-2019-113971,5/8/2019,128,0.2,12/13/2024
995,CA-2019-114048,12/14/2019,259,0,12/13/2024
996,CA-2019-114069,7/13/2019,559,0.1,12/13/2024
997,CA-2019-114237,3/13/2019,487,0,12/13/2024
998,CA-2019-114300,10/13/2019,18,0,12/13/2024
999,CA-2019-114468,8/23/2019,747,0.35,12/13/2024
1000,CA-2019-114503,11/13/2019,2,0.2,12/13/2024
1001,CA-2019-114811,11/8/2019,425,0.02,12/13/2024
1002,CA-2019-114923,2/8/2019,463,0.4,12/13/2024
1003,CA-2019-115091,10/5/2019,375,0,12/13/2024
1004,CA-2019-115168,6/5/2019,66,0,12/13/2024
1005,CA-2019-115392,10/1/2019,650,0,12/13/2024
1006,CA-2019-115399,12/19/2019,27,0.2,12/13/2024
1007,CA-2019-115420,4/25/2019,472,0,12/13/2024
1008,CA-2019-115511,11/21/2019,578,0.1,12/13/2024
1009,CA-2019-115567,9/13/2019,792,0,12/13/2024
1010,CA-2019-115693,12/10/2019,281,0,12/13/2024
1011,CA-2019-115742,4/18/2019,231,0,12/13/2024
1012,CA-2019-115798,11/13/2019,435,0,12/13/2024
1013,CA-2019-115847,9/19/2019,746,0,12/13/2024
1014,CA-2019-115924,9/14/2019,78,0,12/13/2024
1015,CA-2019-115938,6/26/2019,664,0,12/13/2024
1016,CA-2019-115945,6/25/2019,9,0.07,12/13/2024
1017,CA-2019-116092,2/15/2019,396,0.08,12/13/2024
1018,CA-2019-116260,7/6/2019,79,0,12/13/2024
1019,CA-2019-116484,11/20/2019,376,0.2,12/13/2024
1020,CA-2019-116512,4/9/2019,494,0,12/13/2024
1021,CA-2019-116638,1/28/2019,372,0.4,12/13/2024
1022,CA-2019-116687,5/2/2019,558,0.2,12/13/2024
1023,CA-2019-116750,7/5/2019,79,0.45,12/13/2024
1024,CA-2019-116841,4/14/2019,757,0.2,12/13/2024
1025,CA-2019-116876,2/14/2019,770,0.1,12/13/2024
1026,CA-2019-117086,11/8/2019,616,0,12/13/2024
1027,CA-2019-117415,12/27/2019,705,0.26,12/13/2024
1028,CA-2019-117611,11/8/2019,551,0,12/13/2024
1029,CA-2019-117772,9/10/2019,489,0,12/13/2024
1030,CA-2019-117800,9/21/2019,753,0,12/13/2024
1031,CA-2019-117828,12/23/2019,69,0,12/13/2024
1032,CA-2019-117884,3/22/2019,201,0.2,12/13/2024
1033,CA-2019-117898,12/5/2019,735,0.2,12/13/2024
1034,CA-2019-117961,11/26/2019,309,0,12/13/2024
1035,CA-2019-118227,4/24/2019,194,0,12/13/2024
1036,CA-2019-118423,3/24/2019,235,0.3,12/13/2024
1037,CA-2019-118444,11/5/2019,777,0.2,12/13/2024
1038,CA-2019-118738,10/24/2019,23,0.23,12/13/2024
1039,CA-2019-118843,9/13/2019,371,0,12/13/2024
1040,CA-2019-118871,12/4/2019,329,0.07,12/13/2024
1041,CA-2019-118948,5/28/2019,567,0,12/13/2024
1042,CA-2019-118955,6/16/2019,475,0.23,12/13/2024
1043,CA-2019-119102,5/23/2019,433,0,12/13/2024
1044,CA-2019-119214,1/23/2019,186,0,12/13/2024
1045,CA-2019-119291,5/14/2019,399,0.34,12/13/2024
1046,CA-2019-119480,1/9/2019,138,0,12/13/2024
1047,CA-2019-119508,12/4/2019,775,0,12/13/2024
1048,CA-2019-119550,12/26/2019,627,0.3,12/13/2024
1049,CA-2019-119592,12/14/2019,528,0,12/13/2024
1050,CA-2019-119627,8/17/2019,679,0.2,12/13/2024
1051,CA-2019-119634,8/11/2019,118,0.2,12/13/2024
1052,CA-2019-119690,6/25/2019,545,0.45,12/13/2024
1053,CA-2019-119697,12/28/2019,270,0.2,12/13/2024
1054,CA-2019-119879,11/21/2019,715,0.4,12/13/2024
1055,CA-2019-119907,12/1/2019,456,0.2,12/13/2024
1056,CA-2019-119942,4/5/2019,770,0.2,12/13/2024
1057,CA-2019-120103,12/24/2019,537,0.2,12/13/2024
1058,CA-2019-120320,3/5/2019,546,0.2,12/13/2024
1059,CA-2019-120341,9/26/2019,686,0.55,12/13/2024
1060,CA-2019-120362,9/14/2019,123,0,12/13/2024
1061,CA-2019-120397,7/2/2019,623,0.8,12/13/2024
1062,CA-2019-120439,6/14/2019,16,0.2,12/13/2024
1063,CA-2019-120446,11/16/2019,368,0,12/13/2024
1064,CA-2019-120516,8/13/2019,150,0,12/13/2024
1065,CA-2019-120551,4/13/2019,717,0,12/13/2024
1066,CA-2019-120621,3/21/2019,413,0.37,12/13/2024
1067,CA-2019-120677,5/31/2019,68,0,12/13/2024
1068,CA-2019-120782,4/28/2019,683,0.05,12/13/2024
1069,CA-2019-120810,7/23/2019,753,0,12/13/2024
1070,CA-2019-120845,9/25/2019,520,0.57,12/13/2024
1071,CA-2019-120880,5/29/2019,389,0.07,12/13/2024
1072,CA-2019-120901,12/31/2019,86,0.2,12/13/2024
1073,CA-2019-120915,9/28/2019,374,0,12/13/2024
1074,CA-2019-121041,11/3/2019,177,0.2,12/13/2024
1075,CA-2019-121097,1/3/2019,687,0.2,12/13/2024
1076,CA-2019-121132,7/17/2019,776,0.2,12/13/2024
1077,CA-2019-121188,8/28/2019,126,0.09,12/13/2024
1078,CA-2019-121272,3/29/2019,229,0,12/13/2024
1079,CA-2019-121391,10/4/2019,1,0,12/13/2024
1080,CA-2019-121405,3/30/2019,282,0.2,12/13/2024
1081,CA-2019-121552,3/22/2019,292,0,12/13/2024
1082,CA-2019-121608,9/3/2019,341,0,12/13/2024
1083,CA-2019-121650,12/10/2019,425,0,12/13/2024
1084,CA-2019-121699,8/10/2019,68,0,12/13/2024
1085,CA-2019-121720,6/11/2019,355,0.33,12/13/2024
1086,CA-2019-121776,2/16/2019,632,0,12/13/2024
1087,CA-2019-121783,11/10/2019,605,0,12/13/2024
1088,CA-2019-121797,1/30/2019,130,0.1,12/13/2024
1089,CA-2019-121965,6/19/2019,464,0,12/13/2024
1090,CA-2019-122168,8/21/2019,323,0,12/13/2024
1091,CA-2019-122210,11/30/2019,788,0.43,12/13/2024
1092,CA-2019-122259,10/31/2019,331,0,12/13/2024
1093,CA-2019-122266,4/26/2019,664,0.33,12/13/2024
1094,CA-2019-122287,6/18/2019,704,0.45,12/13/2024
1095,CA-2019-122371,9/26/2019,110,0,12/13/2024
1096,CA-2019-122406,8/2/2019,78,0,12/13/2024
1097,CA-2019-122623,9/7/2019,130,0.3,12/13/2024
1098,CA-2019-122756,12/3/2019,216,0.45,12/13/2024
1099,CA-2019-122826,6/23/2019,631,0.2,12/13/2024
1100,CA-2019-122973,7/18/2019,596,0.07,12/13/2024
1101,CA-2019-123092,12/3/2019,365,0.32,12/13/2024
1102,CA-2019-123113,11/23/2019,60,0,12/13/2024
1103,CA-2019-123141,11/14/2019,315,0.2,12/13/2024
1104,CA-2019-123155,3/9/2019,577,0.2,12/13/2024
1105,CA-2019-123232,12/14/2019,210,0.2,12/13/2024
1106,CA-2019-123330,6/21/2019,276,0.2,12/13/2024
1107,CA-2019-123456,7/9/2019,441,0.8,12/13/2024
1108,CA-2019-123505,11/22/2019,49,0,12/13/2024
1109,CA-2019-123568,11/8/2019,670,0.05,12/13/2024
1110,CA-2019-123673,10/30/2019,145,0,12/13/2024
1111,CA-2019-123939,8/24/2019,539,0.27,12/13/2024
1112,CA-2019-124044,7/23/2019,541,0.2,12/13/2024
1113,CA-2019-124058,11/20/2019,452,0.2,12/13/2024
1114,CA-2019-124107,10/9/2019,93,0.03,12/13/2024
1115,CA-2019-124268,7/4/2019,16,0,12/13/2024
1116,CA-2019-124450,4/27/2019,312,0,12/13/2024
1117,CA-2019-124499,10/9/2019,289,0.05,12/13/2024
1118,CA-2019-124541,4/6/2019,771,0.44,12/13/2024
1119,CA-2019-124653,12/24/2019,192,0,12/13/2024
1120,CA-2019-124800,9/26/2019,661,0.34,12/13/2024
1121,CA-2019-124891,7/31/2019,643,0.13,12/13/2024
1122,CA-2019-124919,5/31/2019,709,0,12/13/2024
1123,CA-2019-124933,12/26/2019,204,0,12/13/2024
1124,CA-2019-124975,6/22/2019,506,0.5,12/13/2024
1125,CA-2019-125066,12/14/2019,425,0,12/13/2024
1126,CA-2019-125178,10/3/2019,552,0.2,12/13/2024
1127,CA-2019-125185,3/5/2019,31,0.25,12/13/2024
1128,CA-2019-125234,11/27/2019,705,0,12/13/2024
1129,CA-2019-125395,6/26/2019,448,0,12/13/2024
1130,CA-2019-125416,11/2/2019,421,0,12/13/2024
1131,CA-2019-125423,12/13/2019,489,0,12/13/2024
1132,CA-2019-125563,4/11/2019,608,0.2,12/13/2024
1133,CA-2019-125696,10/2/2019,573,0.7,12/13/2024
1134,CA-2019-125710,10/8/2019,116,0.2,12/13/2024
1135,CA-2019-125934,9/11/2019,704,0,12/13/2024
1136,CA-2019-125976,9/27/2019,376,0,12/13/2024
1137,CA-2019-126137,10/3/2019,109,0.15,12/13/2024
1138,CA-2019-126186,9/11/2019,295,0.2,12/13/2024
1139,CA-2019-126347,12/14/2019,39,0,12/13/2024
1140,CA-2019-126445,8/27/2019,620,0,12/13/2024
1141,CA-2019-126466,11/9/2019,399,0,12/13/2024
1142,CA-2019-126557,7/12/2019,648,0.36,12/13/2024
1143,CA-2019-126669,11/7/2019,230,0.2,12/13/2024
1144,CA-2019-126697,9/21/2019,723,0.33,12/13/2024
1145,CA-2019-126725,11/17/2019,108,0.06,12/13/2024
1146,CA-2019-126739,11/1/2019,373,0.1,12/13/2024
1147,CA-2019-126970,9/20/2019,757,0.8,12/13/2024
1148,CA-2019-127019,12/21/2019,277,0.2,12/13/2024
1149,CA-2019-127110,6/25/2019,145,0.2,12/13/2024
1150,CA-2019-127173,9/26/2019,306,0.07,12/13/2024
1151,CA-2019-127327,2/3/2019,614,0.1,12/13/2024
1152,CA-2019-127418,6/13/2019,374,0.2,12/13/2024
1153,CA-2019-127453,12/19/2019,378,0.2,12/13/2024
1154,CA-2019-127481,12/12/2019,350,0,12/13/2024
1155,CA-2019-127502,12/10/2019,543,0,12/13/2024
1156,CA-2019-127509,11/9/2019,53,0,12/13/2024
1157,CA-2019-127544,8/8/2019,632,0,12/13/2024
1158,CA-2019-127593,9/21/2019,207,0,12/13/2024
1159,CA-2019-127607,3/20/2019,381,0.5,12/13/2024
1160,CA-2019-127754,7/26/2019,151,0.2,12/13/2024
1161,CA-2019-127824,10/18/2019,347,0.07,12/13/2024
1162,CA-2019-128013,8/9/2019,502,0,12/13/2024
1163,CA-2019-128027,9/14/2019,161,0,12/13/2024
1164,CA-2019-128083,3/12/2019,248,0.2,12/13/2024
1165,CA-2019-128125,3/31/2019,247,0.4,12/13/2024
1166,CA-2019-128139,7/3/2019,74,0,12/13/2024
1167,CA-2019-128167,6/22/2019,435,0,12/13/2024
1168,CA-2019-128356,10/2/2019,654,0.2,12/13/2024
1169,CA-2019-128608,1/12/2019,181,0.32,12/13/2024
1170,CA-2019-128860,6/29/2019,679,0.2,12/13/2024
1171,CA-2019-128958,1/24/2019,171,0.2,12/13/2024
1172,CA-2019-128993,9/12/2019,137,0,12/13/2024
1173,CA-2019-129042,12/12/2019,270,0,12/13/2024
1174,CA-2019-129098,10/9/2019,214,0,12/13/2024
1175,CA-2019-129112,11/29/2019,61,0.5,12/13/2024
1176,CA-2019-129217,5/10/2019,235,0.5,12/13/2024
1177,CA-2019-129322,8/8/2019,196,0,12/13/2024
1178,CA-2019-129392,7/8/2019,225,0.2,12/13/2024
1179,CA-2019-129476,10/15/2019,582,0.2,12/13/2024
1180,CA-2019-129525,11/15/2019,784,0.7,12/13/2024
1181,CA-2019-129532,12/8/2019,791,0,12/13/2024
1182,CA-2019-129546,9/28/2019,655,0.1,12/13/2024
1183,CA-2019-129700,5/4/2019,448,0.6,12/13/2024
1184,CA-2019-129770,2/21/2019,356,0,12/13/2024
1185,CA-2019-129854,8/22/2019,627,0,12/13/2024
1186,CA-2019-129896,6/15/2019,589,0.2,12/13/2024
1187,CA-2019-129917,10/2/2019,330,0.2,12/13/2024
1188,CA-2019-130022,8/10/2019,383,0,12/13/2024
1189,CA-2019-130113,12/27/2019,28,0.1,12/13/2024
1190,CA-2019-130183,11/13/2019,603,0.32,12/13/2024
1191,CA-2019-130204,9/3/2019,192,0,12/13/2024
1192,CA-2019-130218,3/23/2019,689,0,12/13/2024
1193,CA-2019-130253,12/14/2019,607,0,12/13/2024
1194,CA-2019-130365,4/25/2019,792,0.25,12/13/2024
1195,CA-2019-130456,8/21/2019,239,0.07,12/13/2024
1196,CA-2019-130554,4/7/2019,288,0.2,12/13/2024
1197,CA-2019-130610,7/5/2019,783,0,12/13/2024
1198,CA-2019-130659,12/4/2019,537,0.03,12/13/2024
1199,CA-2019-130736,12/7/2019,363,0,12/13/2024
1200,CA-2019-130785,9/5/2019,27,0.17,12/13/2024
1201,CA-2019-130792,4/28/2019,619,0.6,12/13/2024
1202,CA-2019-130848,10/25/2019,205,0.2,12/13/2024
1203,CA-2019-130855,12/29/2019,642,0,12/13/2024
1204,CA-2019-130876,5/12/2019,64,0,12/13/2024
1205,CA-2019-130883,9/26/2019,739,0.2,12/13/2024
1206,CA-2019-130890,11/2/2019,398,0.2,12/13/2024
1207,CA-2019-130974,11/27/2019,483,0.04,12/13/2024
1208,CA-2019-130995,11/1/2019,616,0,12/13/2024
1209,CA-2019-131072,11/5/2019,435,0.2,12/13/2024
1210,CA-2019-131128,10/19/2019,739,0,12/13/2024
1211,CA-2019-131338,8/9/2019,571,0.06,12/13/2024
1212,CA-2019-131352,10/8/2019,301,0.6,12/13/2024
1213,CA-2019-131422,11/5/2019,295,0.2,12/13/2024
1214,CA-2019-131457,10/31/2019,552,0,12/13/2024
1215,CA-2019-131534,3/28/2019,9,0,12/13/2024
1216,CA-2019-131597,9/14/2019,708,0.2,12/13/2024
1217,CA-2019-131758,5/28/2019,416,0,12/13/2024
1218,CA-2019-131779,6/12/2019,459,0,12/13/2024
1219,CA-2019-131856,5/12/2019,366,0.33,12/13/2024
1220,CA-2019-131884,12/6/2019,217,0.3,12/13/2024
1221,CA-2019-132080,8/22/2019,232,0.2,12/13/2024
1222,CA-2019-132101,3/19/2019,399,0.2,12/13/2024
1223,CA-2019-132136,3/8/2019,290,0.8,12/13/2024
1224,CA-2019-132276,2/23/2019,454,0.1,12/13/2024
1225,CA-2019-132318,10/30/2019,771,0,12/13/2024
1226,CA-2019-132374,2/22/2019,611,0,12/13/2024
1227,CA-2019-132388,10/10/2019,440,0.1,12/13/2024
1228,CA-2019-132465,9/11/2019,227,0,12/13/2024
1229,CA-2019-132486,10/23/2019,361,0.1,12/13/2024
1230,CA-2019-132507,7/30/2019,136,0.2,12/13/2024
1231,CA-2019-132570,10/31/2019,445,0,12/13/2024
1232,CA-2019-132626,7/9/2019,116,0,12/13/2024
1233,CA-2019-132633,2/3/2019,432,0.2,12/13/2024
1234,CA-2019-132815,9/19/2019,661,0,12/13/2024
1235,CA-2019-132906,9/10/2019,130,0,12/13/2024
1236,CA-2019-132941,5/25/2019,528,0.2,12/13/2024
1237,CA-2019-132948,3/27/2019,545,0,12/13/2024
1238,CA-2019-133025,9/17/2019,531,0,12/13/2024
1239,CA-2019-133242,6/18/2019,431,0,12/13/2024
1240,CA-2019-133396,8/13/2019,303,0.2,12/13/2024
1241,CA-2019-133445,10/5/2019,363,0.45,12/13/2024
1242,CA-2019-133452,4/13/2019,792,0.1,12/13/2024
1243,CA-2019-133494,3/1/2019,654,0.2,12/13/2024
1244,CA-2019-133536,3/28/2019,370,0,12/13/2024
1245,CA-2019-133585,3/1/2019,164,0.26,12/13/2024
1246,CA-2019-133627,5/31/2019,669,0,12/13/2024
1247,CA-2019-133837,4/13/2019,750,0.2,12/13/2024
1248,CA-2019-133977,9/6/2019,59,0.7,12/13/2024
1249,CA-2019-134075,12/12/2019,317,0,12/13/2024
1250,CA-2019-134082,12/11/2019,380,0.2,12/13/2024
1251,CA-2019-134117,12/17/2019,593,0.1,12/13/2024
1252,CA-2019-134201,4/10/2019,262,0,12/13/2024
1253,CA-2019-134257,3/16/2019,539,0,12/13/2024
1254,CA-2019-134719,10/10/2019,349,0.2,12/13/2024
1255,CA-2019-134747,10/12/2019,219,0,12/13/2024
1256,CA-2019-134782,12/27/2019,496,0,12/13/2024
1257,CA-2019-134859,10/4/2019,383,0.2,12/13/2024
1258,CA-2019-134894,12/7/2019,213,0,12/13/2024
1259,CA-2019-134922,11/7/2019,415,0.2,12/13/2024
1260,CA-2019-134943,12/5/2019,720,0,12/13/2024
1261,CA-2019-134992,9/22/2019,506,0,12/13/2024
1262,CA-2019-135020,5/28/2019,540,0.05,12/13/2024
1263,CA-2019-135174,4/30/2019,103,0.4,12/13/2024
1264,CA-2019-135251,8/6/2019,653,0.38,12/13/2024
1265,CA-2019-135272,12/7/2019,541,0,12/13/2024
1266,CA-2019-135314,7/9/2019,489,0.4,12/13/2024
1267,CA-2019-135363,3/28/2019,148,0.2,12/13/2024
1268,CA-2019-135391,2/9/2019,280,0.4,12/13/2024
1269,CA-2019-135489,9/19/2019,314,0,12/13/2024
1270,CA-2019-135510,9/5/2019,774,0,12/13/2024
1271,CA-2019-135538,12/24/2019,333,0.2,12/13/2024
1272,CA-2019-135545,11/24/2019,439,0.05,12/13/2024
1273,CA-2019-135580,12/30/2019,153,0.08,12/13/2024
1274,CA-2019-135622,12/8/2019,773,0.2,12/13/2024
1275,CA-2019-135685,11/16/2019,535,0,12/13/2024
1276,CA-2019-135727,5/11/2019,610,0.2,12/13/2024
1277,CA-2019-135853,12/11/2019,125,0,12/13/2024
1278,CA-2019-136105,6/12/2019,730,0,12/13/2024
1279,CA-2019-136147,11/13/2019,289,0.45,12/13/2024
1280,CA-2019-136196,11/28/2019,758,0,12/13/2024
1281,CA-2019-136224,5/31/2019,524,0.2,12/13/2024
1282,CA-2019-136378,4/2/2019,172,0.8,12/13/2024
1283,CA-2019-136420,11/20/2019,177,0.1,12/13/2024
1284,CA-2019-136469,7/11/2019,765,0.1,12/13/2024
1285,CA-2019-136658,9/10/2019,98,0,12/13/2024
1286,CA-2019-136700,12/6/2019,192,0,12/13/2024
1287,CA-2019-136728,9/13/2019,27,0.25,12/13/2024
1288,CA-2019-136735,7/26/2019,318,0,12/13/2024
1289,CA-2019-136798,5/8/2019,219,0,12/13/2024
1290,CA-2019-136805,5/23/2019,569,0.05,12/13/2024
1291,CA-2019-137064,2/6/2019,769,0.4,12/13/2024
1292,CA-2019-137071,12/20/2019,256,0.2,12/13/2024
1293,CA-2019-137106,3/31/2019,672,0.2,12/13/2024
1294,CA-2019-137113,12/1/2019,774,0.04,12/13/2024
1295,CA-2019-137225,12/15/2019,380,0,12/13/2024
1296,CA-2019-137281,6/13/2019,79,0,12/13/2024
1297,CA-2019-137302,4/26/2019,119,0.15,12/13/2024
1298,CA-2019-137512,5/7/2019,25,0.25,12/13/2024
1299,CA-2019-137526,1/13/2019,585,0.07,12/13/2024
1300,CA-2019-137603,9/19/2019,510,0,12/13/2024
1301,CA-2019-137708,11/22/2019,565,0,12/13/2024
1302,CA-2019-137750,6/25/2019,364,0,12/13/2024
1303,CA-2019-137897,11/14/2019,595,0,12/13/2024
1304,CA-2019-137925,11/30/2019,386,0.1,12/13/2024
1305,CA-2019-137946,9/1/2019,198,0.2,12/13/2024
1306,CA-2019-137974,4/16/2019,465,0,12/13/2024
1307,CA-2019-138002,9/6/2019,111,0.1,12/13/2024
1308,CA-2019-138009,11/29/2019,687,0.03,12/13/2024
1309,CA-2019-138219,3/23/2019,100,0,12/13/2024
1310,CA-2019-138331,8/7/2019,379,0.2,12/13/2024
1311,CA-2019-138457,9/13/2019,42,0.7,12/13/2024
1312,CA-2019-138485,2/27/2019,572,0,12/13/2024
1313,CA-2019-138492,5/15/2019,282,0.2,12/13/2024
1314,CA-2019-138534,7/17/2019,392,0.15,12/13/2024
1315,CA-2019-138625,11/2/2019,257,0,12/13/2024
1316,CA-2019-138674,11/14/2019,418,0.2,12/13/2024
1317,CA-2019-138898,5/25/2019,373,0.2,12/13/2024
1318,CA-2019-138954,11/15/2019,514,0.07,12/13/2024
1319,CA-2019-139094,11/22/2019,531,0.3,12/13/2024
1320,CA-2019-139164,6/23/2019,178,0.13,12/13/2024
1321,CA-2019-139248,7/25/2019,637,0.2,12/13/2024
1322,CA-2019-139290,10/26/2019,549,0,12/13/2024
1323,CA-2019-139374,9/10/2019,46,0.3,12/13/2024
1324,CA-2019-139584,8/24/2019,268,0.2,12/13/2024
1325,CA-2019-139731,10/15/2019,357,0.25,12/13/2024
1326,CA-2019-139738,9/25/2019,212,0.2,12/13/2024
1327,CA-2019-139780,12/31/2019,35,0,12/13/2024
1328,CA-2019-139850,6/12/2019,296,0.2,12/13/2024
1329,CA-2019-139962,12/13/2019,234,0,12/13/2024
1330,CA-2019-140025,4/7/2019,589,0.5,12/13/2024
1331,CA-2019-140144,6/20/2019,680,0.1,12/13/2024
1332,CA-2019-140221,3/5/2019,537,0.6,12/13/2024
1333,CA-2019-140375,10/2/2019,689,0,12/13/2024
1334,CA-2019-140410,11/3/2019,163,0.07,12/13/2024
1335,CA-2019-140557,9/7/2019,756,0,12/13/2024
1336,CA-2019-140718,7/2/2019,280,0.33,12/13/2024
1337,CA-2019-140830,11/30/2019,610,0,12/13/2024
1338,CA-2019-140921,2/3/2019,2,0,12/13/2024
1339,CA-2019-140984,9/14/2019,138,0.13,12/13/2024
1340,CA-2019-141012,6/9/2019,749,0.1,12/13/2024
1341,CA-2019-141040,10/9/2019,735,0,12/13/2024
1342,CA-2019-141145,9/17/2019,196,0.2,12/13/2024
1343,CA-2019-141243,1/3/2019,33,0.24,12/13/2024
1344,CA-2019-141250,1/19/2019,600,0.3,12/13/2024
1345,CA-2019-141327,11/30/2019,470,0.37,12/13/2024
1346,CA-2019-141565,9/20/2019,86,0.45,12/13/2024
1347,CA-2019-141593,12/14/2019,190,0.15,12/13/2024
1348,CA-2019-141740,11/1/2019,363,0.1,12/13/2024
1349,CA-2019-141754,12/20/2019,274,0.2,12/13/2024
1350,CA-2019-141768,5/25/2019,573,0,12/13/2024
1351,CA-2019-141810,11/2/2019,65,0.5,12/13/2024
1352,CA-2019-141936,8/7/2019,602,0.2,12/13/2024
1353,CA-2019-142027,4/9/2019,378,0.2,12/13/2024
1354,CA-2019-142041,6/7/2019,268,0.2,12/13/2024
1355,CA-2019-142055,5/8/2019,10,0,12/13/2024
1356,CA-2019-142139,8/31/2019,683,0.2,12/13/2024
1357,CA-2019-142202,9/18/2019,405,0.2,12/13/2024
1358,CA-2019-142237,7/11/2019,150,0.38,12/13/2024
1359,CA-2019-142377,12/4/2019,542,0,12/13/2024
1360,CA-2019-142419,7/11/2019,674,0.1,12/13/2024
1361,CA-2019-142433,4/20/2019,278,0.2,12/13/2024
1362,CA-2019-142454,8/15/2019,639,0,12/13/2024
1363,CA-2019-142475,12/3/2019,106,0.2,12/13/2024
1364,CA-2019-142601,4/18/2019,203,0,12/13/2024
1365,CA-2019-142692,10/23/2019,23,0.2,12/13/2024
1366,CA-2019-142734,4/16/2019,226,0.1,12/13/2024
1367,CA-2019-142755,9/4/2019,178,0,12/13/2024
1368,CA-2019-142930,11/28/2019,254,0.2,12/13/2024
1369,CA-2019-142937,12/5/2019,685,0.2,12/13/2024
1370,CA-2019-142944,3/6/2019,389,0.1,12/13/2024
1371,CA-2019-142993,10/12/2019,414,0,12/13/2024
1372,CA-2019-143077,9/17/2019,687,0.7,12/13/2024
1373,CA-2019-143105,12/10/2019,483,0.05,12/13/2024
1374,CA-2019-143119,9/24/2019,487,0,12/13/2024
1375,CA-2019-143147,5/26/2019,609,0.33,12/13/2024
1376,CA-2019-143238,9/6/2019,467,0,12/13/2024
1377,CA-2019-143364,7/14/2019,748,0.33,12/13/2024
1378,CA-2019-143490,12/6/2019,571,0.1,12/13/2024
1379,CA-2019-143532,3/19/2019,200,0.2,12/13/2024
1380,CA-2019-143602,4/25/2019,406,0.2,12/13/2024
1381,CA-2019-143616,9/27/2019,714,0,12/13/2024
1382,CA-2019-143700,7/26/2019,56,0.2,12/13/2024
1383,CA-2019-143882,6/26/2019,195,0.2,12/13/2024
1384,CA-2019-143980,12/25/2019,380,0,12/13/2024
1385,CA-2019-144043,5/10/2019,9,0.2,12/13/2024
1386,CA-2019-144099,11/29/2019,606,0.2,12/13/2024
1387,CA-2019-144190,6/9/2019,556,0,12/13/2024
1388,CA-2019-144253,5/4/2019,55,0,12/13/2024
1389,CA-2019-144267,8/21/2019,579,0.05,12/13/2024
1390,CA-2019-144274,11/23/2019,615,0,12/13/2024
1391,CA-2019-144288,12/25/2019,485,0.2,12/13/2024
1392,CA-2019-144302,6/19/2019,498,0.8,12/13/2024
1393,CA-2019-144386,11/5/2019,311,0.2,12/13/2024
1394,CA-2019-144519,11/13/2019,62,0.1,12/13/2024
1395,CA-2019-144652,11/20/2019,704,0,12/13/2024
1396,CA-2019-144722,3/16/2019,502,0,12/13/2024
1397,CA-2019-144806,12/6/2019,300,0.2,12/13/2024
1398,CA-2019-144890,12/25/2019,701,0,12/13/2024
1399,CA-2019-145065,12/12/2019,217,0.1,12/13/2024
1400,CA-2019-145184,11/27/2019,353,0,12/13/2024
1401,CA-2019-145324,11/15/2019,207,0,12/13/2024
1402,CA-2019-145352,3/16/2019,161,0,12/13/2024
1403,CA-2019-145394,11/16/2019,491,0.33,12/13/2024
1404,CA-2019-145401,1/30/2019,401,0.2,12/13/2024
1405,CA-2019-145415,4/12/2019,633,0,12/13/2024
1406,CA-2019-145457,3/24/2019,166,0,12/13/2024
1407,CA-2019-145485,11/5/2019,396,0,12/13/2024
1408,CA-2019-145758,10/30/2019,81,0,12/13/2024
1409,CA-2019-145814,11/19/2019,424,0.1,12/13/2024
1410,CA-2019-145821,5/1/2019,341,0.2,12/13/2024
1411,CA-2019-145828,10/5/2019,485,0.2,12/13/2024
1412,CA-2019-145835,5/13/2019,83,0.2,12/13/2024
1413,CA-2019-145849,9/15/2019,183,0,12/13/2024
1414,CA-2019-146038,2/9/2019,696,0.2,12/13/2024
1415,CA-2019-146087,7/6/2019,607,0,12/13/2024
1416,CA-2019-146255,3/7/2019,273,0,12/13/2024
1417,CA-2019-146262,1/2/2019,787,0.4,12/13/2024
1418,CA-2019-146290,5/4/2019,723,0,12/13/2024
1419,CA-2019-146465,11/20/2019,583,0.2,12/13/2024
1420,CA-2019-146486,11/9/2019,241,0,12/13/2024
1421,CA-2019-146563,8/24/2019,126,0.38,12/13/2024
1422,CA-2019-146675,4/16/2019,666,0.2,12/13/2024
1423,CA-2019-146696,12/14/2019,631,0.2,12/13/2024
1424,CA-2019-146829,3/10/2019,764,0.8,12/13/2024
1425,CA-2019-146948,7/16/2019,507,0,12/13/2024
1426,CA-2019-147011,6/18/2019,333,0.2,12/13/2024
1427,CA-2019-147102,9/19/2019,566,0,12/13/2024
1428,CA-2019-147501,8/2/2019,165,0.2,12/13/2024
1429,CA-2019-147529,2/7/2019,211,0,12/13/2024
1430,CA-2019-147690,11/10/2019,668,0.2,12/13/2024
1431,CA-2019-147788,5/31/2019,754,0,12/13/2024
1432,CA-2019-147816,9/24/2019,156,0.2,12/13/2024
1433,CA-2019-147830,12/15/2019,561,0.37,12/13/2024
1434,CA-2019-147851,12/3/2019,533,0.2,12/13/2024
1435,CA-2019-147879,5/7/2019,131,0,12/13/2024
1436,CA-2019-148180,7/26/2019,100,0.13,12/13/2024
1437,CA-2019-148250,12/13/2019,653,0,12/13/2024
1438,CA-2019-148376,12/27/2019,27,0,12/13/2024
1439,CA-2019-148432,11/7/2019,495,0,12/13/2024
1440,CA-2019-148495,8/13/2019,685,0,12/13/2024
1441,CA-2019-148628,12/6/2019,437,0,12/13/2024
1442,CA-2019-148635,7/25/2019,515,0.05,12/13/2024
1443,CA-2019-148705,3/12/2019,254,0.2,12/13/2024
1444,CA-2019-148712,4/17/2019,392,0.07,12/13/2024
1445,CA-2019-148859,12/28/2019,285,0.2,12/13/2024
1446,CA-2019-148873,10/1/2019,270,0.5,12/13/2024
1447,CA-2019-148964,5/26/2019,636,0,12/13/2024
1448,CA-2019-149083,9/25/2019,692,0.07,12/13/2024
1449,CA-2019-149097,10/20/2019,722,0.1,12/13/2024
1450,CA-2019-149300,11/22/2019,89,0.5,12/13/2024
1451,CA-2019-149342,4/20/2019,762,0,12/13/2024
1452,CA-2019-149384,7/10/2019,259,0.7,12/13/2024
1453,CA-2019-149517,9/19/2019,281,0,12/13/2024
1454,CA-2019-149566,12/5/2019,295,0,12/13/2024
1455,CA-2019-149587,1/31/2019,416,0,12/13/2024
1456,CA-2019-149601,5/28/2019,741,0,12/13/2024
1457,CA-2019-149636,1/6/2019,708,0.45,12/13/2024
1458,CA-2019-149650,10/24/2019,633,0.2,12/13/2024
1459,CA-2019-149678,4/13/2019,61,0,12/13/2024
1460,CA-2019-149713,9/18/2019,749,0,12/13/2024
1461,CA-2019-149734,9/3/2019,348,0.2,12/13/2024
1462,CA-2019-149748,5/31/2019,269,0,12/13/2024
1463,CA-2019-149811,1/4/2019,177,0,12/13/2024
1464,CA-2019-149846,5/22/2019,666,0.1,12/13/2024
1465,CA-2019-149909,11/13/2019,619,0,12/13/2024
1466,CA-2019-149972,9/21/2019,142,0.1,12/13/2024
1467,CA-2019-149993,3/19/2019,294,0,12/13/2024
1468,CA-2019-150196,7/2/2019,713,0,12/13/2024
1469,CA-2019-150308,12/15/2019,657,0.2,12/13/2024
1470,CA-2019-150413,10/19/2019,173,0.8,12/13/2024
1471,CA-2019-150441,8/13/2019,617,0,12/13/2024
1472,CA-2019-150511,9/18/2019,6,0,12/13/2024
1473,CA-2019-150560,12/11/2019,728,0,12/13/2024
1474,CA-2019-150714,10/26/2019,433,0.3,12/13/2024
1475,CA-2019-150749,3/29/2019,56,0,12/13/2024
1476,CA-2019-150770,5/3/2019,451,0.1,12/13/2024
1477,CA-2019-150791,9/6/2019,133,0.1,12/13/2024
1478,CA-2019-150875,11/16/2019,327,0.1,12/13/2024
1479,CA-2019-151043,11/14/2019,504,0.2,12/13/2024
1480,CA-2019-151253,4/22/2019,64,0.1,12/13/2024
1481,CA-2019-151470,9/20/2019,42,0.2,12/13/2024
1482,CA-2019-151547,1/17/2019,33,0.2,12/13/2024
1483,CA-2019-151589,12/27/2019,639,0,12/13/2024
1484,CA-2019-151624,9/8/2019,787,0,12/13/2024
1485,CA-2019-151680,11/19/2019,745,0,12/13/2024
1486,CA-2019-151722,10/5/2019,337,0.2,12/13/2024
1487,CA-2019-151785,3/5/2019,374,0.2,12/13/2024
1488,CA-2019-151841,4/27/2019,745,0.2,12/13/2024
1489,CA-2019-151869,9/25/2019,174,0.05,12/13/2024
1490,CA-2019-152513,7/4/2019,402,0.2,12/13/2024
1491,CA-2019-152527,10/17/2019,159,0,12/13/2024
1492,CA-2019-152611,2/20/2019,414,0,12/13/2024
1493,CA-2019-152681,1/17/2019,672,0,12/13/2024
1494,CA-2019-152891,10/25/2019,741,0.1,12/13/2024
1495,CA-2019-153038,12/18/2019,626,0.2,12/13/2024
1496,CA-2019-153073,11/13/2019,317,0.6,12/13/2024
1497,CA-2019-153108,3/5/2019,686,0,12/13/2024
1498,CA-2019-153220,11/12/2019,790,0,12/13/2024
1499,CA-2019-153325,3/1/2019,719,0,12/13/2024
1500,CA-2019-153381,9/24/2019,203,0,12/13/2024
1501,CA-2019-153388,8/1/2019,588,0.1,12/13/2024
1502,CA-2019-153416,11/24/2019,764,0.1,12/13/2024
1503,CA-2019-153423,6/22/2019,728,0.2,12/13/2024
1504,CA-2019-153535,5/20/2019,689,0.45,12/13/2024
1505,CA-2019-153549,3/29/2019,699,0.2,12/13/2024
1506,CA-2019-153612,12/22/2019,111,0,12/13/2024
1507,CA-2019-153626,7/9/2019,250,0.2,12/13/2024
1508,CA-2019-153717,12/25/2019,222,0,12/13/2024
1509,CA-2019-153738,9/20/2019,19,0,12/13/2024
1510,CA-2019-153752,12/6/2019,652,0,12/13/2024
1511,CA-2019-153794,9/11/2019,667,0,12/13/2024
1512,CA-2019-153878,4/25/2019,769,0,12/13/2024
1513,CA-2019-153906,3/16/2019,542,0,12/13/2024
1514,CA-2019-154144,12/20/2019,514,0,12/13/2024
1515,CA-2019-154200,6/18/2019,88,0,12/13/2024
1516,CA-2019-154284,12/21/2019,730,0.32,12/13/2024
1517,CA-2019-154291,7/25/2019,791,0,12/13/2024
1518,CA-2019-154326,2/15/2019,655,0,12/13/2024
1519,CA-2019-154340,11/29/2019,266,0,12/13/2024
1520,CA-2019-154620,12/12/2019,478,0.2,12/13/2024
1521,CA-2019-154746,11/14/2019,595,0,12/13/2024
1522,CA-2019-154795,12/20/2019,315,0.2,12/13/2024
1523,CA-2019-154823,8/21/2019,440,0.4,12/13/2024
1524,CA-2019-154886,11/8/2019,728,0,12/13/2024
1525,CA-2019-154900,2/25/2019,718,0,12/13/2024
1526,CA-2019-154921,5/23/2019,246,0,12/13/2024
1527,CA-2019-154956,7/4/2019,339,0,12/13/2024
1528,CA-2019-154970,1/5/2019,713,0.2,12/13/2024
1529,CA-2019-155040,11/10/2019,32,0,12/13/2024
1530,CA-2019-155054,6/13/2019,611,0,12/13/2024
1531,CA-2019-155068,10/23/2019,617,0.2,12/13/2024
1532,CA-2019-155124,3/15/2019,443,0.2,12/13/2024
1533,CA-2019-155145,12/27/2019,441,0,12/13/2024
1534,CA-2019-155306,4/17/2019,293,0.04,12/13/2024
1535,CA-2019-155334,7/30/2019,318,0.07,12/13/2024
1536,CA-2019-155453,8/9/2019,618,0.2,12/13/2024
1537,CA-2019-155586,12/12/2019,789,0,12/13/2024
1538,CA-2019-155600,12/4/2019,652,0.45,12/13/2024
1539,CA-2019-155635,5/9/2019,499,0,12/13/2024
1540,CA-2019-155761,12/11/2019,681,0.2,12/13/2024
1541,CA-2019-156013,9/20/2019,742,0.1,12/13/2024
1542,CA-2019-156104,12/6/2019,573,0,12/13/2024
1543,CA-2019-156118,12/8/2019,323,0.2,12/13/2024
1544,CA-2019-156146,10/26/2019,23,0.2,12/13/2024
1545,CA-2019-156153,5/31/2019,186,0,12/13/2024
1546,CA-2019-156328,11/30/2019,649,0.2,12/13/2024
1547,CA-2019-156335,9/25/2019,606,0,12/13/2024
1548,CA-2019-156377,12/31/2019,741,0.7,12/13/2024
1549,CA-2019-156440,12/5/2019,513,0,12/13/2024
1550,CA-2019-156482,2/6/2019,337,0,12/13/2024
1551,CA-2019-156510,9/25/2019,260,0,12/13/2024
1552,CA-2019-156524,11/20/2019,218,0,12/13/2024
1553,CA-2019-156566,10/1/2019,270,0.2,12/13/2024
1554,CA-2019-156608,10/24/2019,544,0.8,12/13/2024
1555,CA-2019-156734,6/18/2019,117,0.37,12/13/2024
1556,CA-2019-156755,1/12/2019,791,0,12/13/2024
1557,CA-2019-156853,12/3/2019,331,0,12/13/2024
1558,CA-2019-156923,2/16/2019,710,0,12/13/2024
1559,CA-2019-157028,11/28/2019,484,0,12/13/2024
1560,CA-2019-157035,12/9/2019,419,0,12/13/2024
1561,CA-2019-157084,12/19/2019,366,0.1,12/13/2024
1562,CA-2019-157133,11/28/2019,452,0.6,12/13/2024
1563,CA-2019-157287,12/22/2019,333,0.25,12/13/2024
1564,CA-2019-157322,7/2/2019,646,0.24,12/13/2024
1565,CA-2019-157343,6/7/2019,319,0.37,12/13/2024
1566,CA-2019-157434,4/29/2019,380,0.2,12/13/2024
1567,CA-2019-157770,12/13/2019,632,0.1,12/13/2024
1568,CA-2019-157805,8/31/2019,644,0.2,12/13/2024
1569,CA-2019-157812,3/22/2019,193,0.4,12/13/2024
1570,CA-2019-157959,2/3/2019,661,0,12/13/2024
1571,CA-2019-158148,12/20/2019,395,0,12/13/2024
1572,CA-2019-158323,11/30/2019,11,0.2,12/13/2024
1573,CA-2019-158351,6/20/2019,67,0.2,12/13/2024
1574,CA-2019-158421,9/21/2019,296,0,12/13/2024
1575,CA-2019-158456,12/24/2019,444,0.1,12/13/2024
1576,CA-2019-158491,6/4/2019,101,0,12/13/2024
1577,CA-2019-158554,11/9/2019,159,0.2,12/13/2024
1578,CA-2019-158659,11/10/2019,678,0,12/13/2024
1579,CA-2019-158701,1/5/2019,385,0.1,12/13/2024
1580,CA-2019-158792,12/26/2019,71,0,12/13/2024
1581,CA-2019-158918,12/20/2019,36,0,12/13/2024
1582,CA-2019-158939,11/26/2019,246,0,12/13/2024
1583,CA-2019-159380,5/12/2019,182,0,12/13/2024
1584,CA-2019-159534,3/20/2019,206,0.08,12/13/2024
1585,CA-2019-159590,7/18/2019,420,0,12/13/2024
1586,CA-2019-159779,9/25/2019,666,0,12/13/2024
1587,CA-2019-159786,10/12/2019,647,0.4,12/13/2024
1588,CA-2019-159863,9/4/2019,239,0.2,12/13/2024
1589,CA-2019-160059,11/27/2019,734,0,12/13/2024
1590,CA-2019-160171,10/19/2019,650,0,12/13/2024
1591,CA-2019-160213,3/8/2019,51,0,12/13/2024
1592,CA-2019-160227,11/2/2019,256,0.1,12/13/2024
1593,CA-2019-160472,7/20/2019,647,0,12/13/2024
1594,CA-2019-160696,9/6/2019,151,0.2,12/13/2024
1595,CA-2019-160787,9/25/2019,94,0.7,12/13/2024
1596,CA-2019-160794,8/6/2019,542,0.2,12/13/2024
1597,CA-2019-160864,5/3/2019,563,0.2,12/13/2024
1598,CA-2019-161214,10/5/2019,687,0,12/13/2024
1599,CA-2019-161242,6/1/2019,143,0,12/13/2024
1600,CA-2019-161263,4/16/2019,762,0.32,12/13/2024
1601,CA-2019-161445,9/7/2019,136,0.2,12/13/2024
1602,CA-2019-161452,4/5/2019,121,0.2,12/13/2024
1603,CA-2019-161627,7/6/2019,696,0.2,12/13/2024
1604,CA-2019-161711,11/28/2019,488,0,12/13/2024
1605,CA-2019-161718,12/4/2019,706,0.05,12/13/2024
1606,CA-2019-161767,11/20/2019,303,0.4,12/13/2024
1607,CA-2019-161795,12/21/2019,29,0.2,12/13/2024
1608,CA-2019-161830,9/24/2019,499,0.1,12/13/2024
1609,CA-2019-161998,5/1/2019,192,0.2,12/13/2024
1610,CA-2019-162047,11/3/2019,286,0.1,12/13/2024
1611,CA-2019-162166,9/8/2019,570,0,12/13/2024
1612,CA-2019-162201,6/8/2019,23,0.27,12/13/2024
1613,CA-2019-162369,8/15/2019,772,0,12/13/2024
1614,CA-2019-162376,11/22/2019,319,0,12/13/2024
1615,CA-2019-162537,10/28/2019,632,0,12/13/2024
1616,CA-2019-162544,12/16/2019,688,0,12/13/2024
1617,CA-2019-162607,5/12/2019,652,0.2,12/13/2024
1618,CA-2019-162621,9/5/2019,122,0.6,12/13/2024
1619,CA-2019-162761,10/9/2019,676,0.53,12/13/2024
1620,CA-2019-162782,2/21/2019,615,0,12/13/2024
1621,CA-2019-162887,11/7/2019,722,0,12/13/2024
1622,CA-2019-162950,6/28/2019,245,0.35,12/13/2024
1623,CA-2019-162964,11/12/2019,502,0.2,12/13/2024
1624,CA-2019-163055,8/9/2019,239,0,12/13/2024
1625,CA-2019-163090,11/17/2019,302,0.2,12/13/2024
1626,CA-2019-163104,3/19/2019,495,0,12/13/2024
1627,CA-2019-163181,11/7/2019,7,0.4,12/13/2024
1628,CA-2019-163237,8/7/2019,272,0,12/13/2024
1629,CA-2019-163440,3/22/2019,636,0.2,12/13/2024
1630,CA-2019-163587,3/14/2019,276,0,12/13/2024
1631,CA-2019-163734,6/19/2019,437,0.2,12/13/2024
1632,CA-2019-163762,11/27/2019,354,0,12/13/2024
1633,CA-2019-163895,8/7/2019,577,0.2,12/13/2024
1634,CA-2019-163923,5/30/2019,70,0,12/13/2024
1635,CA-2019-163965,11/20/2019,718,0.45,12/13/2024
1636,CA-2019-164007,6/8/2019,505,0.5,12/13/2024
1637,CA-2019-164084,9/7/2019,24,0.12,12/13/2024
1638,CA-2019-164301,3/26/2019,249,0,12/13/2024
1639,CA-2019-164336,7/5/2019,547,0.2,12/13/2024
1640,CA-2019-164427,7/31/2019,47,0,12/13/2024
1641,CA-2019-164441,11/8/2019,13,0.1,12/13/2024
1642,CA-2019-164497,11/28/2019,39,0,12/13/2024
1643,CA-2019-164539,11/16/2019,605,0,12/13/2024
1644,CA-2019-164567,6/15/2019,303,0.2,12/13/2024
1645,CA-2019-164623,10/20/2019,540,0,12/13/2024
1646,CA-2019-164777,1/27/2019,673,0.2,12/13/2024
1647,CA-2019-164833,6/4/2019,465,0,12/13/2024
1648,CA-2019-164882,10/31/2019,688,0.08,12/13/2024
1649,CA-2019-165050,12/7/2019,32,0.13,12/13/2024
1650,CA-2019-165057,9/11/2019,679,0,12/13/2024
1651,CA-2019-165085,12/27/2019,114,0,12/13/2024
1652,CA-2019-165162,5/14/2019,324,0,12/13/2024
1653,CA-2019-165414,12/21/2019,476,0.2,12/13/2024
1654,CA-2019-165554,5/18/2019,37,0,12/13/2024
1655,CA-2019-165624,8/23/2019,285,0,12/13/2024
1656,CA-2019-165799,6/29/2019,689,0.1,12/13/2024
1657,CA-2019-165813,3/20/2019,94,0.2,12/13/2024
1658,CA-2019-166135,10/1/2019,675,0.2,12/13/2024
1659,CA-2019-166219,8/28/2019,102,0.25,12/13/2024
1660,CA-2019-166338,12/6/2019,535,0.7,12/13/2024
1661,CA-2019-166464,9/12/2019,593,0.1,12/13/2024
1662,CA-2019-166492,4/7/2019,654,0,12/13/2024
1663,CA-2019-166583,6/26/2019,777,0.2,12/13/2024
1664,CA-2019-166604,5/15/2019,35,0,12/13/2024
1665,CA-2019-166800,11/19/2019,20,0,12/13/2024
1666,CA-2019-166947,6/5/2019,248,0.1,12/13/2024
1667,CA-2019-166975,11/26/2019,694,0.2,12/13/2024
1668,CA-2019-167010,4/5/2019,786,0.35,12/13/2024
1669,CA-2019-167255,9/27/2019,644,0,12/13/2024
1670,CA-2019-167269,6/16/2019,585,0.2,12/13/2024
1671,CA-2019-167374,3/26/2019,306,0.2,12/13/2024
1672,CA-2019-167479,3/14/2019,36,0,12/13/2024
1673,CA-2019-167696,9/16/2019,69,0,12/13/2024
1674,CA-2019-167745,9/18/2019,295,0,12/13/2024
1675,CA-2019-168004,10/4/2019,208,0,12/13/2024
1676,CA-2019-168088,3/19/2019,163,0.26,12/13/2024
1677,CA-2019-168186,9/10/2019,8,0,12/13/2024
1678,CA-2019-168207,11/2/2019,478,0.14,12/13/2024
1679,CA-2019-168277,5/29/2019,416,0,12/13/2024
1680,CA-2019-168459,11/22/2019,487,0.45,12/13/2024
1681,CA-2019-168480,9/21/2019,224,0,12/13/2024
1682,CA-2019-168529,10/8/2019,485,0,12/13/2024
1683,CA-2019-168564,8/8/2019,771,0.2,12/13/2024
1684,CA-2019-168634,12/6/2019,17,0,12/13/2024
1685,CA-2019-168746,1/27/2019,721,0.37,12/13/2024
1686,CA-2019-168760,9/22/2019,528,0,12/13/2024
1687,CA-2019-168767,4/10/2019,224,0.2,12/13/2024
1688,CA-2019-168809,8/25/2019,494,0.67,12/13/2024
1689,CA-2019-169201,9/28/2019,323,0,12/13/2024
1690,CA-2019-169278,5/21/2019,500,0.2,12/13/2024
1691,CA-2019-169299,8/24/2019,229,0.2,12/13/2024
1692,CA-2019-169397,12/24/2019,342,0.37,12/13/2024
1693,CA-2019-169537,9/3/2019,370,0,12/13/2024
1694,CA-2019-169572,9/6/2019,24,0,12/13/2024
1695,CA-2019-169656,8/13/2019,264,0.2,12/13/2024
1696,CA-2019-169677,1/13/2019,443,0,12/13/2024
1697,CA-2019-169733,10/22/2019,306,0.2,12/13/2024
1698,CA-2019-169740,2/20/2019,466,0,12/13/2024
1699,CA-2019-169796,11/9/2019,234,0,12/13/2024
1700,CA-2020-100041,11/20/2020,79,0,12/13/2024
1701,CA-2020-100083,11/24/2020,140,0.2,12/13/2024
1702,CA-2020-100153,12/13/2020,432,0,12/13/2024
1703,CA-2020-100202,12/31/2020,72,0.2,12/13/2024
1704,CA-2020-100244,9/20/2020,308,0.08,12/13/2024
1705,CA-2020-100300,6/24/2020,517,0.07,12/13/2024
1706,CA-2020-100307,12/15/2020,745,0,12/13/2024
1707,CA-2020-100468,11/24/2020,59,0.1,12/13/2024
1708,CA-2020-100510,5/12/2020,329,0,12/13/2024
1709,CA-2020-100587,12/10/2020,699,0,12/13/2024
1710,CA-2020-100671,11/1/2020,181,0.2,12/13/2024
1711,CA-2020-100790,6/26/2020,368,0,12/13/2024
1712,CA-2020-100944,9/24/2020,258,0.1,12/13/2024
1713,CA-2020-100965,7/7/2020,649,0,12/13/2024
1714,CA-2020-100993,2/5/2020,64,0.1,12/13/2024
1715,CA-2020-101161,10/13/2020,119,0,12/13/2024
1716,CA-2020-101168,12/25/2020,714,0,12/13/2024
1717,CA-2020-101189,2/4/2020,341,0,12/13/2024
1718,CA-2020-101329,4/22/2020,526,0,12/13/2024
1719,CA-2020-101336,11/13/2020,151,0,12/13/2024
1720,CA-2020-101343,7/17/2020,618,0,12/13/2024
1721,CA-2020-101378,7/14/2020,646,0,12/13/2024
1722,CA-2020-101385,9/25/2020,413,0,12/13/2024
1723,CA-2020-101448,2/27/2020,251,0,12/13/2024
1724,CA-2020-101469,7/2/2020,430,0,12/13/2024
1725,CA-2020-101525,5/1/2020,160,0,12/13/2024
1726,CA-2020-101546,12/18/2020,303,0,12/13/2024
1727,CA-2020-101623,2/28/2020,657,0,12/13/2024
1728,CA-2020-101630,2/19/2020,151,0,12/13/2024
1729,CA-2020-101651,12/24/2020,673,0,12/13/2024
1730,CA-2020-101672,10/3/2020,189,0.05,12/13/2024
1731,CA-2020-101693,6/25/2020,456,0.45,12/13/2024
1732,CA-2020-101742,9/23/2020,168,0.2,12/13/2024
1733,CA-2020-101791,5/27/2020,108,0.47,12/13/2024
1734,CA-2020-101938,1/7/2020,243,0,12/13/2024
1735,CA-2020-101966,7/14/2020,94,0.2,12/13/2024
1736,CA-2020-101980,8/19/2020,654,0.2,12/13/2024
1737,CA-2020-101987,6/24/2020,328,0,12/13/2024
1738,CA-2020-102092,12/9/2020,600,0,12/13/2024
1739,CA-2020-102127,6/26/2020,784,0,12/13/2024
1740,CA-2020-102134,3/14/2020,707,0,12/13/2024
1741,CA-2020-102162,9/11/2020,364,0,12/13/2024
1742,CA-2020-102456,2/27/2020,218,0,12/13/2024
1743,CA-2020-102498,7/24/2020,366,0,12/13/2024
1744,CA-2020-102561,7/18/2020,567,0.2,12/13/2024
1745,CA-2020-102596,12/27/2020,635,0.2,12/13/2024
1746,CA-2020-102792,12/13/2020,345,0,12/13/2024
1747,CA-2020-102813,7/2/2020,246,0.25,12/13/2024
1748,CA-2020-102932,9/19/2020,683,0,12/13/2024
1749,CA-2020-102981,9/6/2020,530,0.1,12/13/2024
1750,CA-2020-103037,7/25/2020,432,0.2,12/13/2024
1751,CA-2020-103107,7/4/2020,624,0.13,12/13/2024
1752,CA-2020-103128,11/11/2020,682,0.2,12/13/2024
1753,CA-2020-103163,6/7/2020,288,0.1,12/13/2024
1754,CA-2020-103359,12/22/2020,452,0.2,12/13/2024
1755,CA-2020-103464,11/18/2020,592,0,12/13/2024
1756,CA-2020-103709,9/8/2020,469,0,12/13/2024
1757,CA-2020-103730,6/12/2020,679,0,12/13/2024
1758,CA-2020-103891,7/12/2020,433,0.2,12/13/2024
1759,CA-2020-103919,10/3/2020,759,0.6,12/13/2024
1760,CA-2020-103947,4/1/2020,65,0.2,12/13/2024
1761,CA-2020-103982,3/3/2020,1,0.2,12/13/2024
1762,CA-2020-104150,8/3/2020,21,0,12/13/2024
1763,CA-2020-104157,7/25/2020,543,0,12/13/2024
1764,CA-2020-104276,11/27/2020,321,0.33,12/13/2024
1765,CA-2020-104311,5/2/2020,53,0.2,12/13/2024
1766,CA-2020-104633,6/12/2020,246,0,12/13/2024
1767,CA-2020-104689,12/1/2020,286,0,12/13/2024
1768,CA-2020-104969,4/8/2020,262,0.45,12/13/2024
1769,CA-2020-104983,7/3/2020,287,0.2,12/13/2024
1770,CA-2020-105018,11/28/2020,698,0,12/13/2024
1771,CA-2020-105081,12/25/2020,356,0.1,12/13/2024
1772,CA-2020-105207,1/3/2020,97,0,12/13/2024
1773,CA-2020-105256,5/20/2020,381,0.2,12/13/2024
1774,CA-2020-105263,8/6/2020,466,0,12/13/2024
1775,CA-2020-105277,12/4/2020,466,0.2,12/13/2024
1776,CA-2020-105284,11/24/2020,503,0.2,12/13/2024
1777,CA-2020-105291,10/30/2020,711,0,12/13/2024
1778,CA-2020-105354,12/2/2020,614,0,12/13/2024
1779,CA-2020-105459,8/12/2020,574,0.2,12/13/2024
1780,CA-2020-105473,4/16/2020,94,0,12/13/2024
1781,CA-2020-105494,11/10/2020,587,0.1,12/13/2024
1782,CA-2020-105585,8/26/2020,641,0,12/13/2024
1783,CA-2020-105662,5/5/2020,624,0.2,12/13/2024
1784,CA-2020-105732,9/13/2020,19,0,12/13/2024
1785,CA-2020-105746,12/30/2020,71,0.3,12/13/2024
1786,CA-2020-105753,10/20/2020,454,0,12/13/2024
1787,CA-2020-105760,6/19/2020,420,0,12/13/2024
1788,CA-2020-105781,2/16/2020,364,0.05,12/13/2024
1789,CA-2020-105816,12/11/2020,391,0,12/13/2024
1790,CA-2020-105900,9/17/2020,107,0,12/13/2024
1791,CA-2020-105963,11/15/2020,680,0,12/13/2024
1792,CA-2020-106075,9/18/2020,330,0.2,12/13/2024
1793,CA-2020-106243,9/30/2020,307,0.2,12/13/2024
1794,CA-2020-106278,9/2/2020,91,0.1,12/13/2024
1795,CA-2020-106306,3/8/2020,592,0.7,12/13/2024
1796,CA-2020-106341,10/20/2020,460,0.2,12/13/2024
1797,CA-2020-106383,3/19/2020,113,0.7,12/13/2024
1798,CA-2020-106397,7/7/2020,517,0,12/13/2024
1799,CA-2020-106460,2/19/2020,312,0,12/13/2024
1800,CA-2020-106530,5/8/2020,153,0.2,12/13/2024
1801,CA-2020-106558,1/17/2020,222,0,12/13/2024
1802,CA-2020-106621,9/29/2020,224,0.2,12/13/2024
1803,CA-2020-106656,9/23/2020,240,0,12/13/2024
1804,CA-2020-106894,2/7/2020,123,0,12/13/2024
1805,CA-2020-106915,11/26/2020,293,0.2,12/13/2024
1806,CA-2020-106950,9/2/2020,356,0.4,12/13/2024
1807,CA-2020-107104,11/26/2020,537,0.04,12/13/2024
1808,CA-2020-107146,6/17/2020,452,0.2,12/13/2024
1809,CA-2020-107202,5/21/2020,453,0.2,12/13/2024
1810,CA-2020-107216,6/14/2020,613,0,12/13/2024
1811,CA-2020-107328,8/8/2020,122,0.13,12/13/2024
1812,CA-2020-107475,6/7/2020,660,0.2,12/13/2024
1813,CA-2020-107615,3/22/2020,626,0,12/13/2024
1814,CA-2020-107783,7/28/2020,581,0.47,12/13/2024
1815,CA-2020-107790,11/20/2020,260,0.2,12/13/2024
1816,CA-2020-108056,9/29/2020,279,0.2,12/13/2024
1817,CA-2020-108105,2/16/2020,314,0,12/13/2024
1818,CA-2020-108196,11/25/2020,182,0.53,12/13/2024
1819,CA-2020-108210,5/30/2020,60,0.2,12/13/2024
1820,CA-2020-108224,5/14/2020,752,0.2,12/13/2024
1821,CA-2020-108350,6/6/2020,671,0,12/13/2024
1822,CA-2020-108364,12/19/2020,99,0.8,12/13/2024
1823,CA-2020-108434,12/5/2020,366,0,12/13/2024
1824,CA-2020-108567,5/20/2020,193,0.7,12/13/2024
1825,CA-2020-108581,6/20/2020,246,0.2,12/13/2024
1826,CA-2020-108616,9/29/2020,381,0,12/13/2024
1827,CA-2020-108630,11/18/2020,77,0.2,12/13/2024
1828,CA-2020-108644,9/30/2020,696,0.8,12/13/2024
1829,CA-2020-108735,4/17/2020,392,0.15,12/13/2024
1830,CA-2020-108868,9/8/2020,418,0.2,12/13/2024
1831,CA-2020-108875,9/24/2020,154,0.2,12/13/2024
1832,CA-2020-108882,1/9/2020,448,0.1,12/13/2024
1833,CA-2020-108959,3/10/2020,514,0.2,12/13/2024
1834,CA-2020-108987,9/8/2020,25,0.23,12/13/2024
1835,CA-2020-109057,4/22/2020,773,0.2,12/13/2024
1836,CA-2020-109176,5/9/2020,413,0.2,12/13/2024
1837,CA-2020-109344,2/8/2020,145,0.2,12/13/2024
1838,CA-2020-109365,11/3/2020,789,0.06,12/13/2024
1839,CA-2020-109400,5/2/2020,575,0.3,12/13/2024
1840,CA-2020-109407,1/24/2020,323,0,12/13/2024
1841,CA-2020-109652,4/10/2020,616,0.2,12/13/2024
1842,CA-2020-109666,4/19/2020,439,0.03,12/13/2024
1843,CA-2020-109722,12/5/2020,757,0,12/13/2024
1844,CA-2020-109743,9/22/2020,692,0.2,12/13/2024
1845,CA-2020-109806,9/17/2020,407,0.07,12/13/2024
1846,CA-2020-109820,11/20/2020,22,0.53,12/13/2024
1847,CA-2020-109827,12/25/2020,479,0.36,12/13/2024
1848,CA-2020-109869,4/22/2020,756,0.36,12/13/2024
1849,CA-2020-109911,5/12/2020,780,0,12/13/2024
1850,CA-2020-109925,11/6/2020,339,0,12/13/2024
1851,CA-2020-109953,7/14/2020,622,0.07,12/13/2024
1852,CA-2020-110009,9/8/2020,760,0,12/13/2024
1853,CA-2020-110023,9/9/2020,768,0.2,12/13/2024
1854,CA-2020-110044,6/28/2020,641,0.2,12/13/2024
1855,CA-2020-110086,9/18/2020,68,0.2,12/13/2024
1856,CA-2020-110254,8/4/2020,522,0,12/13/2024
1857,CA-2020-110366,9/5/2020,350,0.2,12/13/2024
1858,CA-2020-110492,2/12/2020,408,0,12/13/2024
1859,CA-2020-110499,4/7/2020,790,0.2,12/13/2024
1860,CA-2020-110730,9/23/2020,155,0,12/13/2024
1861,CA-2020-110772,11/20/2020,579,0.28,12/13/2024
1862,CA-2020-110898,3/6/2020,451,0.68,12/13/2024
1863,CA-2020-110975,12/25/2020,190,0.25,12/13/2024
1864,CA-2020-110982,6/5/2020,148,0.1,12/13/2024
1865,CA-2020-111010,1/22/2020,593,0,12/13/2024
1866,CA-2020-111115,7/25/2020,449,0,12/13/2024
1867,CA-2020-111143,11/19/2020,772,0,12/13/2024
1868,CA-2020-111213,4/1/2020,291,0.1,12/13/2024
1869,CA-2020-111283,2/28/2020,451,0.2,12/13/2024
1870,CA-2020-111318,7/23/2020,337,0.2,12/13/2024
1871,CA-2020-111409,9/18/2020,603,0.2,12/13/2024
1872,CA-2020-111416,9/17/2020,482,0.2,12/13/2024
1873,CA-2020-111493,10/21/2020,158,0,12/13/2024
1874,CA-2020-111605,12/27/2020,412,0,12/13/2024
1875,CA-2020-111682,6/17/2020,732,0.04,12/13/2024
1876,CA-2020-111696,5/8/2020,741,0,12/13/2024
1877,CA-2020-111794,10/1/2020,324,0.2,12/13/2024
1878,CA-2020-111913,8/4/2020,453,0.2,12/13/2024
1879,CA-2020-111941,12/25/2020,72,0.2,12/13/2024
1880,CA-2020-111976,3/8/2020,72,0.3,12/13/2024
1881,CA-2020-112025,7/30/2020,473,0.8,12/13/2024
1882,CA-2020-112060,12/4/2020,444,0,12/13/2024
1883,CA-2020-112102,4/12/2020,71,0,12/13/2024
1884,CA-2020-112109,7/8/2020,356,0.45,12/13/2024
1885,CA-2020-112123,3/3/2020,89,0,12/13/2024
1886,CA-2020-112256,7/23/2020,148,0.32,12/13/2024
1887,CA-2020-112277,9/10/2020,678,0.2,12/13/2024
1888,CA-2020-112340,10/21/2020,570,0,12/13/2024
1889,CA-2020-112382,5/9/2020,486,0.2,12/13/2024
1890,CA-2020-112389,10/29/2020,394,0,12/13/2024
1891,CA-2020-112578,12/29/2020,290,0,12/13/2024
1892,CA-2020-112585,7/30/2020,662,0,12/13/2024
1893,CA-2020-112669,4/14/2020,444,0.2,12/13/2024
1894,CA-2020-112676,5/5/2020,595,0.2,12/13/2024
1895,CA-2020-112697,12/18/2020,31,0.37,12/13/2024
1896,CA-2020-112739,9/2/2020,635,0.5,12/13/2024
1897,CA-2020-112830,6/6/2020,469,0.2,12/13/2024
1898,CA-2020-112893,9/9/2020,60,0.2,12/13/2024
1899,CA-2020-112942,2/13/2020,635,0,12/13/2024
1900,CA-2020-113061,4/22/2020,267,0,12/13/2024
1901,CA-2020-113082,9/12/2020,490,0,12/13/2024
1902,CA-2020-113096,9/2/2020,730,0,12/13/2024
1903,CA-2020-113117,8/16/2020,401,0,12/13/2024
1904,CA-2020-113138,11/19/2020,573,0.1,12/13/2024
1905,CA-2020-113236,5/26/2020,166,0.2,12/13/2024
1906,CA-2020-113243,6/10/2020,581,0.07,12/13/2024
1907,CA-2020-113292,3/18/2020,191,0.2,12/13/2024
1908,CA-2020-113341,11/25/2020,512,0.2,12/13/2024
1909,CA-2020-113390,10/11/2020,276,0.2,12/13/2024
1910,CA-2020-113425,11/21/2020,383,0.2,12/13/2024
1911,CA-2020-113516,9/8/2020,781,0.2,12/13/2024
1912,CA-2020-113551,8/18/2020,561,0.5,12/13/2024
1913,CA-2020-113600,12/15/2020,693,0.7,12/13/2024
1914,CA-2020-113607,10/14/2020,614,0,12/13/2024
1915,CA-2020-113621,12/1/2020,357,0,12/13/2024
1916,CA-2020-113656,1/23/2020,127,0,12/13/2024
1917,CA-2020-113726,11/24/2020,677,0,12/13/2024
1918,CA-2020-113733,12/8/2020,462,0.2,12/13/2024
1919,CA-2020-113747,5/28/2020,777,0,12/13/2024
1920,CA-2020-113803,3/24/2020,780,0,12/13/2024
1921,CA-2020-113817,11/7/2020,517,0.2,12/13/2024
1922,CA-2020-113831,5/30/2020,35,0,12/13/2024
1923,CA-2020-113845,11/20/2020,280,0.2,12/13/2024
1924,CA-2020-113978,9/25/2020,767,0.2,12/13/2024
1925,CA-2020-114104,11/20/2020,572,0,12/13/2024
1926,CA-2020-114209,5/21/2020,57,0.5,12/13/2024
1927,CA-2020-114307,7/22/2020,501,0,12/13/2024
1928,CA-2020-114405,4/7/2020,56,0.2,12/13/2024
1929,CA-2020-114482,11/21/2020,226,0,12/13/2024
1930,CA-2020-114489,12/5/2020,358,0,12/13/2024
1931,CA-2020-114538,12/26/2020,629,0.2,12/13/2024
1932,CA-2020-114601,8/26/2020,3,0,12/13/2024
1933,CA-2020-114713,7/7/2020,678,0.2,12/13/2024
1934,CA-2020-114727,7/18/2020,472,0.3,12/13/2024
1935,CA-2020-114748,10/9/2020,551,0.2,12/13/2024
1936,CA-2020-114860,12/22/2020,228,0,12/13/2024
1937,CA-2020-114867,12/23/2020,288,0.3,12/13/2024
1938,CA-2020-114895,11/21/2020,546,0,12/13/2024
1939,CA-2020-114944,1/30/2020,320,0.2,12/13/2024
1940,CA-2020-114951,6/26/2020,228,0,12/13/2024
1941,CA-2020-114972,11/3/2020,591,0.05,12/13/2024
1942,CA-2020-115224,12/8/2020,198,0,12/13/2024
1943,CA-2020-115378,11/18/2020,39,0,12/13/2024
1944,CA-2020-115476,3/17/2020,782,0,12/13/2024
1945,CA-2020-115483,7/14/2020,408,0.2,12/13/2024
1946,CA-2020-115504,3/12/2020,495,0,12/13/2024
1947,CA-2020-115525,7/25/2020,657,0.2,12/13/2024
1948,CA-2020-115574,12/23/2020,102,0.3,12/13/2024
1949,CA-2020-115588,11/10/2020,18,0.2,12/13/2024
1950,CA-2020-115756,9/5/2020,598,0,12/13/2024
1951,CA-2020-115917,5/20/2020,624,0.1,12/13/2024
1952,CA-2020-116232,9/22/2020,13,0.45,12/13/2024
1953,CA-2020-116337,11/7/2020,493,0.4,12/13/2024
1954,CA-2020-116344,7/29/2020,397,0.2,12/13/2024
1955,CA-2020-116379,11/7/2020,458,0.2,12/13/2024
1956,CA-2020-116526,9/1/2020,340,0.02,12/13/2024
1957,CA-2020-116540,9/2/2020,717,0,12/13/2024
1958,CA-2020-116547,1/10/2020,418,0,12/13/2024
1959,CA-2020-116561,9/11/2020,253,0.1,12/13/2024
1960,CA-2020-116596,10/27/2020,120,0.08,12/13/2024
1961,CA-2020-116603,7/17/2020,60,0,12/13/2024
1962,CA-2020-116722,11/11/2020,468,0.13,12/13/2024
1963,CA-2020-116736,1/17/2020,133,0,12/13/2024
1964,CA-2020-116764,8/27/2020,269,0.2,12/13/2024
1965,CA-2020-116799,3/3/2020,367,0.25,12/13/2024
1966,CA-2020-116911,9/15/2020,353,0.1,12/13/2024
1967,CA-2020-116918,10/1/2020,376,0.45,12/13/2024
1968,CA-2020-116974,10/9/2020,534,0.4,12/13/2024
1969,CA-2020-117121,12/17/2020,7,0,12/13/2024
1970,CA-2020-117226,12/30/2020,425,0.8,12/13/2024
1971,CA-2020-117282,7/14/2020,236,0.2,12/13/2024
1972,CA-2020-117408,8/31/2020,757,0.2,12/13/2024
1973,CA-2020-117583,11/27/2020,126,0,12/13/2024
1974,CA-2020-117590,12/8/2020,301,0.4,12/13/2024
1975,CA-2020-117604,9/4/2020,401,0,12/13/2024
1976,CA-2020-117625,5/10/2020,306,0.2,12/13/2024
1977,CA-2020-117660,12/30/2020,94,0.2,12/13/2024
1978,CA-2020-117681,4/9/2020,321,0.15,12/13/2024
1979,CA-2020-117849,4/15/2020,383,0,12/13/2024
1980,CA-2020-117912,2/4/2020,739,0.2,12/13/2024
1981,CA-2020-117919,8/27/2020,737,0.2,12/13/2024
1982,CA-2020-118052,5/6/2020,78,0.2,12/13/2024
1983,CA-2020-118073,8/12/2020,181,0.45,12/13/2024
1984,CA-2020-118101,6/26/2020,704,0,12/13/2024
1985,CA-2020-118129,12/19/2020,153,0.2,12/13/2024
1986,CA-2020-118178,3/19/2020,136,0.7,12/13/2024
1987,CA-2020-118255,3/11/2020,580,0,12/13/2024
1988,CA-2020-118311,10/24/2020,256,0,12/13/2024
1989,CA-2020-118332,12/16/2020,598,0.2,12/13/2024
1990,CA-2020-118500,11/17/2020,326,0,12/13/2024
1991,CA-2020-118514,2/3/2020,455,0,12/13/2024
1992,CA-2020-118570,11/13/2020,133,0.2,12/13/2024
1993,CA-2020-118626,8/15/2020,347,0.2,12/13/2024
1994,CA-2020-118689,10/2/2020,742,0,12/13/2024
1995,CA-2020-118745,6/11/2020,721,0.2,12/13/2024
1996,CA-2020-118759,11/14/2020,485,0.05,12/13/2024
1997,CA-2020-118899,3/22/2020,487,0.2,12/13/2024
1998,CA-2020-118913,6/25/2020,56,0,12/13/2024
1999,CA-2020-118934,8/9/2020,299,0.7,12/13/2024
2000,CA-2020-118969,10/2/2020,469,0.7,12/13/2024
2001,CA-2020-119018,11/4/2020,186,0.13,12/13/2024
2002,CA-2020-119025,2/22/2020,613,0,12/13/2024
2003,CA-2020-119074,3/27/2020,239,0,12/13/2024
2004,CA-2020-119123,3/13/2020,195,0.2,12/13/2024
2005,CA-2020-119165,10/31/2020,68,0.3,12/13/2024
2006,CA-2020-119186,5/26/2020,539,0.22,12/13/2024
2007,CA-2020-119445,6/26/2020,306,0,12/13/2024
2008,CA-2020-119515,8/14/2020,760,0.2,12/13/2024
2009,CA-2020-119641,9/22/2020,177,0,12/13/2024
2010,CA-2020-119683,3/12/2020,150,0,12/13/2024
2011,CA-2020-119823,6/4/2020,423,0,12/13/2024
2012,CA-2020-119865,6/21/2020,53,0.2,12/13/2024
2013,CA-2020-119935,11/10/2020,436,0,12/13/2024
2014,CA-2020-119963,11/18/2020,705,0.23,12/13/2024
2015,CA-2020-120005,3/3/2020,762,0,12/13/2024
2016,CA-2020-120082,3/25/2020,211,0,12/13/2024
2017,CA-2020-120180,7/14/2020,757,0.2,12/13/2024
2018,CA-2020-120250,9/19/2020,44,0.2,12/13/2024
2019,CA-2020-120257,9/22/2020,615,0.2,12/13/2024
2020,CA-2020-120355,9/18/2020,525,0.05,12/13/2024
2021,CA-2020-120369,10/28/2020,776,0,12/13/2024
2022,CA-2020-120530,4/7/2020,223,0.1,12/13/2024
2023,CA-2020-120558,6/7/2020,635,0,12/13/2024
2024,CA-2020-120796,4/3/2020,174,0.7,12/13/2024
2025,CA-2020-120803,3/9/2020,624,0,12/13/2024
2026,CA-2020-120824,6/12/2020,62,0.44,12/13/2024
2027,CA-2020-120859,9/1/2020,185,0,12/13/2024
2028,CA-2020-120873,10/27/2020,120,0,12/13/2024
2029,CA-2020-121020,10/24/2020,143,0.2,12/13/2024
2030,CA-2020-121034,8/8/2020,364,0.2,12/13/2024
2031,CA-2020-121223,9/11/2020,297,0.3,12/13/2024
2032,CA-2020-121356,11/20/2020,697,0,12/13/2024
2033,CA-2020-121370,11/14/2020,253,0.3,12/13/2024
2034,CA-2020-121377,5/28/2020,756,0.2,12/13/2024
2035,CA-2020-121447,2/21/2020,246,0,12/13/2024
2036,CA-2020-121601,10/4/2020,530,0.2,12/13/2024
2037,CA-2020-121671,7/17/2020,3,0,12/13/2024
2038,CA-2020-121748,10/24/2020,787,0,12/13/2024
2039,CA-2020-121755,1/16/2020,259,0.1,12/13/2024
2040,CA-2020-121958,11/13/2020,182,0.2,12/13/2024
2041,CA-2020-121993,6/10/2020,343,0.2,12/13/2024
2042,CA-2020-122017,12/29/2020,139,0,12/13/2024
2043,CA-2020-122063,12/3/2020,526,0,12/13/2024
2044,CA-2020-122133,5/16/2020,403,0,12/13/2024
2045,CA-2020-122322,7/15/2020,644,0,12/13/2024
2046,CA-2020-122392,7/22/2020,147,0.2,12/13/2024
2047,CA-2020-122448,6/9/2020,193,0.2,12/13/2024
2048,CA-2020-122511,3/11/2020,114,0.2,12/13/2024
2049,CA-2020-122518,3/4/2020,640,0.2,12/13/2024
2050,CA-2020-122581,8/21/2020,378,0.1,12/13/2024
2051,CA-2020-122728,5/18/2020,251,0,12/13/2024
2052,CA-2020-122903,5/27/2020,448,0,12/13/2024
2053,CA-2020-123015,12/26/2020,38,0.2,12/13/2024
2054,CA-2020-123050,4/4/2020,67,0,12/13/2024
2055,CA-2020-123120,9/4/2020,184,0.07,12/13/2024
2056,CA-2020-123176,9/27/2020,366,0,12/13/2024
2057,CA-2020-123274,2/19/2020,312,0,12/13/2024
2058,CA-2020-123337,9/16/2020,425,0.07,12/13/2024
2059,CA-2020-123358,4/10/2020,116,0.05,12/13/2024
2060,CA-2020-123414,8/21/2020,720,0.2,12/13/2024
2061,CA-2020-123512,6/17/2020,546,0.05,12/13/2024
2062,CA-2020-123526,12/24/2020,117,0,12/13/2024
2063,CA-2020-123533,11/24/2020,669,0.2,12/13/2024
2064,CA-2020-123540,4/2/2020,208,0,12/13/2024
2065,CA-2020-123617,11/28/2020,37,0.7,12/13/2024
2066,CA-2020-123666,3/26/2020,707,0,12/13/2024
2067,CA-2020-123722,9/25/2020,566,0.2,12/13/2024
2068,CA-2020-123806,11/24/2020,448,0,12/13/2024
2069,CA-2020-123932,9/6/2020,790,0.2,12/13/2024
2070,CA-2020-123946,9/12/2020,38,0,12/13/2024
2071,CA-2020-124016,9/23/2020,409,0.37,12/13/2024
2072,CA-2020-124051,12/29/2020,414,0.2,12/13/2024
2073,CA-2020-124100,3/31/2020,260,0.1,12/13/2024
2074,CA-2020-124149,4/23/2020,517,0.2,12/13/2024
2075,CA-2020-124233,4/8/2020,150,0,12/13/2024
2076,CA-2020-124254,4/12/2020,733,0.2,12/13/2024
2077,CA-2020-124352,10/15/2020,142,0,12/13/2024
2078,CA-2020-124485,11/24/2020,555,0.05,12/13/2024
2079,CA-2020-124506,11/11/2020,66,0.25,12/13/2024
2080,CA-2020-124527,11/16/2020,338,0.2,12/13/2024
2081,CA-2020-124562,12/8/2020,402,0.7,12/13/2024
2082,CA-2020-124583,9/1/2020,450,0,12/13/2024
2083,CA-2020-124590,11/12/2020,711,0.26,12/13/2024
2084,CA-2020-124667,11/11/2020,75,0,12/13/2024
2085,CA-2020-124681,7/18/2020,724,0.2,12/13/2024
2086,CA-2020-124772,12/5/2020,366,0,12/13/2024
2087,CA-2020-124793,3/14/2020,528,0.2,12/13/2024
2088,CA-2020-124814,4/10/2020,287,0.1,12/13/2024
2089,CA-2020-125017,2/6/2020,415,0.2,12/13/2024
2090,CA-2020-125080,10/21/2020,787,0.4,12/13/2024
2091,CA-2020-125087,4/18/2020,751,0.37,12/13/2024
2092,CA-2020-125094,11/5/2020,574,0,12/13/2024
2093,CA-2020-125164,11/10/2020,692,0.2,12/13/2024
2094,CA-2020-125206,1/3/2020,470,0,12/13/2024
2095,CA-2020-125220,10/14/2020,77,0,12/13/2024
2096,CA-2020-125318,6/6/2020,629,0.2,12/13/2024
2097,CA-2020-125661,11/24/2020,122,0.2,12/13/2024
2098,CA-2020-125724,9/22/2020,703,0.2,12/13/2024
2099,CA-2020-125738,10/15/2020,583,0.05,12/13/2024
2100,CA-2020-125794,9/29/2020,521,0,12/13/2024
2101,CA-2020-125815,10/28/2020,221,0,12/13/2024
2102,CA-2020-125843,8/13/2020,642,0,12/13/2024
2103,CA-2020-125850,1/22/2020,291,0,12/13/2024
2104,CA-2020-125920,5/21/2020,692,0.8,12/13/2024
2105,CA-2020-126004,12/4/2020,91,0.03,12/13/2024
2106,CA-2020-126102,9/10/2020,241,0.2,12/13/2024
2107,CA-2020-126158,7/25/2020,670,0.1,12/13/2024
2108,CA-2020-126165,5/5/2020,33,0.2,12/13/2024
2109,CA-2020-126270,4/23/2020,17,0.1,12/13/2024
2110,CA-2020-126284,9/20/2020,275,0,12/13/2024
2111,CA-2020-126529,1/11/2020,203,0.27,12/13/2024
2112,CA-2020-126543,1/9/2020,501,0.2,12/13/2024
2113,CA-2020-126613,7/10/2020,2,0.2,12/13/2024
2114,CA-2020-126627,10/10/2020,788,0.7,12/13/2024
2115,CA-2020-126732,9/2/2020,470,0.1,12/13/2024
2116,CA-2020-126795,6/13/2020,312,0.2,12/13/2024
2117,CA-2020-126809,4/9/2020,248,0.2,12/13/2024
2118,CA-2020-126858,11/19/2020,391,0,12/13/2024
2119,CA-2020-126935,5/19/2020,112,0.2,12/13/2024
2120,CA-2020-127138,3/12/2020,216,0.05,12/13/2024
2121,CA-2020-127194,12/10/2020,119,0,12/13/2024
2122,CA-2020-127208,6/12/2020,680,0,12/13/2024
2123,CA-2020-127236,3/29/2020,740,0.45,12/13/2024
2124,CA-2020-127243,11/28/2020,239,0.36,12/13/2024
2125,CA-2020-127250,11/3/2020,686,0,12/13/2024
2126,CA-2020-127369,6/6/2020,191,0,12/13/2024
2127,CA-2020-127642,5/21/2020,167,0,12/13/2024
2128,CA-2020-127649,10/7/2020,222,0.2,12/13/2024
2129,CA-2020-127670,3/20/2020,633,0,12/13/2024
2130,CA-2020-127698,12/1/2020,546,0.2,12/13/2024
2131,CA-2020-127761,11/10/2020,726,0.1,12/13/2024
2132,CA-2020-127775,6/11/2020,278,0,12/13/2024
2133,CA-2020-127985,4/1/2020,189,0,12/13/2024
2134,CA-2020-128111,3/17/2020,178,0,12/13/2024
2135,CA-2020-128223,6/14/2020,247,0.2,12/13/2024
2136,CA-2020-128258,3/30/2020,166,0,12/13/2024
2137,CA-2020-128307,7/25/2020,76,0.2,12/13/2024
2138,CA-2020-128412,12/10/2020,45,0.04,12/13/2024
2139,CA-2020-128517,4/9/2020,727,0,12/13/2024
2140,CA-2020-128531,11/24/2020,576,0.2,12/13/2024
2141,CA-2020-128594,8/26/2020,209,0.2,12/13/2024
2142,CA-2020-128671,8/11/2020,544,0,12/13/2024
2143,CA-2020-128706,2/27/2020,244,0.6,12/13/2024
2144,CA-2020-128727,8/29/2020,531,0,12/13/2024
2145,CA-2020-128811,9/12/2020,686,0.07,12/13/2024
2146,CA-2020-128818,5/7/2020,147,0.05,12/13/2024
2147,CA-2020-128867,11/3/2020,153,0,12/13/2024
2148,CA-2020-128916,8/18/2020,483,0.6,12/13/2024
2149,CA-2020-128923,12/9/2020,295,0.2,12/13/2024
2150,CA-2020-128972,11/13/2020,766,0,12/13/2024
2151,CA-2020-129126,12/14/2020,598,0.03,12/13/2024
2152,CA-2020-129196,11/1/2020,789,0.2,12/13/2024
2153,CA-2020-129238,1/31/2020,669,0.1,12/13/2024
2154,CA-2020-129280,5/3/2020,702,0.28,12/13/2024
2155,CA-2020-129308,7/7/2020,129,0.5,12/13/2024
2156,CA-2020-129630,9/4/2020,338,0.1,12/13/2024
2157,CA-2020-129686,11/27/2020,298,0.2,12/13/2024
2158,CA-2020-129693,11/26/2020,742,0.2,12/13/2024
2159,CA-2020-129714,9/1/2020,6,0.08,12/13/2024
2160,CA-2020-129728,5/30/2020,367,0,12/13/2024
2161,CA-2020-129847,9/2/2020,731,0.6,12/13/2024
2162,CA-2020-129861,6/17/2020,226,0.4,12/13/2024
2163,CA-2020-129868,12/26/2020,495,0.1,12/13/2024
2164,CA-2020-129903,12/1/2020,315,0,12/13/2024
2165,CA-2020-130001,4/23/2020,327,0.2,12/13/2024
2166,CA-2020-130029,7/3/2020,313,0,12/13/2024
2167,CA-2020-130050,7/16/2020,488,0.6,12/13/2024
2168,CA-2020-130078,8/8/2020,130,0,12/13/2024
2169,CA-2020-130162,10/28/2020,371,0.1,12/13/2024
2170,CA-2020-130225,9/11/2020,630,0.2,12/13/2024
2171,CA-2020-130267,9/19/2020,725,0,12/13/2024
2172,CA-2020-130288,11/26/2020,216,0.4,12/13/2024
2173,CA-2020-130393,12/1/2020,395,0.47,12/13/2024
2174,CA-2020-130400,3/8/2020,695,0.4,12/13/2024
2175,CA-2020-130407,9/2/2020,423,0,12/13/2024
2176,CA-2020-130442,12/16/2020,685,0.2,12/13/2024
2177,CA-2020-130477,4/8/2020,456,0,12/13/2024
2178,CA-2020-130484,8/22/2020,689,0.7,12/13/2024
2179,CA-2020-130638,5/16/2020,670,0,12/13/2024
2180,CA-2020-130680,6/24/2020,68,0.2,12/13/2024
2181,CA-2020-130778,11/19/2020,559,0,12/13/2024
2182,CA-2020-130799,11/11/2020,90,0,12/13/2024
2183,CA-2020-130820,11/15/2020,580,0.4,12/13/2024
2184,CA-2020-130911,3/24/2020,200,0.35,12/13/2024
2185,CA-2020-130946,4/8/2020,792,0.43,12/13/2024
2186,CA-2020-131065,11/14/2020,2,0,12/13/2024
2187,CA-2020-131093,9/17/2020,768,0.2,12/13/2024
2188,CA-2020-131205,9/4/2020,4,0,12/13/2024
2189,CA-2020-131289,12/8/2020,708,0.07,12/13/2024
2190,CA-2020-131296,10/4/2020,541,0.3,12/13/2024
2191,CA-2020-131380,3/28/2020,131,0,12/13/2024
2192,CA-2020-131499,9/8/2020,506,0,12/13/2024
2193,CA-2020-131576,11/22/2020,632,0,12/13/2024
2194,CA-2020-131639,12/17/2020,577,0.2,12/13/2024
2195,CA-2020-131737,3/17/2020,315,0,12/13/2024
2196,CA-2020-131744,6/18/2020,680,0.37,12/13/2024
2197,CA-2020-131835,7/17/2020,490,0,12/13/2024
2198,CA-2020-131968,11/11/2020,450,0.45,12/13/2024
2199,CA-2020-132017,9/26/2020,513,0.8,12/13/2024
2200,CA-2020-132066,10/16/2020,554,0.4,12/13/2024
2201,CA-2020-132094,8/26/2020,780,0.2,12/13/2024
2202,CA-2020-132143,9/3/2020,287,0,12/13/2024
2203,CA-2020-132304,6/14/2020,51,0,12/13/2024
2204,CA-2020-132409,5/26/2020,752,0.2,12/13/2024
2205,CA-2020-132479,9/24/2020,518,0.8,12/13/2024
2206,CA-2020-132549,11/25/2020,378,0,12/13/2024
2207,CA-2020-132661,10/23/2020,713,0,12/13/2024
2208,CA-2020-132731,11/24/2020,293,0.2,12/13/2024
2209,CA-2020-132829,12/23/2020,448,0.28,12/13/2024
2210,CA-2020-132899,4/7/2020,686,0,12/13/2024
2211,CA-2020-132990,8/1/2020,438,0.2,12/13/2024
2212,CA-2020-132997,11/7/2020,482,0.04,12/13/2024
2213,CA-2020-133123,9/6/2020,416,0.45,12/13/2024
2214,CA-2020-133144,5/16/2020,229,0,12/13/2024
2215,CA-2020-133319,9/5/2020,545,0,12/13/2024
2216,CA-2020-133340,12/9/2020,464,0.03,12/13/2024
2217,CA-2020-133368,1/14/2020,25,0.2,12/13/2024
2218,CA-2020-133550,7/31/2020,435,0.03,12/13/2024
2219,CA-2020-133613,6/17/2020,167,0,12/13/2024
2220,CA-2020-133669,10/21/2020,724,0.4,12/13/2024
2221,CA-2020-133697,10/20/2020,162,0.23,12/13/2024
2222,CA-2020-133711,11/26/2020,488,0,12/13/2024
2223,CA-2020-133725,5/23/2020,435,0.2,12/13/2024
2224,CA-2020-133795,12/18/2020,354,0,12/13/2024
2225,CA-2020-133802,3/14/2020,709,0.2,12/13/2024
2226,CA-2020-133816,5/10/2020,179,0.4,12/13/2024
2227,CA-2020-133872,6/14/2020,782,0.45,12/13/2024
2228,CA-2020-133935,9/18/2020,411,0.13,12/13/2024
2229,CA-2020-134110,11/17/2020,86,0.2,12/13/2024
2230,CA-2020-134138,2/16/2020,349,0,12/13/2024
2231,CA-2020-134180,11/3/2020,402,0.25,12/13/2024
2232,CA-2020-134208,9/17/2020,182,0,12/13/2024
2233,CA-2020-134222,7/10/2020,579,0.7,12/13/2024
2234,CA-2020-134334,2/14/2020,214,0.07,12/13/2024
2235,CA-2020-134348,11/12/2020,539,0.53,12/13/2024
2236,CA-2020-134362,9/29/2020,472,0.2,12/13/2024
2237,CA-2020-134376,10/2/2020,772,0,12/13/2024
2238,CA-2020-134425,12/8/2020,616,0,12/13/2024
2239,CA-2020-134474,1/5/2020,38,0.2,12/13/2024
2240,CA-2020-134516,9/20/2020,287,0.2,12/13/2024
2241,CA-2020-134544,3/17/2020,15,0.2,12/13/2024
2242,CA-2020-134691,11/14/2020,421,0.8,12/13/2024
2243,CA-2020-134775,10/28/2020,57,0.1,12/13/2024
2244,CA-2020-134789,4/8/2020,149,0,12/13/2024
2245,CA-2020-134803,5/28/2020,153,0.08,12/13/2024
2246,CA-2020-134887,3/25/2020,736,0,12/13/2024
2247,CA-2020-134936,12/19/2020,279,0.63,12/13/2024
2248,CA-2020-135265,7/7/2020,132,0.13,12/13/2024
2249,CA-2020-135461,2/7/2020,252,0.2,12/13/2024
2250,CA-2020-135594,6/30/2020,30,0.2,12/13/2024
2251,CA-2020-135636,10/8/2020,198,0.2,12/13/2024
2252,CA-2020-135776,12/23/2020,258,0,12/13/2024
2253,CA-2020-135965,9/22/2020,730,0,12/13/2024
2254,CA-2020-136021,8/14/2020,393,0.1,12/13/2024
2255,CA-2020-136049,12/23/2020,570,0.7,12/13/2024
2256,CA-2020-136126,5/24/2020,262,0,12/13/2024
2257,CA-2020-136133,8/18/2020,334,0,12/13/2024
2258,CA-2020-136231,9/5/2020,225,0.32,12/13/2024
2259,CA-2020-136287,6/13/2020,717,0,12/13/2024
2260,CA-2020-136301,3/13/2020,258,0,12/13/2024
2261,CA-2020-136322,10/21/2020,44,0.45,12/13/2024
2262,CA-2020-136329,7/9/2020,350,0.05,12/13/2024
2263,CA-2020-136371,3/19/2020,724,0,12/13/2024
2264,CA-2020-136406,4/15/2020,68,0.2,12/13/2024
2265,CA-2020-136434,12/1/2020,631,0,12/13/2024
2266,CA-2020-136483,12/1/2020,22,0.2,12/13/2024
2267,CA-2020-136595,9/5/2020,269,0.6,12/13/2024
2268,CA-2020-136686,12/12/2020,642,0,12/13/2024
2269,CA-2020-136770,8/14/2020,709,0.33,12/13/2024
2270,CA-2020-136812,11/18/2020,62,0,12/13/2024
2271,CA-2020-136924,7/14/2020,279,0.2,12/13/2024
2272,CA-2020-136994,5/27/2020,476,0,12/13/2024
2273,CA-2020-137043,12/23/2020,456,0,12/13/2024
2274,CA-2020-137050,7/14/2020,729,0.1,12/13/2024
2275,CA-2020-137127,6/16/2020,374,0,12/13/2024
2276,CA-2020-137176,9/9/2020,189,0.6,12/13/2024
2277,CA-2020-137204,4/28/2020,97,0.2,12/13/2024
2278,CA-2020-137239,8/22/2020,170,0.37,12/13/2024
2279,CA-2020-137330,12/9/2020,418,0,12/13/2024
2280,CA-2020-137337,3/8/2020,296,0.07,12/13/2024
2281,CA-2020-137393,5/6/2020,306,0,12/13/2024
2282,CA-2020-137652,8/28/2020,248,0.7,12/13/2024
2283,CA-2020-137673,9/5/2020,520,0,12/13/2024
2284,CA-2020-137729,5/5/2020,80,0.1,12/13/2024
2285,CA-2020-137736,11/10/2020,201,0,12/13/2024
2286,CA-2020-137743,7/30/2020,430,0.2,12/13/2024
2287,CA-2020-137848,1/15/2020,788,0.07,12/13/2024
2288,CA-2020-137939,7/20/2020,596,0,12/13/2024
2289,CA-2020-138037,9/29/2020,49,0.2,12/13/2024
2290,CA-2020-138079,1/22/2020,38,0,12/13/2024
2291,CA-2020-138233,11/9/2020,590,0,12/13/2024
2292,CA-2020-138282,5/19/2020,35,0,12/13/2024
2293,CA-2020-138478,10/21/2020,235,0.07,12/13/2024
2294,CA-2020-138520,4/8/2020,387,0.05,12/13/2024
2295,CA-2020-138583,5/24/2020,235,0.2,12/13/2024
2296,CA-2020-138597,12/18/2020,602,0,12/13/2024
2297,CA-2020-138667,12/27/2020,547,0.2,12/13/2024
2298,CA-2020-138688,6/12/2020,240,0,12/13/2024
2299,CA-2020-138695,5/28/2020,422,0.2,12/13/2024
2300,CA-2020-138933,4/24/2020,384,0.2,12/13/2024
2301,CA-2020-138968,3/15/2020,282,0.2,12/13/2024
2302,CA-2020-139010,2/21/2020,492,0.1,12/13/2024
2303,CA-2020-139157,10/1/2020,307,0.4,12/13/2024
2304,CA-2020-139234,5/6/2020,17,0.5,12/13/2024
2305,CA-2020-139269,5/25/2020,344,0,12/13/2024
2306,CA-2020-139381,4/18/2020,642,0,12/13/2024
2307,CA-2020-139395,12/12/2020,503,0,12/13/2024
2308,CA-2020-139409,9/5/2020,292,0,12/13/2024
2309,CA-2020-139549,10/20/2020,550,0.2,12/13/2024
2310,CA-2020-139556,4/26/2020,195,0.1,12/13/2024
2311,CA-2020-139689,12/29/2020,534,0.7,12/13/2024
2312,CA-2020-139808,10/7/2020,494,0,12/13/2024
2313,CA-2020-139878,11/11/2020,458,0,12/13/2024
2314,CA-2020-139885,12/4/2020,249,0,12/13/2024
2315,CA-2020-139934,12/18/2020,63,0.2,12/13/2024
2316,CA-2020-139941,6/12/2020,127,0,12/13/2024
2317,CA-2020-139997,7/1/2020,273,0,12/13/2024
2318,CA-2020-140018,11/21/2020,148,0.4,12/13/2024
2319,CA-2020-140046,7/28/2020,438,0,12/13/2024
2320,CA-2020-140081,6/20/2020,143,0.32,12/13/2024
2321,CA-2020-140130,10/31/2020,334,0,12/13/2024
2322,CA-2020-140207,11/5/2020,179,0.2,12/13/2024
2323,CA-2020-140249,9/27/2020,728,0.2,12/13/2024
2324,CA-2020-140256,8/22/2020,614,0,12/13/2024
2325,CA-2020-140382,6/23/2020,636,0.05,12/13/2024
2326,CA-2020-140417,9/25/2020,427,0.45,12/13/2024
2327,CA-2020-140438,12/24/2020,614,0,12/13/2024
2328,CA-2020-140501,6/23/2020,339,0,12/13/2024
2329,CA-2020-140543,6/29/2020,165,0,12/13/2024
2330,CA-2020-140564,12/5/2020,745,0,12/13/2024
2331,CA-2020-140571,3/15/2020,695,0,12/13/2024
2332,CA-2020-140613,7/22/2020,442,0,12/13/2024
2333,CA-2020-140634,10/3/2020,328,0.2,12/13/2024
2334,CA-2020-140641,10/28/2020,276,0.7,12/13/2024
2335,CA-2020-140746,1/15/2020,629,0.3,12/13/2024
2336,CA-2020-140774,9/5/2020,78,0,12/13/2024
2337,CA-2020-140928,9/18/2020,554,0.45,12/13/2024
2338,CA-2020-140935,11/10/2020,5,0,12/13/2024
2339,CA-2020-140977,6/16/2020,385,0.5,12/13/2024
2340,CA-2020-141019,5/14/2020,464,0.2,12/13/2024
2341,CA-2020-141082,12/9/2020,289,0,12/13/2024
2342,CA-2020-141180,5/15/2020,231,0.7,12/13/2024
2343,CA-2020-141397,6/20/2020,629,0.08,12/13/2024
2344,CA-2020-141523,12/19/2020,511,0.1,12/13/2024
2345,CA-2020-141551,9/24/2020,103,0,12/13/2024
2346,CA-2020-141586,10/17/2020,567,0.2,12/13/2024
2347,CA-2020-141887,1/11/2020,533,0.2,12/13/2024
2348,CA-2020-141957,7/21/2020,367,0.32,12/13/2024
2349,CA-2020-142097,10/15/2020,616,0,12/13/2024
2350,CA-2020-142335,12/15/2020,534,0,12/13/2024
2351,CA-2020-142370,9/19/2020,757,0,12/13/2024
2352,CA-2020-142398,4/12/2020,104,0.2,12/13/2024
2353,CA-2020-142405,6/11/2020,684,0.07,12/13/2024
2354,CA-2020-142524,9/4/2020,486,0,12/13/2024
2355,CA-2020-142545,10/28/2020,350,0,12/13/2024
2356,CA-2020-142594,12/1/2020,265,0.07,12/13/2024
2357,CA-2020-142615,11/20/2020,92,0,12/13/2024
2358,CA-2020-142762,5/23/2020,458,0,12/13/2024
2359,CA-2020-142895,7/21/2020,104,0.2,12/13/2024
2360,CA-2020-142902,9/12/2020,102,0.2,12/13/2024
2361,CA-2020-142958,12/13/2020,662,0.2,12/13/2024
2362,CA-2020-143154,12/2/2020,55,0.2,12/13/2024
2363,CA-2020-143308,11/4/2020,629,0,12/13/2024
2364,CA-2020-143406,9/26/2020,471,0.55,12/13/2024
2365,CA-2020-143441,11/5/2020,254,0.2,12/13/2024
2366,CA-2020-143476,9/11/2020,453,0.2,12/13/2024
2367,CA-2020-143609,12/11/2020,194,0.2,12/13/2024
2368,CA-2020-143714,5/23/2020,132,0.43,12/13/2024
2369,CA-2020-143749,12/5/2020,20,0,12/13/2024
2370,CA-2020-143805,12/1/2020,350,0,12/13/2024
2371,CA-2020-143910,8/12/2020,67,0.1,12/13/2024
2372,CA-2020-143924,7/28/2020,677,0,12/13/2024
2373,CA-2020-144015,6/26/2020,29,0,12/13/2024
2374,CA-2020-144092,11/5/2020,464,0.07,12/13/2024
2375,CA-2020-144148,7/31/2020,35,0.2,12/13/2024
2376,CA-2020-144218,10/31/2020,350,0,12/13/2024
2377,CA-2020-144309,12/10/2020,160,0.1,12/13/2024
2378,CA-2020-144337,8/1/2020,691,0.2,12/13/2024
2379,CA-2020-144344,10/28/2020,592,0.32,12/13/2024
2380,CA-2020-144400,2/23/2020,12,0.2,12/13/2024
2381,CA-2020-144540,9/5/2020,299,0.5,12/13/2024
2382,CA-2020-144554,11/7/2020,226,0.2,12/13/2024
2383,CA-2020-144645,2/2/2020,577,0.6,12/13/2024
2384,CA-2020-144729,10/21/2020,357,0,12/13/2024
2385,CA-2020-144764,9/2/2020,648,0.23,12/13/2024
2386,CA-2020-144785,4/18/2020,181,0,12/13/2024
2387,CA-2020-144792,4/30/2020,426,0.2,12/13/2024
2388,CA-2020-144855,7/22/2020,222,0,12/13/2024
2389,CA-2020-144911,11/27/2020,662,0,12/13/2024
2390,CA-2020-144939,10/3/2020,250,0.1,12/13/2024
2391,CA-2020-145009,12/5/2020,640,0.2,12/13/2024
2392,CA-2020-145135,11/26/2020,142,0,12/13/2024
2393,CA-2020-145177,11/10/2020,607,0.28,12/13/2024
2394,CA-2020-145240,9/6/2020,88,0.2,12/13/2024
2395,CA-2020-145247,5/5/2020,559,0,12/13/2024
2396,CA-2020-145261,12/18/2020,30,0.31,12/13/2024
2397,CA-2020-145303,8/28/2020,758,0.64,12/13/2024
2398,CA-2020-145492,11/20/2020,491,0,12/13/2024
2399,CA-2020-145499,5/30/2020,663,0.7,12/13/2024
2400,CA-2020-145548,11/11/2020,248,0.08,12/13/2024
2401,CA-2020-145583,10/13/2020,452,0.03,12/13/2024
2402,CA-2020-145611,9/20/2020,317,0,12/13/2024
2403,CA-2020-145625,9/11/2020,421,0,12/13/2024
2404,CA-2020-145709,10/4/2020,35,0.2,12/13/2024
2405,CA-2020-145730,3/3/2020,131,0.3,12/13/2024
2406,CA-2020-145842,6/17/2020,289,0,12/13/2024
2407,CA-2020-145898,9/26/2020,162,0,12/13/2024
2408,CA-2020-145905,9/18/2020,42,0,12/13/2024
2409,CA-2020-145919,12/18/2020,323,0,12/13/2024
2410,CA-2020-145982,8/27/2020,732,0.05,12/13/2024
2411,CA-2020-146010,5/20/2020,262,0.7,12/13/2024
2412,CA-2020-146143,12/14/2020,493,0,12/13/2024
2413,CA-2020-146150,2/14/2020,289,0,12/13/2024
2414,CA-2020-146157,11/21/2020,634,0.2,12/13/2024
2415,CA-2020-146171,3/11/2020,402,0,12/13/2024
2416,CA-2020-146206,9/10/2020,445,0.25,12/13/2024
2417,CA-2020-146318,1/22/2020,487,0,12/13/2024
2418,CA-2020-146325,12/14/2020,239,0.1,12/13/2024
2419,CA-2020-146374,12/5/2020,320,0,12/13/2024
2420,CA-2020-146423,4/21/2020,116,0,12/13/2024
2421,CA-2020-146437,1/28/2020,323,0,12/13/2024
2422,CA-2020-146521,7/21/2020,136,0.7,12/13/2024
2423,CA-2020-146633,11/15/2020,748,0.2,12/13/2024
2424,CA-2020-146682,10/29/2020,446,0,12/13/2024
2425,CA-2020-146766,11/4/2020,771,0,12/13/2024
2426,CA-2020-146836,5/2/2020,134,0.1,12/13/2024
2427,CA-2020-146913,10/31/2020,687,0.2,12/13/2024
2428,CA-2020-146934,5/22/2020,17,0.05,12/13/2024
2429,CA-2020-146941,12/10/2020,220,0,12/13/2024
2430,CA-2020-147067,12/18/2020,353,0,12/13/2024
2431,CA-2020-147109,12/17/2020,29,0.2,12/13/2024
2432,CA-2020-147123,12/10/2020,695,0,12/13/2024
2433,CA-2020-147137,7/4/2020,4,0.04,12/13/2024
2434,CA-2020-147256,10/17/2020,281,0,12/13/2024
2435,CA-2020-147368,6/9/2020,744,0.5,12/13/2024
2436,CA-2020-147375,6/12/2020,605,0.25,12/13/2024
2437,CA-2020-147417,7/25/2020,127,0.4,12/13/2024
2438,CA-2020-147431,2/2/2020,7,0,12/13/2024
2439,CA-2020-147473,5/30/2020,568,0,12/13/2024
2440,CA-2020-147536,12/26/2020,48,0,12/13/2024
2441,CA-2020-147578,4/22/2020,593,0,12/13/2024
2442,CA-2020-147585,11/7/2020,128,0,12/13/2024
2443,CA-2020-147683,11/13/2020,605,0,12/13/2024
2444,CA-2020-147970,1/31/2020,8,0.2,12/13/2024
2445,CA-2020-148096,8/16/2020,43,0.2,12/13/2024
2446,CA-2020-148201,8/26/2020,130,0,12/13/2024
2447,CA-2020-148208,1/22/2020,115,0.3,12/13/2024
2448,CA-2020-148516,8/7/2020,245,0,12/13/2024
2449,CA-2020-148593,6/16/2020,68,0,12/13/2024
2450,CA-2020-148684,12/25/2020,769,0,12/13/2024
2451,CA-2020-148698,5/2/2020,75,0.2,12/13/2024
2452,CA-2020-148740,11/15/2020,35,0.2,12/13/2024
2453,CA-2020-148747,9/25/2020,52,0.15,12/13/2024
2454,CA-2020-148796,4/14/2020,585,0.2,12/13/2024
2455,CA-2020-148852,5/26/2020,722,0.12,12/13/2024
2456,CA-2020-148908,11/5/2020,372,0.2,12/13/2024
2457,CA-2020-149111,4/17/2020,83,0.2,12/13/2024
2458,CA-2020-149195,9/5/2020,227,0.2,12/13/2024
2459,CA-2020-149223,9/6/2020,277,0,12/13/2024
2460,CA-2020-149237,5/26/2020,160,0,12/13/2024
2461,CA-2020-149272,3/15/2020,550,0.55,12/13/2024
2462,CA-2020-149279,4/24/2020,154,0.37,12/13/2024
2463,CA-2020-149314,7/2/2020,295,0.2,12/13/2024
2464,CA-2020-149335,7/25/2020,67,0,12/13/2024
2465,CA-2020-149349,11/12/2020,709,0.6,12/13/2024
2466,CA-2020-149370,9/15/2020,193,0.2,12/13/2024
2467,CA-2020-149454,7/25/2020,437,0,12/13/2024
2468,CA-2020-149461,11/13/2020,54,0,12/13/2024
2469,CA-2020-149482,11/14/2020,656,0,12/13/2024
2470,CA-2020-149503,12/9/2020,709,0.2,12/13/2024
2471,CA-2020-149671,6/5/2020,419,0,12/13/2024
2472,CA-2020-149685,10/8/2020,601,0.2,12/13/2024
2473,CA-2020-149762,12/3/2020,634,0.09,12/13/2024
2474,CA-2020-149783,9/4/2020,220,0.2,12/13/2024
2475,CA-2020-149797,9/15/2020,29,0.2,12/13/2024
2476,CA-2020-149902,4/1/2020,244,0,12/13/2024
2477,CA-2020-149916,12/22/2020,256,0.2,12/13/2024
2478,CA-2020-149965,6/20/2020,105,0,12/13/2024
2479,CA-2020-149979,9/23/2020,619,0,12/13/2024
2480,CA-2020-150000,4/8/2020,592,0,12/13/2024
2481,CA-2020-150007,9/11/2020,53,0.5,12/13/2024
2482,CA-2020-150077,2/4/2020,537,0,12/13/2024
2483,CA-2020-150343,8/16/2020,598,0,12/13/2024
2484,CA-2020-150350,8/23/2020,540,0.07,12/13/2024
2485,CA-2020-150483,5/31/2020,104,0.33,12/13/2024
2486,CA-2020-150658,11/17/2020,537,0.2,12/13/2024
2487,CA-2020-150889,3/20/2020,584,0.2,12/13/2024
2488,CA-2020-150945,12/18/2020,383,0,12/13/2024
2489,CA-2020-151092,8/6/2020,779,0.2,12/13/2024
2490,CA-2020-151141,8/20/2020,243,0,12/13/2024
2491,CA-2020-151148,9/12/2020,605,0.2,12/13/2024
2492,CA-2020-151155,12/20/2020,10,0,12/13/2024
2493,CA-2020-151169,10/21/2020,550,0,12/13/2024
2494,CA-2020-151323,10/23/2020,10,0,12/13/2024
2495,CA-2020-151372,9/5/2020,372,0.07,12/13/2024
2496,CA-2020-151498,4/21/2020,228,0.2,12/13/2024
2497,CA-2020-151512,12/26/2020,692,0.2,12/13/2024
2498,CA-2020-151561,9/1/2020,592,0,12/13/2024
2499,CA-2020-151974,9/22/2020,633,0.2,12/13/2024
2500,CA-2020-152072,1/15/2020,234,0,12/13/2024
2501,CA-2020-152121,11/27/2020,137,0.2,12/13/2024
2502,CA-2020-152156,11/8/2020,144,0,12/13/2024
2503,CA-2020-152163,7/1/2020,361,0,12/13/2024
2504,CA-2020-152170,11/12/2020,284,0,12/13/2024
2505,CA-2020-152247,11/7/2020,484,0.2,12/13/2024
2506,CA-2020-152289,8/26/2020,453,0.25,12/13/2024
2507,CA-2020-152331,6/26/2020,457,0.2,12/13/2024
2508,CA-2020-152408,5/15/2020,771,0.2,12/13/2024
2509,CA-2020-152457,9/12/2020,678,0,12/13/2024
2510,CA-2020-152471,7/8/2020,793,0.2,12/13/2024
2511,CA-2020-152520,7/8/2020,751,0,12/13/2024
2512,CA-2020-152534,6/20/2020,232,0,12/13/2024
2513,CA-2020-152555,3/29/2020,498,0.23,12/13/2024
2514,CA-2020-152632,10/27/2020,354,0,12/13/2024
2515,CA-2020-152646,11/21/2020,752,0,12/13/2024
2516,CA-2020-152688,10/17/2020,575,0,12/13/2024
2517,CA-2020-152730,5/30/2020,273,0,12/13/2024
2518,CA-2020-152765,6/15/2020,476,0.2,12/13/2024
2519,CA-2020-152800,4/13/2020,711,0,12/13/2024
2520,CA-2020-152814,4/28/2020,261,0.2,12/13/2024
2521,CA-2020-152940,11/10/2020,652,0,12/13/2024
2522,CA-2020-153101,9/8/2020,596,0.2,12/13/2024
2523,CA-2020-153157,9/11/2020,741,0,12/13/2024
2524,CA-2020-153178,9/14/2020,153,0.1,12/13/2024
2525,CA-2020-153185,9/3/2020,513,0.2,12/13/2024
2526,CA-2020-153269,3/9/2020,609,0,12/13/2024
2527,CA-2020-153318,10/25/2020,406,0.2,12/13/2024
2528,CA-2020-153346,1/25/2020,737,0,12/13/2024
2529,CA-2020-153353,8/18/2020,298,0,12/13/2024
2530,CA-2020-153577,6/27/2020,429,0.25,12/13/2024
2531,CA-2020-153598,12/3/2020,570,0,12/13/2024
2532,CA-2020-153661,1/30/2020,679,0.07,12/13/2024
2533,CA-2020-153682,5/30/2020,87,0.4,12/13/2024
2534,CA-2020-153836,10/30/2020,258,0.1,12/13/2024
2535,CA-2020-154018,10/13/2020,318,0.4,12/13/2024
2536,CA-2020-154053,3/4/2020,507,0,12/13/2024
2537,CA-2020-154060,5/2/2020,218,0.2,12/13/2024
2538,CA-2020-154067,2/1/2020,703,0,12/13/2024
2539,CA-2020-154081,5/22/2020,355,0.2,12/13/2024
2540,CA-2020-154235,9/24/2020,636,0,12/13/2024
2541,CA-2020-154403,5/23/2020,44,0,12/13/2024
2542,CA-2020-154508,11/16/2020,636,0,12/13/2024
2543,CA-2020-154536,9/5/2020,345,0.7,12/13/2024
2544,CA-2020-154662,6/9/2020,84,0,12/13/2024
2545,CA-2020-154690,8/15/2020,132,0.2,12/13/2024
2546,CA-2020-154711,11/22/2020,737,0.07,12/13/2024
2547,CA-2020-154739,12/10/2020,464,0.2,12/13/2024
2548,CA-2020-154767,6/28/2020,101,0,12/13/2024
2549,CA-2020-154788,4/30/2020,388,0.2,12/13/2024
2550,CA-2020-154998,4/7/2020,279,0,12/13/2024
2551,CA-2020-155005,6/13/2020,669,0,12/13/2024
2552,CA-2020-155033,10/7/2020,134,0,12/13/2024
2553,CA-2020-155138,9/8/2020,393,0.2,12/13/2024
2554,CA-2020-155166,12/26/2020,66,0,12/13/2024
2555,CA-2020-155187,9/24/2020,448,0,12/13/2024
2556,CA-2020-155383,12/17/2020,677,0,12/13/2024
2557,CA-2020-155439,9/14/2020,602,0,12/13/2024
2558,CA-2020-155446,12/16/2020,756,0,12/13/2024
2559,CA-2020-155474,7/8/2020,131,0.2,12/13/2024
2560,CA-2020-155481,9/1/2020,216,0.27,12/13/2024
2561,CA-2020-155488,11/13/2020,288,0,12/13/2024
2562,CA-2020-155516,10/21/2020,518,0,12/13/2024
2563,CA-2020-155530,12/17/2020,158,0.2,12/13/2024
2564,CA-2020-155551,4/18/2020,168,0.2,12/13/2024
2565,CA-2020-155565,5/28/2020,258,0,12/13/2024
2566,CA-2020-155670,8/13/2020,271,0.45,12/13/2024
2567,CA-2020-155747,6/14/2020,407,0.4,12/13/2024
2568,CA-2020-155845,8/12/2020,160,0.2,12/13/2024
2569,CA-2020-155978,8/1/2020,763,0.1,12/13/2024
2570,CA-2020-155992,10/1/2020,131,0,12/13/2024
2571,CA-2020-156139,12/31/2020,101,0.2,12/13/2024
2572,CA-2020-156251,8/13/2020,762,0,12/13/2024
2573,CA-2020-156265,8/2/2020,81,0.2,12/13/2024
2574,CA-2020-156300,12/29/2020,740,0,12/13/2024
2575,CA-2020-156503,10/14/2020,556,0.2,12/13/2024
2576,CA-2020-156573,5/29/2020,622,0.37,12/13/2024
2577,CA-2020-156685,7/8/2020,671,0.2,12/13/2024
2578,CA-2020-156748,11/30/2020,109,0,12/13/2024
2579,CA-2020-156811,10/27/2020,100,0.1,12/13/2024
2580,CA-2020-157000,7/16/2020,41,0.2,12/13/2024
2581,CA-2020-157161,7/16/2020,350,0,12/13/2024
2582,CA-2020-157217,7/19/2020,746,0.1,12/13/2024
2583,CA-2020-157245,5/19/2020,459,0,12/13/2024
2584,CA-2020-157259,12/24/2020,392,0,12/13/2024
2585,CA-2020-157266,5/26/2020,736,0,12/13/2024
2586,CA-2020-157280,11/5/2020,481,0,12/13/2024
2587,CA-2020-157336,12/1/2020,697,0,12/13/2024
2588,CA-2020-157364,11/19/2020,478,0.2,12/13/2024
2589,CA-2020-157511,9/18/2020,721,0.23,12/13/2024
2590,CA-2020-157588,7/14/2020,50,0,12/13/2024
2591,CA-2020-157686,10/1/2020,72,0.2,12/13/2024
2592,CA-2020-157707,10/10/2020,136,0.37,12/13/2024
2593,CA-2020-157714,9/26/2020,176,0,12/13/2024
2594,CA-2020-157742,12/29/2020,435,0.2,12/13/2024
2595,CA-2020-157749,6/4/2020,435,0.41,12/13/2024
2596,CA-2020-157763,7/18/2020,429,0,12/13/2024
2597,CA-2020-157791,12/23/2020,121,0,12/13/2024
2598,CA-2020-157868,12/23/2020,490,0,12/13/2024
2599,CA-2020-158001,8/23/2020,400,0,12/13/2024
2600,CA-2020-158043,1/31/2020,377,0,12/13/2024
2601,CA-2020-158099,9/3/2020,597,0.55,12/13/2024
2602,CA-2020-158155,5/2/2020,258,0.05,12/13/2024
2603,CA-2020-158211,1/4/2020,102,0.45,12/13/2024
2604,CA-2020-158260,11/4/2020,134,0.2,12/13/2024
2605,CA-2020-158302,12/8/2020,344,0.2,12/13/2024
2606,CA-2020-158358,3/4/2020,268,0,12/13/2024
2607,CA-2020-158435,5/17/2020,27,0,12/13/2024
2608,CA-2020-158547,5/30/2020,396,0.2,12/13/2024
2609,CA-2020-158568,8/29/2020,624,0.4,12/13/2024
2610,CA-2020-158575,11/18/2020,667,0.2,12/13/2024
2611,CA-2020-158610,9/19/2020,150,0,12/13/2024
2612,CA-2020-158617,9/22/2020,15,0,12/13/2024
2613,CA-2020-158694,11/10/2020,36,0.03,12/13/2024
2614,CA-2020-158778,9/5/2020,193,0.25,12/13/2024
2615,CA-2020-158806,1/7/2020,570,0.4,12/13/2024
2616,CA-2020-158834,3/13/2020,774,0.2,12/13/2024
2617,CA-2020-158841,2/2/2020,684,0,12/13/2024
2618,CA-2020-158869,8/6/2020,35,0,12/13/2024
2619,CA-2020-158925,10/24/2020,400,0.2,12/13/2024
2620,CA-2020-159009,9/23/2020,232,0.2,12/13/2024
2621,CA-2020-159016,3/10/2020,428,0.1,12/13/2024
2622,CA-2020-159023,11/3/2020,578,0.7,12/13/2024
2623,CA-2020-159142,4/4/2020,498,0,12/13/2024
2624,CA-2020-159212,11/1/2020,437,0,12/13/2024
2625,CA-2020-159345,6/17/2020,336,0,12/13/2024
2626,CA-2020-159373,3/13/2020,478,0.43,12/13/2024
2627,CA-2020-159639,11/27/2020,587,0,12/13/2024
2628,CA-2020-159653,5/22/2020,363,0,12/13/2024
2629,CA-2020-159695,4/5/2020,305,0.2,12/13/2024
2630,CA-2020-159730,9/17/2020,695,0.2,12/13/2024
2631,CA-2020-159737,9/3/2020,174,0.8,12/13/2024
2632,CA-2020-159765,5/9/2020,750,0,12/13/2024
2633,CA-2020-159891,1/31/2020,83,0,12/13/2024
2634,CA-2020-159912,8/29/2020,295,0.45,12/13/2024
2635,CA-2020-159940,7/7/2020,81,0.33,12/13/2024
2636,CA-2020-159989,12/9/2020,250,0.2,12/13/2024
2637,CA-2020-160108,12/8/2020,27,0,12/13/2024
2638,CA-2020-160129,11/23/2020,474,0.2,12/13/2024
2639,CA-2020-160136,11/3/2020,595,0.2,12/13/2024
2640,CA-2020-160220,10/20/2020,410,0,12/13/2024
2641,CA-2020-160234,6/26/2020,591,0,12/13/2024
2642,CA-2020-160241,11/29/2020,237,0.6,12/13/2024
2643,CA-2020-160304,1/2/2020,92,0,12/13/2024
2644,CA-2020-160395,12/31/2020,434,0.1,12/13/2024
2645,CA-2020-160479,9/15/2020,34,0,12/13/2024
2646,CA-2020-160486,12/30/2020,263,0.2,12/13/2024
2647,CA-2020-160500,5/5/2020,225,0.2,12/13/2024
2648,CA-2020-160535,11/25/2020,99,0,12/13/2024
2649,CA-2020-160598,8/26/2020,723,0.2,12/13/2024
2650,CA-2020-160717,6/6/2020,498,0.13,12/13/2024
2651,CA-2020-160745,12/11/2020,51,0.07,12/13/2024
2652,CA-2020-160815,9/5/2020,760,0,12/13/2024
2653,CA-2020-160941,7/21/2020,211,0,12/13/2024
2654,CA-2020-161025,12/3/2020,304,0,12/13/2024
2655,CA-2020-161095,6/28/2020,177,0.2,12/13/2024
2656,CA-2020-161158,5/9/2020,610,0,12/13/2024
2657,CA-2020-161207,8/29/2020,6,0,12/13/2024
2658,CA-2020-161361,3/26/2020,545,0.1,12/13/2024
2659,CA-2020-161389,12/5/2020,339,0.2,12/13/2024
2660,CA-2020-161473,4/1/2020,733,0.07,12/13/2024
2661,CA-2020-161543,5/10/2020,634,0,12/13/2024
2662,CA-2020-161662,2/7/2020,77,0.2,12/13/2024
2663,CA-2020-161669,11/7/2020,272,0.1,12/13/2024
2664,CA-2020-161676,7/18/2020,400,0.2,12/13/2024
2665,CA-2020-161746,10/21/2020,174,0.05,12/13/2024
2666,CA-2020-161781,9/29/2020,129,0,12/13/2024
2667,CA-2020-161816,4/28/2020,554,0.2,12/13/2024
2668,CA-2020-161907,4/5/2020,373,0.3,12/13/2024
2669,CA-2020-161928,6/27/2020,15,0.2,12/13/2024
2670,CA-2020-162082,3/14/2020,408,0.24,12/13/2024
2671,CA-2020-162110,7/18/2020,572,0.2,12/13/2024
2672,CA-2020-162138,4/23/2020,303,0.1,12/13/2024
2673,CA-2020-162159,9/16/2020,169,0,12/13/2024
2674,CA-2020-162187,12/11/2020,577,0.26,12/13/2024
2675,CA-2020-162222,4/3/2020,713,0.2,12/13/2024
2676,CA-2020-162236,11/4/2020,277,0.27,12/13/2024
2677,CA-2020-162313,11/27/2020,776,0.1,12/13/2024
2678,CA-2020-162348,11/10/2020,83,0,12/13/2024
2679,CA-2020-162355,6/30/2020,590,0,12/13/2024
2680,CA-2020-162383,9/5/2020,496,0.57,12/13/2024
2681,CA-2020-162390,12/6/2020,232,0.2,12/13/2024
2682,CA-2020-162404,7/23/2020,562,0.8,12/13/2024
2683,CA-2020-162614,10/7/2020,735,0.2,12/13/2024
2684,CA-2020-162726,12/27/2020,543,0.2,12/13/2024
2685,CA-2020-162733,5/11/2020,770,0,12/13/2024
2686,CA-2020-162747,3/20/2020,28,0,12/13/2024
2687,CA-2020-162901,3/28/2020,52,0,12/13/2024
2688,CA-2020-162943,7/24/2020,190,0.1,12/13/2024
2689,CA-2020-163048,2/8/2020,511,0.3,12/13/2024
2690,CA-2020-163153,3/21/2020,224,0.25,12/13/2024
2691,CA-2020-163167,11/28/2020,640,0,12/13/2024
2692,CA-2020-163174,8/26/2020,789,0,12/13/2024
2693,CA-2020-163202,9/27/2020,93,0.7,12/13/2024
2694,CA-2020-163216,10/7/2020,62,0.2,12/13/2024
2695,CA-2020-163328,11/4/2020,759,0.2,12/13/2024
2696,CA-2020-163384,11/10/2020,133,0.1,12/13/2024
2697,CA-2020-163398,5/3/2020,127,0.6,12/13/2024
2698,CA-2020-163573,11/24/2020,13,0.2,12/13/2024
2699,CA-2020-163594,4/12/2020,360,0.13,12/13/2024
2700,CA-2020-163636,12/5/2020,535,0.2,12/13/2024
2701,CA-2020-163755,11/4/2020,57,0,12/13/2024
2702,CA-2020-163776,7/19/2020,410,0,12/13/2024
2703,CA-2020-163804,12/2/2020,194,0,12/13/2024
2704,CA-2020-163937,1/10/2020,343,0,12/13/2024
2705,CA-2020-163951,12/30/2020,146,0.2,12/13/2024
2706,CA-2020-163972,10/17/2020,507,0.15,12/13/2024
2707,CA-2020-163986,9/3/2020,374,0,12/13/2024
2708,CA-2020-164035,6/12/2020,170,0.2,12/13/2024
2709,CA-2020-164091,9/17/2020,448,0,12/13/2024
2710,CA-2020-164154,9/11/2020,579,0.45,12/13/2024
2711,CA-2020-164350,9/10/2020,143,0.2,12/13/2024
2712,CA-2020-164399,11/12/2020,243,0.2,12/13/2024
2713,CA-2020-164483,1/30/2020,363,0.2,12/13/2024
2714,CA-2020-164490,9/5/2020,720,0.2,12/13/2024
2715,CA-2020-164511,11/19/2020,210,0.07,12/13/2024
2716,CA-2020-164574,7/29/2020,645,0.45,12/13/2024
2717,CA-2020-164637,3/4/2020,631,0,12/13/2024
2718,CA-2020-164672,5/8/2020,295,0,12/13/2024
2719,CA-2020-164735,4/14/2020,738,0,12/13/2024
2720,CA-2020-164770,12/2/2020,550,0.26,12/13/2024
2721,CA-2020-164784,5/1/2020,321,0.43,12/13/2024
2722,CA-2020-164889,6/3/2020,167,0.2,12/13/2024
2723,CA-2020-164896,11/7/2020,611,0,12/13/2024
2724,CA-2020-164924,7/10/2020,246,0.7,12/13/2024
2725,CA-2020-164938,2/11/2020,586,0,12/13/2024
2726,CA-2020-165015,2/25/2020,74,0.2,12/13/2024
2727,CA-2020-165148,10/22/2020,601,0,12/13/2024
2728,CA-2020-165169,6/5/2020,386,0,12/13/2024
2729,CA-2020-165218,3/5/2020,662,0.2,12/13/2024
2730,CA-2020-165316,7/23/2020,341,0.3,12/13/2024
2731,CA-2020-165330,12/11/2020,788,0.11,12/13/2024
2732,CA-2020-165470,11/25/2020,326,0.2,12/13/2024
2733,CA-2020-165484,10/23/2020,327,0.4,12/13/2024
2734,CA-2020-165561,11/24/2020,168,0,12/13/2024
2735,CA-2020-165673,5/15/2020,529,0.2,12/13/2024
2736,CA-2020-165820,9/26/2020,245,0,12/13/2024
2737,CA-2020-165827,11/4/2020,501,0.2,12/13/2024
2738,CA-2020-165848,6/4/2020,275,0.05,12/13/2024
2739,CA-2020-165918,9/10/2020,75,0.1,12/13/2024
2740,CA-2020-165995,8/30/2020,88,0.1,12/13/2024
2741,CA-2020-166163,8/15/2020,187,0.1,12/13/2024
2742,CA-2020-166226,11/18/2020,746,0.1,12/13/2024
2743,CA-2020-166240,6/24/2020,206,0.8,12/13/2024
2744,CA-2020-166275,10/24/2020,717,0,12/13/2024
2745,CA-2020-166282,4/16/2020,598,0.2,12/13/2024
2746,CA-2020-166373,10/21/2020,364,0.2,12/13/2024
2747,CA-2020-166380,5/30/2020,248,0,12/13/2024
2748,CA-2020-166429,9/2/2020,748,0,12/13/2024
2749,CA-2020-166443,11/4/2020,463,0,12/13/2024
2750,CA-2020-166485,2/20/2020,32,0.2,12/13/2024
2751,CA-2020-166618,11/14/2020,231,0,12/13/2024
2752,CA-2020-166625,4/14/2020,393,0,12/13/2024
2753,CA-2020-166653,9/22/2020,573,0.2,12/13/2024
2754,CA-2020-166674,4/1/2020,622,0,12/13/2024
2755,CA-2020-166772,9/20/2020,326,0,12/13/2024
2756,CA-2020-166912,1/15/2020,76,0,12/13/2024
2757,CA-2020-167115,4/4/2020,263,0.2,12/13/2024
2758,CA-2020-167241,8/15/2020,68,0.05,12/13/2024
2759,CA-2020-167290,10/30/2020,360,0,12/13/2024
2760,CA-2020-167416,5/12/2020,393,0,12/13/2024
2761,CA-2020-167507,12/22/2020,664,0.37,12/13/2024
2762,CA-2020-167556,3/29/2020,390,0.1,12/13/2024
2763,CA-2020-167584,8/12/2020,451,0,12/13/2024
2764,CA-2020-167605,4/28/2020,625,0.6,12/13/2024
2765,CA-2020-167682,4/3/2020,793,0,12/13/2024
2766,CA-2020-167759,3/3/2020,137,0,12/13/2024
2767,CA-2020-167983,8/21/2020,653,0.2,12/13/2024
2768,CA-2020-168032,1/30/2020,204,0.5,12/13/2024
2769,CA-2020-168046,1/25/2020,350,0.15,12/13/2024
2770,CA-2020-168081,4/24/2020,122,0.2,12/13/2024
2771,CA-2020-168354,9/19/2020,644,0,12/13/2024
2772,CA-2020-168361,6/21/2020,419,0.8,12/13/2024
2773,CA-2020-168536,12/20/2020,681,0,12/13/2024
2774,CA-2020-168543,7/3/2020,216,0,12/13/2024
2775,CA-2020-168557,9/19/2020,284,0.2,12/13/2024
2776,CA-2020-168753,5/29/2020,648,0,12/13/2024
2777,CA-2020-168774,9/4/2020,655,0,12/13/2024
2778,CA-2020-168830,11/7/2020,520,0,12/13/2024
2779,CA-2020-168844,5/31/2020,570,0.1,12/13/2024
2780,CA-2020-168893,11/3/2020,45,0,12/13/2024
2781,CA-2020-168921,10/20/2020,23,0.2,12/13/2024
2782,CA-2020-168956,2/16/2020,246,0.38,12/13/2024
2783,CA-2020-169026,8/8/2020,163,0,12/13/2024
2784,CA-2020-169103,3/8/2020,792,0.2,12/13/2024
2785,CA-2020-169166,5/9/2020,717,0,12/13/2024
2786,CA-2020-169194,6/20/2020,462,0,12/13/2024
2787,CA-2020-169215,7/14/2020,639,0,12/13/2024
2788,CA-2020-169334,10/21/2020,314,0.2,12/13/2024
2789,CA-2020-169663,3/10/2020,644,0.1,12/13/2024
2790,CA-2020-169670,12/25/2020,356,0.1,12/13/2024
2791,CA-2020-169824,12/12/2020,577,0,12/13/2024
2792,CA-2020-169838,11/25/2020,66,0,12/13/2024
2793,CA-2020-169887,10/22/2020,538,0,12/13/2024
2794,CA-2020-169922,6/11/2020,552,0.73,12/13/2024
2795,CA-2020-169943,5/19/2020,96,0.04,12/13/2024
2796,CA-2020-169957,9/26/2020,705,0,12/13/2024
2797,CA-2020-169971,9/4/2020,337,0.2,12/13/2024
2798,CA-2021-100013,11/6/2021,792,0,12/13/2024
2799,CA-2021-100055,5/28/2021,497,0,12/13/2024
2800,CA-2021-100097,11/26/2021,529,0,12/13/2024
2801,CA-2021-100111,9/20/2021,721,0.04,12/13/2024
2802,CA-2021-100160,9/7/2021,126,0.2,12/13/2024
2803,CA-2021-100223,7/5/2021,472,0.52,12/13/2024
2804,CA-2021-100230,12/11/2021,2,0.07,12/13/2024
2805,CA-2021-100237,10/15/2021,723,0,12/13/2024
2806,CA-2021-100314,9/29/2021,58,0.27,12/13/2024
2807,CA-2021-100335,9/7/2021,563,0.2,12/13/2024
2808,CA-2021-100356,10/21/2021,711,0.8,12/13/2024
2809,CA-2021-100384,6/24/2021,566,0,12/13/2024
2810,CA-2021-100412,12/22/2021,712,0,12/13/2024
2811,CA-2021-100426,6/4/2021,200,0,12/13/2024
2812,CA-2021-100433,8/11/2021,695,0,12/13/2024
2813,CA-2021-100524,3/31/2021,157,0,12/13/2024
2814,CA-2021-100580,8/13/2021,518,0.2,12/13/2024
2815,CA-2021-100601,11/16/2021,378,0,12/13/2024
2816,CA-2021-100615,4/20/2021,696,0.37,12/13/2024
2817,CA-2021-100622,11/3/2021,214,0.32,12/13/2024
2818,CA-2021-100636,6/26/2021,229,0,12/13/2024
2819,CA-2021-100650,6/29/2021,216,0,12/13/2024
2820,CA-2021-100748,5/13/2021,628,0,12/13/2024
2821,CA-2021-100783,9/4/2021,383,0.2,12/13/2024
2822,CA-2021-100811,11/21/2021,134,0.2,12/13/2024
2823,CA-2021-100825,9/9/2021,425,0,12/13/2024
2824,CA-2021-100902,11/17/2021,150,0.2,12/13/2024
2825,CA-2021-100951,6/9/2021,558,0.2,12/13/2024
2826,CA-2021-101014,8/29/2021,661,0,12/13/2024
2827,CA-2021-101042,11/19/2021,7,0,12/13/2024
2828,CA-2021-101049,6/21/2021,56,0.45,12/13/2024
2829,CA-2021-101077,3/25/2021,199,0.2,12/13/2024
2830,CA-2021-101182,9/4/2021,417,0.1,12/13/2024
2831,CA-2021-101210,8/25/2021,244,0.2,12/13/2024
2832,CA-2021-101245,11/27/2021,480,0,12/13/2024
2833,CA-2021-101273,8/27/2021,719,0.2,12/13/2024
2834,CA-2021-101308,10/2/2021,283,0.1,12/13/2024
2835,CA-2021-101322,12/28/2021,367,0.2,12/13/2024
2836,CA-2021-101434,6/20/2021,760,0,12/13/2024
2837,CA-2021-101483,7/29/2021,25,0.2,12/13/2024
2838,CA-2021-101574,9/28/2021,74,0,12/13/2024
2839,CA-2021-101581,10/22/2021,242,0.5,12/13/2024
2840,CA-2021-101637,3/24/2021,14,0.2,12/13/2024
2841,CA-2021-101665,11/25/2021,775,0,12/13/2024
2842,CA-2021-101700,4/23/2021,706,0.2,12/13/2024
2843,CA-2021-101728,8/19/2021,676,0.8,12/13/2024
2844,CA-2021-101749,10/3/2021,52,0.2,12/13/2024
2845,CA-2021-101798,12/11/2021,546,0.1,12/13/2024
2846,CA-2021-101805,12/1/2021,692,0.07,12/13/2024
2847,CA-2021-101945,11/24/2021,312,0.2,12/13/2024
2848,CA-2021-101959,2/28/2021,199,0,12/13/2024
2849,CA-2021-102099,12/18/2021,276,0,12/13/2024
2850,CA-2021-102155,7/13/2021,657,0,12/13/2024
2851,CA-2021-102197,12/20/2021,215,0.07,12/13/2024
2852,CA-2021-102204,5/1/2021,147,0.28,12/13/2024
2853,CA-2021-102218,9/2/2021,482,0.2,12/13/2024
2854,CA-2021-102267,11/30/2021,681,0.2,12/13/2024
2855,CA-2021-102309,9/23/2021,230,0,12/13/2024
2856,CA-2021-102337,6/13/2021,683,0.23,12/13/2024
2857,CA-2021-102379,12/2/2021,66,0.13,12/13/2024
2858,CA-2021-102407,12/9/2021,59,0.07,12/13/2024
2859,CA-2021-102414,5/15/2021,340,0.37,12/13/2024
2860,CA-2021-102519,11/27/2021,93,0,12/13/2024
2861,CA-2021-102554,6/11/2021,442,0,12/13/2024
2862,CA-2021-102610,11/4/2021,123,0.33,12/13/2024
2863,CA-2021-102659,12/9/2021,482,0,12/13/2024
2864,CA-2021-102729,10/26/2021,84,0.2,12/13/2024
2865,CA-2021-102736,9/5/2021,469,0.2,12/13/2024
2866,CA-2021-102750,9/4/2021,308,0.2,12/13/2024
2867,CA-2021-102771,3/31/2021,229,0,12/13/2024
2868,CA-2021-102820,5/7/2021,174,0.2,12/13/2024
2869,CA-2021-102834,3/9/2021,480,0,12/13/2024
2870,CA-2021-102925,11/5/2021,141,0.11,12/13/2024
2871,CA-2021-102946,6/30/2021,783,0.2,12/13/2024
2872,CA-2021-102967,9/22/2021,507,0,12/13/2024
2873,CA-2021-102974,9/19/2021,232,0,12/13/2024
2874,CA-2021-103009,11/3/2021,595,0,12/13/2024
2875,CA-2021-103065,10/20/2021,612,0.2,12/13/2024
2876,CA-2021-103156,11/23/2021,747,0.2,12/13/2024
2877,CA-2021-103212,10/13/2021,515,0,12/13/2024
2878,CA-2021-103352,11/27/2021,654,0.1,12/13/2024
2879,CA-2021-103380,11/21/2021,80,0.04,12/13/2024
2880,CA-2021-103415,12/3/2021,545,0.6,12/13/2024
2881,CA-2021-103443,12/17/2021,60,0.07,12/13/2024
2882,CA-2021-103478,7/21/2021,434,0.8,12/13/2024
2883,CA-2021-103499,11/20/2021,278,0.2,12/13/2024
2884,CA-2021-103506,7/23/2021,471,0,12/13/2024
2885,CA-2021-103520,9/23/2021,514,0.2,12/13/2024
2886,CA-2021-103611,9/12/2021,392,0,12/13/2024
2887,CA-2021-103765,11/24/2021,367,0.8,12/13/2024
2888,CA-2021-103877,9/7/2021,633,0,12/13/2024
2889,CA-2021-103968,12/1/2021,522,0,12/13/2024
2890,CA-2021-104003,10/7/2021,201,0.15,12/13/2024
2891,CA-2021-104010,4/23/2021,747,0,12/13/2024
2892,CA-2021-104024,8/29/2021,497,0.2,12/13/2024
2893,CA-2021-104066,12/5/2021,616,0,12/13/2024
2894,CA-2021-104080,3/8/2021,32,0.1,12/13/2024
2895,CA-2021-104108,12/2/2021,655,0.2,12/13/2024
2896,CA-2021-104136,11/1/2021,685,0,12/13/2024
2897,CA-2021-104220,1/30/2021,117,0,12/13/2024
2898,CA-2021-104318,5/13/2021,284,0.2,12/13/2024
2899,CA-2021-104381,12/16/2021,635,0.2,12/13/2024
2900,CA-2021-104388,7/5/2021,211,0,12/13/2024
2901,CA-2021-104577,5/12/2021,148,0,12/13/2024
2902,CA-2021-104619,1/24/2021,425,0.13,12/13/2024
2903,CA-2021-104640,11/10/2021,284,0.1,12/13/2024
2904,CA-2021-104647,2/23/2021,150,0,12/13/2024
2905,CA-2021-104731,7/21/2021,42,0,12/13/2024
2906,CA-2021-104745,5/29/2021,313,0.2,12/13/2024
2907,CA-2021-104801,2/13/2021,285,0,12/13/2024
2908,CA-2021-104822,10/20/2021,624,0,12/13/2024
2909,CA-2021-104850,6/13/2021,774,0.2,12/13/2024
2910,CA-2021-104864,11/18/2021,407,0.3,12/13/2024
2911,CA-2021-104885,3/2/2021,197,0,12/13/2024
2912,CA-2021-104906,2/13/2021,400,0,12/13/2024
2913,CA-2021-104913,11/18/2021,214,0,12/13/2024
2914,CA-2021-104927,12/22/2021,21,0.4,12/13/2024
2915,CA-2021-105053,7/7/2021,178,0.2,12/13/2024
2916,CA-2021-105074,6/24/2021,485,0.2,12/13/2024
2917,CA-2021-105130,11/21/2021,595,0.1,12/13/2024
2918,CA-2021-105144,11/4/2021,730,0.2,12/13/2024
2919,CA-2021-105193,3/25/2021,388,0,12/13/2024
2920,CA-2021-105214,6/16/2021,768,0.1,12/13/2024
2921,CA-2021-105235,12/5/2021,703,0,12/13/2024
2922,CA-2021-105326,8/20/2021,445,0,12/13/2024
2923,CA-2021-105333,11/30/2021,783,0,12/13/2024
2924,CA-2021-105410,3/19/2021,559,0.1,12/13/2024
2925,CA-2021-105445,2/20/2021,100,0.2,12/13/2024
2926,CA-2021-105480,12/20/2021,216,0.1,12/13/2024
2927,CA-2021-105487,10/8/2021,177,0.05,12/13/2024
2928,CA-2021-105543,11/24/2021,87,0,12/13/2024
2929,CA-2021-105620,12/25/2021,369,0.35,12/13/2024
2930,CA-2021-105669,9/17/2021,695,0.38,12/13/2024
2931,CA-2021-105809,2/20/2021,334,0.1,12/13/2024
2932,CA-2021-105823,6/22/2021,624,0,12/13/2024
2933,CA-2021-105851,3/13/2021,684,0.2,12/13/2024
2934,CA-2021-105886,12/18/2021,199,0,12/13/2024
2935,CA-2021-105914,10/2/2021,613,0.1,12/13/2024
2936,CA-2021-105921,8/14/2021,390,0.2,12/13/2024
2937,CA-2021-105991,5/5/2021,463,0.53,12/13/2024
2938,CA-2021-106033,10/15/2021,283,0,12/13/2024
2939,CA-2021-106047,7/12/2021,173,0.2,12/13/2024
2940,CA-2021-106068,10/23/2021,621,0.35,12/13/2024
2941,CA-2021-106103,6/10/2021,673,0,12/13/2024
2942,CA-2021-106180,9/18/2021,692,0,12/13/2024
2943,CA-2021-106355,4/2/2021,59,0,12/13/2024
2944,CA-2021-106432,10/19/2021,123,0.56,12/13/2024
2945,CA-2021-106537,8/12/2021,643,0.2,12/13/2024
2946,CA-2021-106691,11/6/2021,132,0.8,12/13/2024
2947,CA-2021-106747,7/3/2021,767,0,12/13/2024
2948,CA-2021-106782,12/21/2021,469,0,12/13/2024
2949,CA-2021-106824,7/7/2021,60,0,12/13/2024
2950,CA-2021-106831,6/1/2021,285,0.43,12/13/2024
2951,CA-2021-106852,6/20/2021,719,0.2,12/13/2024
2952,CA-2021-106859,3/13/2021,84,0.04,12/13/2024
2953,CA-2021-106943,11/14/2021,290,0.2,12/13/2024
2954,CA-2021-106964,12/17/2021,332,0.2,12/13/2024
2955,CA-2021-107125,11/27/2021,68,0.1,12/13/2024
2956,CA-2021-107132,6/26/2021,672,0.05,12/13/2024
2957,CA-2021-107167,6/10/2021,560,0.2,12/13/2024
2958,CA-2021-107174,11/6/2021,6,0.07,12/13/2024
2959,CA-2021-107209,7/27/2021,412,0.2,12/13/2024
2960,CA-2021-107244,9/7/2021,22,0,12/13/2024
2961,CA-2021-107265,4/6/2021,522,0,12/13/2024
2962,CA-2021-107293,9/5/2021,179,0,12/13/2024
2963,CA-2021-107314,11/30/2021,551,0,12/13/2024
2964,CA-2021-107321,8/31/2021,62,0.2,12/13/2024
2965,CA-2021-107342,12/17/2021,778,0,12/13/2024
2966,CA-2021-107461,12/21/2021,598,0,12/13/2024
2967,CA-2021-107503,1/1/2021,294,0.2,12/13/2024
2968,CA-2021-107517,2/5/2021,282,0.1,12/13/2024
2969,CA-2021-107552,5/5/2021,36,0,12/13/2024
2970,CA-2021-107629,12/14/2021,191,0.4,12/13/2024
2971,CA-2021-107713,3/13/2021,343,0,12/13/2024
2972,CA-2021-107720,11/6/2021,781,0,12/13/2024
2973,CA-2021-107727,10/19/2021,483,0.2,12/13/2024
2974,CA-2021-107748,12/10/2021,21,0.1,12/13/2024
2975,CA-2021-107797,5/8/2021,247,0.2,12/13/2024
2976,CA-2021-107825,11/18/2021,554,0,12/13/2024
2977,CA-2021-107832,11/23/2021,284,0.7,12/13/2024
2978,CA-2021-107853,5/26/2021,139,0,12/13/2024
2979,CA-2021-107874,11/21/2021,726,0,12/13/2024
2980,CA-2021-107909,9/1/2021,718,0.1,12/13/2024
2981,CA-2021-107958,7/2/2021,30,0.5,12/13/2024
2982,CA-2021-107986,12/13/2021,547,0,12/13/2024
2983,CA-2021-108000,1/12/2021,472,0,12/13/2024
2984,CA-2021-108035,11/29/2021,770,0.2,12/13/2024
2985,CA-2021-108070,4/16/2021,357,0.07,12/13/2024
2986,CA-2021-108091,11/16/2021,266,0,12/13/2024
2987,CA-2021-108112,11/15/2021,212,0.2,12/13/2024
2988,CA-2021-108287,12/18/2021,21,0.2,12/13/2024
2989,CA-2021-108294,12/10/2021,473,0,12/13/2024
2990,CA-2021-108322,4/30/2021,714,0.2,12/13/2024
2991,CA-2021-108329,12/9/2021,459,0.2,12/13/2024
2992,CA-2021-108441,6/12/2021,665,0.08,12/13/2024
2993,CA-2021-108539,3/21/2021,679,0.13,12/13/2024
2994,CA-2021-108553,4/23/2021,698,0,12/13/2024
2995,CA-2021-108560,7/8/2021,346,0.05,12/13/2024
2996,CA-2021-108574,10/7/2021,508,0.13,12/13/2024
2997,CA-2021-108749,9/12/2021,209,0,12/13/2024
2998,CA-2021-108756,12/25/2021,604,0,12/13/2024
2999,CA-2021-108791,7/27/2021,755,0,12/13/2024
3000,CA-2021-108854,12/8/2021,226,0.1,12/13/2024
3001,CA-2021-108910,9/24/2021,421,0.2,12/13/2024
3002,CA-2021-108931,9/14/2021,335,0,12/13/2024
3003,CA-2021-109085,2/17/2021,149,0.4,12/13/2024
3004,CA-2021-109099,10/6/2021,528,0,12/13/2024
3005,CA-2021-109183,12/4/2021,470,0.5,12/13/2024
3006,CA-2021-109211,4/4/2021,611,0,12/13/2024
3007,CA-2021-109393,6/30/2021,347,0.15,12/13/2024
3008,CA-2021-109589,12/21/2021,73,0,12/13/2024
3009,CA-2021-109701,12/2/2021,41,0.08,12/13/2024
3010,CA-2021-109715,12/9/2021,34,0.2,12/13/2024
3011,CA-2021-109750,7/22/2021,286,0,12/13/2024
3012,CA-2021-109757,9/4/2021,496,0.45,12/13/2024
3013,CA-2021-109778,7/16/2021,781,0.2,12/13/2024
3014,CA-2021-109946,4/16/2021,599,0.2,12/13/2024
3015,CA-2021-109960,12/9/2021,193,0,12/13/2024
3016,CA-2021-110198,5/1/2021,27,0.2,12/13/2024
3017,CA-2021-110212,5/1/2021,695,0,12/13/2024
3018,CA-2021-110310,10/27/2021,554,0.37,12/13/2024
3019,CA-2021-110373,10/27/2021,483,0.2,12/13/2024
3020,CA-2021-110380,9/2/2021,591,0,12/13/2024
3021,CA-2021-110429,11/3/2021,225,0.7,12/13/2024
3022,CA-2021-110443,11/21/2021,148,0.13,12/13/2024
3023,CA-2021-110478,3/4/2021,710,0,12/13/2024
3024,CA-2021-110625,12/23/2021,344,0,12/13/2024
3025,CA-2021-110821,8/7/2021,148,0.2,12/13/2024
3026,CA-2021-110842,11/11/2021,294,0.07,12/13/2024
3027,CA-2021-110884,3/7/2021,693,0.1,12/13/2024
3028,CA-2021-110905,9/10/2021,663,0,12/13/2024
3029,CA-2021-110926,11/19/2021,202,0,12/13/2024
3030,CA-2021-110940,7/23/2021,64,0.2,12/13/2024
3031,CA-2021-111178,6/15/2021,747,0.2,12/13/2024
3032,CA-2021-111220,9/2/2021,406,0.4,12/13/2024
3033,CA-2021-111262,10/28/2021,431,0.2,12/13/2024
3034,CA-2021-111269,6/16/2021,178,0.2,12/13/2024
3035,CA-2021-111332,5/20/2021,555,0,12/13/2024
3036,CA-2021-111374,2/24/2021,127,0.7,12/13/2024
3037,CA-2021-111388,9/2/2021,720,0.2,12/13/2024
3038,CA-2021-111556,11/20/2021,139,0.05,12/13/2024
3039,CA-2021-111577,10/16/2021,37,0.2,12/13/2024
3040,CA-2021-111591,3/21/2021,610,0.05,12/13/2024
3041,CA-2021-111647,7/3/2021,632,0.2,12/13/2024
3042,CA-2021-111689,11/30/2021,331,0.15,12/13/2024
3043,CA-2021-111717,10/10/2021,725,0.3,12/13/2024
3044,CA-2021-111738,1/3/2021,161,0.1,12/13/2024
3045,CA-2021-111759,7/8/2021,536,0,12/13/2024
3046,CA-2021-111808,12/16/2021,48,0,12/13/2024
3047,CA-2021-111815,3/3/2021,276,0,12/13/2024
3048,CA-2021-112004,9/25/2021,29,0.45,12/13/2024
3049,CA-2021-112039,3/25/2021,347,0.2,12/13/2024
3050,CA-2021-112172,6/10/2021,528,0,12/13/2024
3051,CA-2021-112333,4/8/2021,428,0,12/13/2024
3052,CA-2021-112431,10/12/2021,663,0,12/13/2024
3053,CA-2021-112473,5/25/2021,387,0.2,12/13/2024
3054,CA-2021-112487,12/26/2021,746,0.7,12/13/2024
3055,CA-2021-112515,9/17/2021,55,0.09,12/13/2024
3056,CA-2021-112529,11/19/2021,680,0.25,12/13/2024
3057,CA-2021-112536,5/18/2021,691,0.6,12/13/2024
3058,CA-2021-112725,1/30/2021,262,0.07,12/13/2024
3059,CA-2021-112753,6/18/2021,137,0.07,12/13/2024
3060,CA-2021-112774,9/11/2021,630,0.2,12/13/2024
3061,CA-2021-112809,8/18/2021,619,0.6,12/13/2024
3062,CA-2021-112844,11/13/2021,708,0,12/13/2024
3063,CA-2021-112865,5/18/2021,89,0.2,12/13/2024
3064,CA-2021-112900,4/9/2021,435,0,12/13/2024
3065,CA-2021-112956,8/21/2021,753,0,12/13/2024
3066,CA-2021-112984,9/16/2021,263,0.2,12/13/2024
3067,CA-2021-113075,9/2/2021,494,0.2,12/13/2024
3068,CA-2021-113208,3/26/2021,523,0,12/13/2024
3069,CA-2021-113278,1/14/2021,332,0,12/13/2024
3070,CA-2021-113355,12/1/2021,696,0.25,12/13/2024
3071,CA-2021-113418,10/1/2021,163,0,12/13/2024
3072,CA-2021-113453,10/21/2021,158,0.3,12/13/2024
3073,CA-2021-113460,11/7/2021,440,0,12/13/2024
3074,CA-2021-113474,3/30/2021,755,0,12/13/2024
3075,CA-2021-113481,1/2/2021,52,0.63,12/13/2024
3076,CA-2021-113530,5/19/2021,67,0.05,12/13/2024
3077,CA-2021-113558,10/21/2021,594,0.2,12/13/2024
3078,CA-2021-113572,11/7/2021,291,0,12/13/2024
3079,CA-2021-113670,10/15/2021,659,0.1,12/13/2024
3080,CA-2021-113705,3/27/2021,451,0,12/13/2024
3081,CA-2021-113873,11/13/2021,427,0.26,12/13/2024
3082,CA-2021-113908,6/3/2021,440,0.13,12/13/2024
3083,CA-2021-114055,12/25/2021,516,0,12/13/2024
3084,CA-2021-114216,9/2/2021,647,0.2,12/13/2024
3085,CA-2021-114258,11/5/2021,269,0.2,12/13/2024
3086,CA-2021-114370,3/14/2021,95,0.2,12/13/2024
3087,CA-2021-114412,4/15/2021,3,0.2,12/13/2024
3088,CA-2021-114440,9/14/2021,739,0,12/13/2024
3089,CA-2021-114524,3/31/2021,257,0.8,12/13/2024
3090,CA-2021-114552,9/2/2021,223,0.2,12/13/2024
3091,CA-2021-114636,8/25/2021,294,0.2,12/13/2024
3092,CA-2021-114804,10/17/2021,81,0.2,12/13/2024
3093,CA-2021-115070,4/10/2021,509,0.45,12/13/2024
3094,CA-2021-115105,2/6/2021,75,0.2,12/13/2024
3095,CA-2021-115119,10/26/2021,675,0.55,12/13/2024
3096,CA-2021-115154,1/8/2021,658,0,12/13/2024
3097,CA-2021-115175,8/7/2021,489,0,12/13/2024
3098,CA-2021-115322,5/11/2021,792,0,12/13/2024
3099,CA-2021-115364,6/26/2021,581,0,12/13/2024
3100,CA-2021-115427,12/30/2021,252,0.2,12/13/2024
3101,CA-2021-115448,11/11/2021,515,0.2,12/13/2024
3102,CA-2021-115546,5/14/2021,33,0,12/13/2024
3103,CA-2021-115602,12/18/2021,210,0.03,12/13/2024
3104,CA-2021-115651,7/9/2021,577,0.5,12/13/2024
3105,CA-2021-115777,8/19/2021,230,0,12/13/2024
3106,CA-2021-115805,7/31/2021,446,0.2,12/13/2024
3107,CA-2021-115882,9/14/2021,197,0.2,12/13/2024
3108,CA-2021-115931,12/22/2021,394,0.05,12/13/2024
3109,CA-2021-115994,1/28/2021,111,0,12/13/2024
3110,CA-2021-116113,10/2/2021,411,0,12/13/2024
3111,CA-2021-116127,6/25/2021,666,0.2,12/13/2024
3112,CA-2021-116204,2/11/2021,787,0.2,12/13/2024
3113,CA-2021-116225,11/5/2021,724,0,12/13/2024
3114,CA-2021-116288,3/12/2021,106,0,12/13/2024
3115,CA-2021-116358,11/2/2021,436,0,12/13/2024
3116,CA-2021-116498,5/30/2021,414,0,12/13/2024
3117,CA-2021-116519,10/13/2021,170,0,12/13/2024
3118,CA-2021-116645,11/30/2021,499,0,12/13/2024
3119,CA-2021-116680,9/4/2021,598,0.2,12/13/2024
3120,CA-2021-116715,12/2/2021,787,0,12/13/2024
3121,CA-2021-116855,12/17/2021,36,0,12/13/2024
3122,CA-2021-116939,9/25/2021,27,0,12/13/2024
3123,CA-2021-116946,12/19/2021,767,0.37,12/13/2024
3124,CA-2021-116953,4/24/2021,724,0.2,12/13/2024
3125,CA-2021-116988,6/27/2021,614,0,12/13/2024
3126,CA-2021-117009,9/22/2021,90,0,12/13/2024
3127,CA-2021-117023,8/7/2021,412,0,12/13/2024
3128,CA-2021-117044,9/11/2021,318,0.2,12/13/2024
3129,CA-2021-117079,10/23/2021,404,0.2,12/13/2024
3130,CA-2021-117114,10/31/2021,187,0.2,12/13/2024
3131,CA-2021-117128,12/5/2021,82,0,12/13/2024
3132,CA-2021-117156,3/21/2021,732,0.2,12/13/2024
3133,CA-2021-117198,8/31/2021,86,0,12/13/2024
3134,CA-2021-117212,2/26/2021,115,0.08,12/13/2024
3135,CA-2021-117240,7/23/2021,167,0.2,12/13/2024
3136,CA-2021-117261,9/4/2021,752,0,12/13/2024
3137,CA-2021-117324,12/8/2021,401,0,12/13/2024
3138,CA-2021-117394,9/4/2021,526,0.2,12/13/2024
3139,CA-2021-117401,5/18/2021,607,0,12/13/2024
3140,CA-2021-117422,10/21/2021,281,0.37,12/13/2024
3141,CA-2021-117436,6/8/2021,481,0,12/13/2024
3142,CA-2021-117443,12/23/2021,341,0.5,12/13/2024
3143,CA-2021-117457,12/8/2021,431,0.08,12/13/2024
3144,CA-2021-117485,9/23/2021,68,0,12/13/2024
3145,CA-2021-117513,3/3/2021,112,0.2,12/13/2024
3146,CA-2021-117632,5/12/2021,176,0.1,12/13/2024
3147,CA-2021-117646,8/21/2021,682,0.2,12/13/2024
3148,CA-2021-117653,10/19/2021,530,0.5,12/13/2024
3149,CA-2021-117667,12/4/2021,542,0.22,12/13/2024
3150,CA-2021-117695,8/5/2021,614,0,12/13/2024
3151,CA-2021-117702,11/28/2021,473,0,12/13/2024
3152,CA-2021-117807,10/1/2021,214,0,12/13/2024
3153,CA-2021-117821,6/12/2021,324,0.2,12/13/2024
3154,CA-2021-117863,5/18/2021,764,0.1,12/13/2024
3155,CA-2021-117870,1/27/2021,370,0.27,12/13/2024
3156,CA-2021-117926,12/8/2021,55,0,12/13/2024
3157,CA-2021-117933,12/24/2021,642,0,12/13/2024
3158,CA-2021-117947,8/18/2021,564,0.04,12/13/2024
3159,CA-2021-118003,12/4/2021,230,0,12/13/2024
3160,CA-2021-118017,12/3/2021,451,0.2,12/13/2024
3161,CA-2021-118122,11/17/2021,298,0.2,12/13/2024
3162,CA-2021-118136,9/16/2021,65,0,12/13/2024
3163,CA-2021-118199,5/9/2021,450,0.04,12/13/2024
3164,CA-2021-118213,11/5/2021,6,0,12/13/2024
3165,CA-2021-118346,7/23/2021,605,0,12/13/2024
3166,CA-2021-118360,4/1/2021,347,0,12/13/2024
3167,CA-2021-118367,10/28/2021,467,0,12/13/2024
3168,CA-2021-118402,9/29/2021,398,0.2,12/13/2024
3169,CA-2021-118437,6/17/2021,590,0,12/13/2024
3170,CA-2021-118521,2/16/2021,460,0,12/13/2024
3171,CA-2021-118542,12/1/2021,135,0.1,12/13/2024
3172,CA-2021-118577,10/6/2021,789,0,12/13/2024
3173,CA-2021-118640,7/20/2021,174,0.4,12/13/2024
3174,CA-2021-118668,1/2/2021,292,0,12/13/2024
3175,CA-2021-118724,7/21/2021,51,0.1,12/13/2024
3176,CA-2021-118731,11/20/2021,468,0.1,12/13/2024
3177,CA-2021-118773,2/9/2021,758,0.6,12/13/2024
3178,CA-2021-118857,4/15/2021,29,0,12/13/2024
3179,CA-2021-118864,6/15/2021,433,0.2,12/13/2024
3180,CA-2021-118885,12/29/2021,366,0.2,12/13/2024
3181,CA-2021-118892,8/17/2021,758,0.3,12/13/2024
3182,CA-2021-119004,11/23/2021,390,0.2,12/13/2024
3183,CA-2021-119011,8/20/2021,471,0.07,12/13/2024
3184,CA-2021-119193,12/22/2021,698,0.55,12/13/2024
3185,CA-2021-119284,6/15/2021,763,0.23,12/13/2024
3186,CA-2021-119305,11/30/2021,726,0,12/13/2024
3187,CA-2021-119389,4/17/2021,88,0.2,12/13/2024
3188,CA-2021-119424,6/12/2021,666,0.1,12/13/2024
3189,CA-2021-119452,3/21/2021,153,0,12/13/2024
3190,CA-2021-119494,11/9/2021,355,0.2,12/13/2024
3191,CA-2021-119564,12/15/2021,599,0,12/13/2024
3192,CA-2021-119578,12/22/2021,367,0,12/13/2024
3193,CA-2021-119655,4/20/2021,184,0,12/13/2024
3194,CA-2021-119669,1/24/2021,757,0,12/13/2024
3195,CA-2021-119746,11/23/2021,161,0.33,12/13/2024
3196,CA-2021-119809,8/18/2021,791,0.07,12/13/2024
3197,CA-2021-119914,5/4/2021,131,0,12/13/2024
3198,CA-2021-120019,2/16/2021,564,0,12/13/2024
3199,CA-2021-120061,11/2/2021,712,0.3,12/13/2024
3200,CA-2021-120168,5/25/2021,741,0.05,12/13/2024
3201,CA-2021-120222,4/25/2021,465,0.1,12/13/2024
3202,CA-2021-120327,11/11/2021,788,0,12/13/2024
3203,CA-2021-120376,12/22/2021,757,0,12/13/2024
3204,CA-2021-120404,11/20/2021,429,0,12/13/2024
3205,CA-2021-120614,5/30/2021,703,0,12/13/2024
3206,CA-2021-120705,9/5/2021,506,0.2,12/13/2024
3207,CA-2021-120719,3/23/2021,695,0.2,12/13/2024
3208,CA-2021-120761,9/4/2021,8,0,12/13/2024
3209,CA-2021-120894,4/28/2021,384,0.2,12/13/2024
3210,CA-2021-120936,12/17/2021,124,0,12/13/2024
3211,CA-2021-120999,9/10/2021,453,0.2,12/13/2024
3212,CA-2021-121027,8/18/2021,334,0,12/13/2024
3213,CA-2021-121048,7/14/2021,744,0.06,12/13/2024
3214,CA-2021-121083,7/9/2021,359,0,12/13/2024
3215,CA-2021-121125,5/30/2021,507,0.2,12/13/2024
3216,CA-2021-121160,11/4/2021,288,0.65,12/13/2024
3217,CA-2021-121195,12/24/2021,576,0.2,12/13/2024
3218,CA-2021-121216,12/23/2021,526,0.5,12/13/2024
3219,CA-2021-121258,2/26/2021,191,0.07,12/13/2024
3220,CA-2021-121293,7/25/2021,347,0.24,12/13/2024
3221,CA-2021-121300,9/29/2021,504,0.25,12/13/2024
3222,CA-2021-121314,9/23/2021,77,0.2,12/13/2024
3223,CA-2021-121398,12/25/2021,286,0.1,12/13/2024
3224,CA-2021-121412,9/23/2021,87,0.2,12/13/2024
3225,CA-2021-121419,4/2/2021,745,0,12/13/2024
3226,CA-2021-121468,11/19/2021,424,0.2,12/13/2024
3227,CA-2021-121489,8/21/2021,155,0.07,12/13/2024
3228,CA-2021-121503,7/3/2021,284,0.3,12/13/2024
3229,CA-2021-121538,11/28/2021,643,0.2,12/13/2024
3230,CA-2021-121559,6/1/2021,334,0,12/13/2024
3231,CA-2021-121580,5/29/2021,521,0,12/13/2024
3232,CA-2021-121615,11/3/2021,219,0,12/13/2024
3233,CA-2021-121643,5/18/2021,7,0.2,12/13/2024
3234,CA-2021-121678,11/16/2021,93,0.7,12/13/2024
3235,CA-2021-121706,2/26/2021,91,0,12/13/2024
3236,CA-2021-121741,12/26/2021,790,0,12/13/2024
3237,CA-2021-121790,1/30/2021,469,0.27,12/13/2024
3238,CA-2021-121804,3/3/2021,469,0,12/13/2024
3239,CA-2021-121818,11/20/2021,369,0.2,12/13/2024
3240,CA-2021-121839,9/24/2021,516,0.4,12/13/2024
3241,CA-2021-121853,9/23/2021,199,0.13,12/13/2024
3242,CA-2021-121888,9/15/2021,152,0,12/13/2024
3243,CA-2021-121909,7/31/2021,246,0.2,12/13/2024
3244,CA-2021-122007,3/18/2021,377,0,12/13/2024
3245,CA-2021-122028,8/18/2021,148,0.7,12/13/2024
3246,CA-2021-122035,7/20/2021,269,0,12/13/2024
3247,CA-2021-122056,6/13/2021,593,0,12/13/2024
3248,CA-2021-122077,5/19/2021,360,0.2,12/13/2024
3249,CA-2021-122105,6/24/2021,147,0,12/13/2024
3250,CA-2021-122112,9/25/2021,121,0.2,12/13/2024
3251,CA-2021-122154,4/9/2021,664,0.37,12/13/2024
3252,CA-2021-122175,5/12/2021,125,0,12/13/2024
3253,CA-2021-122196,9/22/2021,123,0,12/13/2024
3254,CA-2021-122280,9/10/2021,693,0,12/13/2024
3255,CA-2021-122308,3/24/2021,545,0.1,12/13/2024
3256,CA-2021-122364,9/24/2021,280,0.2,12/13/2024
3257,CA-2021-122490,11/13/2021,770,0.1,12/13/2024
3258,CA-2021-122504,11/7/2021,194,0.1,12/13/2024
3259,CA-2021-122539,12/1/2021,673,0.4,12/13/2024
3260,CA-2021-122595,12/14/2021,305,0.33,12/13/2024
3261,CA-2021-122644,11/12/2021,687,0.2,12/13/2024
3262,CA-2021-122693,2/19/2021,566,0,12/13/2024
3263,CA-2021-122700,11/26/2021,478,0.4,12/13/2024
3264,CA-2021-122707,4/16/2021,248,0,12/13/2024
3265,CA-2021-122735,4/12/2021,68,0,12/13/2024
3266,CA-2021-122763,3/20/2021,322,0.2,12/13/2024
3267,CA-2021-122770,12/13/2021,276,0,12/13/2024
3268,CA-2021-122798,12/28/2021,724,0,12/13/2024
3269,CA-2021-122945,11/16/2021,486,0,12/13/2024
3270,CA-2021-122987,8/16/2021,696,0.45,12/13/2024
3271,CA-2021-122994,2/6/2021,545,0,12/13/2024
3272,CA-2021-123001,9/2/2021,61,0.07,12/13/2024
3273,CA-2021-123022,9/3/2021,669,0.1,12/13/2024
3274,CA-2021-123029,9/30/2021,115,0,12/13/2024
3275,CA-2021-123036,9/10/2021,317,0.3,12/13/2024
3276,CA-2021-123043,8/24/2021,31,0.2,12/13/2024
3277,CA-2021-123071,12/3/2021,135,0.2,12/13/2024
3278,CA-2021-123085,3/3/2021,264,0.1,12/13/2024
3279,CA-2021-123134,5/2/2021,245,0,12/13/2024
3280,CA-2021-123239,7/27/2021,508,0.2,12/13/2024
3281,CA-2021-123246,10/17/2021,40,0,12/13/2024
3282,CA-2021-123351,9/21/2021,445,0,12/13/2024
3283,CA-2021-123372,11/28/2021,205,0,12/13/2024
3284,CA-2021-123491,10/30/2021,376,0.07,12/13/2024
3285,CA-2021-123624,11/13/2021,684,0,12/13/2024
3286,CA-2021-123638,6/27/2021,484,0.1,12/13/2024
3287,CA-2021-123659,2/10/2021,529,0,12/13/2024
3288,CA-2021-123687,5/26/2021,422,0,12/13/2024
3289,CA-2021-123701,11/24/2021,592,0,12/13/2024
3290,CA-2021-123778,9/23/2021,109,0.1,12/13/2024
3291,CA-2021-123967,11/1/2021,686,0.1,12/13/2024
3292,CA-2021-123981,10/2/2021,662,0,12/13/2024
3293,CA-2021-124086,2/10/2021,535,0.15,12/13/2024
3294,CA-2021-124114,3/2/2021,659,0.8,12/13/2024
3295,CA-2021-124191,6/12/2021,768,0.6,12/13/2024
3296,CA-2021-124205,9/15/2021,743,0,12/13/2024
3297,CA-2021-124261,11/14/2021,356,0,12/13/2024
3298,CA-2021-124296,12/24/2021,178,0,12/13/2024
3299,CA-2021-124401,9/7/2021,636,0.2,12/13/2024
3300,CA-2021-124436,3/19/2021,664,0.15,12/13/2024
3301,CA-2021-124576,8/1/2021,327,0.2,12/13/2024
3302,CA-2021-124597,4/30/2021,58,0.2,12/13/2024
3303,CA-2021-124674,11/17/2021,343,0.32,12/13/2024
3304,CA-2021-124716,3/27/2021,70,0,12/13/2024
3305,CA-2021-124744,6/21/2021,262,0,12/13/2024
3306,CA-2021-124765,11/25/2021,335,0.2,12/13/2024
3307,CA-2021-124828,7/3/2021,791,0.2,12/13/2024
3308,CA-2021-124898,9/11/2021,189,0,12/13/2024
3309,CA-2021-124940,2/21/2021,214,0.2,12/13/2024
3310,CA-2021-125101,3/6/2021,692,0,12/13/2024
3311,CA-2021-125115,4/10/2021,637,0.2,12/13/2024
3312,CA-2021-125199,10/19/2021,329,0.27,12/13/2024
3313,CA-2021-125269,4/24/2021,17,0.5,12/13/2024
3314,CA-2021-125290,11/6/2021,133,0,12/13/2024
3315,CA-2021-125367,7/23/2021,569,0.2,12/13/2024
3316,CA-2021-125381,4/25/2021,690,0,12/13/2024
3317,CA-2021-125388,10/19/2021,534,0,12/13/2024
3318,CA-2021-125451,10/23/2021,29,0.1,12/13/2024
3319,CA-2021-125472,5/30/2021,74,0,12/13/2024
3320,CA-2021-125640,7/25/2021,202,0.2,12/13/2024
3321,CA-2021-125745,6/30/2021,240,0.2,12/13/2024
3322,CA-2021-125752,7/31/2021,262,0.2,12/13/2024
3323,CA-2021-125878,2/25/2021,515,0.8,12/13/2024
3324,CA-2021-125913,1/16/2021,397,0.1,12/13/2024
3325,CA-2021-125990,10/19/2021,410,0.2,12/13/2024
3326,CA-2021-126046,11/3/2021,348,0,12/13/2024
3327,CA-2021-126067,8/28/2021,442,0.1,12/13/2024
3328,CA-2021-126074,10/2/2021,641,0,12/13/2024
3329,CA-2021-126123,10/14/2021,26,0.8,12/13/2024
3330,CA-2021-126144,7/31/2021,307,0.4,12/13/2024
3331,CA-2021-126221,12/30/2021,133,0,12/13/2024
3332,CA-2021-126242,11/19/2021,494,0,12/13/2024
3333,CA-2021-126354,2/3/2021,674,0.45,12/13/2024
3334,CA-2021-126382,6/3/2021,327,0.2,12/13/2024
3335,CA-2021-126396,9/8/2021,46,0.2,12/13/2024
3336,CA-2021-126438,9/10/2021,46,0,12/13/2024
3337,CA-2021-126536,10/12/2021,567,0.1,12/13/2024
3338,CA-2021-126550,3/29/2021,634,0,12/13/2024
3339,CA-2021-126634,3/30/2021,9,0,12/13/2024
3340,CA-2021-126662,7/17/2021,10,0.2,12/13/2024
3341,CA-2021-126676,9/29/2021,286,0,12/13/2024
3342,CA-2021-126718,4/29/2021,445,0,12/13/2024
3343,CA-2021-126774,4/15/2021,693,0,12/13/2024
3344,CA-2021-126788,6/5/2021,7,0.2,12/13/2024
3345,CA-2021-126865,12/5/2021,571,0,12/13/2024
3346,CA-2021-126914,6/15/2021,356,0.2,12/13/2024
3347,CA-2021-126928,9/17/2021,315,0,12/13/2024
3348,CA-2021-126956,8/21/2021,312,0,12/13/2024
3349,CA-2021-127026,1/21/2021,516,0.02,12/13/2024
3350,CA-2021-127096,9/15/2021,179,0.2,12/13/2024
3351,CA-2021-127117,4/14/2021,329,0,12/13/2024
3352,CA-2021-127180,10/22/2021,731,0.05,12/13/2024
3353,CA-2021-127264,4/3/2021,664,0.2,12/13/2024
3354,CA-2021-127285,10/30/2021,527,0.2,12/13/2024
3355,CA-2021-127306,1/14/2021,89,0.4,12/13/2024
3356,CA-2021-127313,12/1/2021,617,0.2,12/13/2024
3357,CA-2021-127397,2/24/2021,279,0.2,12/13/2024
3358,CA-2021-127432,1/22/2021,16,0,12/13/2024
3359,CA-2021-127460,7/10/2021,283,0.2,12/13/2024
3360,CA-2021-127474,2/3/2021,635,0.3,12/13/2024
3361,CA-2021-127516,12/28/2021,261,0.2,12/13/2024
3362,CA-2021-127621,3/3/2021,639,0.2,12/13/2024
3363,CA-2021-127656,7/11/2021,578,0,12/13/2024
3364,CA-2021-127705,6/2/2021,10,0.3,12/13/2024
3365,CA-2021-127712,8/31/2021,507,0.2,12/13/2024
3366,CA-2021-127726,9/11/2021,715,0,12/13/2024
3367,CA-2021-127782,11/2/2021,751,0.25,12/13/2024
3368,CA-2021-127803,5/19/2021,560,0,12/13/2024
3369,CA-2021-127922,10/27/2021,692,0.2,12/13/2024
3370,CA-2021-127929,12/23/2021,287,0,12/13/2024
3371,CA-2021-128041,9/1/2021,661,0,12/13/2024
3372,CA-2021-128076,2/2/2021,97,0.13,12/13/2024
3373,CA-2021-128160,12/19/2021,526,0.2,12/13/2024
3374,CA-2021-128265,11/17/2021,787,0,12/13/2024
3375,CA-2021-128300,11/24/2021,659,0,12/13/2024
3376,CA-2021-128328,8/5/2021,604,0,12/13/2024
3377,CA-2021-128335,9/29/2021,340,0,12/13/2024
3378,CA-2021-128363,8/13/2021,200,0.27,12/13/2024
3379,CA-2021-128370,9/10/2021,284,0.2,12/13/2024
3380,CA-2021-128426,10/7/2021,381,0.8,12/13/2024
3381,CA-2021-128475,8/26/2021,677,0,12/13/2024
3382,CA-2021-128629,7/10/2021,101,0,12/13/2024
3383,CA-2021-128699,12/3/2021,559,0.2,12/13/2024
3384,CA-2021-128734,12/24/2021,385,0.2,12/13/2024
3385,CA-2021-128755,5/4/2021,519,0,12/13/2024
3386,CA-2021-128769,9/7/2021,224,0.2,12/13/2024
3387,CA-2021-128783,9/7/2021,749,0,12/13/2024
3388,CA-2021-128853,4/21/2021,390,0,12/13/2024
3389,CA-2021-128944,6/19/2021,429,0.23,12/13/2024
3390,CA-2021-128965,4/17/2021,609,0.03,12/13/2024
3391,CA-2021-129000,11/25/2021,730,0,12/13/2024
3392,CA-2021-129021,8/23/2021,603,0.2,12/13/2024
3393,CA-2021-129028,4/1/2021,295,0,12/13/2024
3394,CA-2021-129294,3/16/2021,426,0.1,12/13/2024
3395,CA-2021-129357,5/14/2021,418,0,12/13/2024
3396,CA-2021-129378,10/1/2021,576,0.15,12/13/2024
3397,CA-2021-129462,6/16/2021,357,0,12/13/2024
3398,CA-2021-129490,9/26/2021,695,0.2,12/13/2024
3399,CA-2021-129567,3/17/2021,153,0.2,12/13/2024
3400,CA-2021-129581,12/11/2021,440,0,12/13/2024
3401,CA-2021-129707,4/25/2021,461,0.2,12/13/2024
3402,CA-2021-129805,12/28/2021,329,0,12/13/2024
3403,CA-2021-129833,12/9/2021,321,0,12/13/2024
3404,CA-2021-129910,3/30/2021,498,0,12/13/2024
3405,CA-2021-130036,8/27/2021,102,0.2,12/13/2024
3406,CA-2021-130043,9/15/2021,66,0.2,12/13/2024
3407,CA-2021-130106,5/22/2021,778,0,12/13/2024
3408,CA-2021-130141,10/22/2021,317,0.45,12/13/2024
3409,CA-2021-130148,9/24/2021,567,0,12/13/2024
3410,CA-2021-130211,10/22/2021,72,0,12/13/2024
3411,CA-2021-130302,9/14/2021,187,0.2,12/13/2024
3412,CA-2021-130309,12/17/2021,296,0,12/13/2024
3413,CA-2021-130351,12/5/2021,625,0,12/13/2024
3414,CA-2021-130386,11/12/2021,565,0.2,12/13/2024
3415,CA-2021-130505,10/12/2021,561,0.3,12/13/2024
3416,CA-2021-130526,11/26/2021,313,0.8,12/13/2024
3417,CA-2021-130631,12/29/2021,109,0,12/13/2024
3418,CA-2021-130715,9/16/2021,187,0,12/13/2024
3419,CA-2021-130764,10/27/2021,397,0.17,12/13/2024
3420,CA-2021-130771,7/29/2021,448,0.2,12/13/2024
3421,CA-2021-130834,11/3/2021,396,0.2,12/13/2024
3422,CA-2021-130841,7/28/2021,513,0.13,12/13/2024
3423,CA-2021-130904,4/11/2021,330,0.2,12/13/2024
3424,CA-2021-130967,3/10/2021,250,0.4,12/13/2024
3425,CA-2021-131016,9/18/2021,200,0.2,12/13/2024
3426,CA-2021-131037,8/22/2021,755,0.2,12/13/2024
3427,CA-2021-131156,4/3/2021,430,0.2,12/13/2024
3428,CA-2021-131212,12/5/2021,9,0.2,12/13/2024
3429,CA-2021-131233,4/14/2021,178,0.2,12/13/2024
3430,CA-2021-131254,11/19/2021,556,0.43,12/13/2024
3431,CA-2021-131282,2/5/2021,126,0.5,12/13/2024
3432,CA-2021-131303,11/28/2021,276,0,12/13/2024
3433,CA-2021-131366,11/24/2021,675,0.3,12/13/2024
3434,CA-2021-131492,10/19/2021,325,0.05,12/13/2024
3435,CA-2021-131618,6/17/2021,474,0.6,12/13/2024
3436,CA-2021-131625,9/1/2021,96,0,12/13/2024
3437,CA-2021-131632,10/31/2021,30,0.2,12/13/2024
3438,CA-2021-131653,1/29/2021,632,0,12/13/2024
3439,CA-2021-131695,6/30/2021,617,0,12/13/2024
3440,CA-2021-131807,10/5/2021,298,0.1,12/13/2024
3441,CA-2021-131828,2/11/2021,172,0.2,12/13/2024
3442,CA-2021-131954,1/21/2021,238,0.1,12/13/2024
3443,CA-2021-132122,7/9/2021,370,0.2,12/13/2024
3444,CA-2021-132178,5/3/2021,190,0,12/13/2024
3445,CA-2021-132185,11/27/2021,198,0.2,12/13/2024
3446,CA-2021-132199,5/3/2021,97,0.44,12/13/2024
3447,CA-2021-132213,4/25/2021,602,0.2,12/13/2024
3448,CA-2021-132234,10/16/2021,549,0,12/13/2024
3449,CA-2021-132262,9/21/2021,524,0,12/13/2024
3450,CA-2021-132290,3/10/2021,496,0.3,12/13/2024
3451,CA-2021-132339,8/19/2021,341,0,12/13/2024
3452,CA-2021-132346,11/7/2021,598,0,12/13/2024
3453,CA-2021-132353,9/15/2021,191,0.2,12/13/2024
3454,CA-2021-132430,10/9/2021,166,0.2,12/13/2024
3455,CA-2021-132437,9/8/2021,272,0,12/13/2024
3456,CA-2021-132521,9/23/2021,244,0.07,12/13/2024
3457,CA-2021-132584,8/26/2021,326,0,12/13/2024
3458,CA-2021-132619,8/31/2021,540,0,12/13/2024
3459,CA-2021-132647,2/17/2021,299,0,12/13/2024
3460,CA-2021-132682,6/8/2021,752,0.2,12/13/2024
3461,CA-2021-132738,8/4/2021,329,0.2,12/13/2024
3462,CA-2021-132934,6/20/2021,354,0.1,12/13/2024
3463,CA-2021-132955,6/24/2021,676,0,12/13/2024
3464,CA-2021-132976,10/13/2021,23,0.2,12/13/2024
3465,CA-2021-133004,8/31/2021,39,0,12/13/2024
3466,CA-2021-133046,7/27/2021,217,0,12/13/2024
3467,CA-2021-133067,5/4/2021,550,0.7,12/13/2024
3468,CA-2021-133074,9/21/2021,198,0,12/13/2024
3469,CA-2021-133095,6/4/2021,261,0,12/13/2024
3470,CA-2021-133102,8/17/2021,256,0.42,12/13/2024
3471,CA-2021-133207,11/27/2021,230,0.2,12/13/2024
3472,CA-2021-133235,8/1/2021,461,0.2,12/13/2024
3473,CA-2021-133249,7/8/2021,730,0,12/13/2024
3474,CA-2021-133256,6/26/2021,753,0,12/13/2024
3475,CA-2021-133263,3/31/2021,355,0,12/13/2024
3476,CA-2021-133333,9/18/2021,81,0,12/13/2024
3477,CA-2021-133431,12/17/2021,456,0.1,12/13/2024
3478,CA-2021-133487,5/6/2021,769,0,12/13/2024
3479,CA-2021-133501,8/27/2021,212,0.2,12/13/2024
3480,CA-2021-133620,11/13/2021,271,0,12/13/2024
3481,CA-2021-133641,5/14/2021,265,0,12/13/2024
3482,CA-2021-133648,6/25/2021,522,0.2,12/13/2024
3483,CA-2021-133718,7/23/2021,739,0.1,12/13/2024
3484,CA-2021-133823,5/11/2021,468,0.07,12/13/2024
3485,CA-2021-133865,5/8/2021,611,0.2,12/13/2024
3486,CA-2021-133928,6/11/2021,792,0.7,12/13/2024
3487,CA-2021-134096,9/24/2021,607,0.45,12/13/2024
3488,CA-2021-134152,5/27/2021,655,0,12/13/2024
3489,CA-2021-134173,9/16/2021,6,0.2,12/13/2024
3490,CA-2021-134194,12/25/2021,294,0.56,12/13/2024
3491,CA-2021-134285,12/7/2021,239,0.2,12/13/2024
3492,CA-2021-134306,7/8/2021,747,0,12/13/2024
3493,CA-2021-134404,12/27/2021,236,0.3,12/13/2024
3494,CA-2021-134418,9/15/2021,306,0,12/13/2024
3495,CA-2021-134439,9/18/2021,754,0,12/13/2024
3496,CA-2021-134495,4/1/2021,81,0.2,12/13/2024
3497,CA-2021-134565,6/11/2021,738,0.08,12/13/2024
3498,CA-2021-134607,10/3/2021,328,0,12/13/2024
3499,CA-2021-134635,4/15/2021,577,0,12/13/2024
3500,CA-2021-134649,1/26/2021,121,0,12/13/2024
3501,CA-2021-134796,6/25/2021,289,0.2,12/13/2024
3502,CA-2021-134810,5/9/2021,491,0.2,12/13/2024
3503,CA-2021-134838,2/19/2021,256,0,12/13/2024
3504,CA-2021-134845,4/17/2021,712,0.6,12/13/2024
3505,CA-2021-134880,10/27/2021,774,0.2,12/13/2024
3506,CA-2021-134915,11/12/2021,273,0.2,12/13/2024
3507,CA-2021-134978,11/12/2021,247,0.2,12/13/2024
3508,CA-2021-135034,8/1/2021,60,0.2,12/13/2024
3509,CA-2021-135069,4/10/2021,109,0.2,12/13/2024
3510,CA-2021-135076,4/13/2021,791,0.2,12/13/2024
3511,CA-2021-135111,12/28/2021,179,0,12/13/2024
3512,CA-2021-135167,6/15/2021,681,0,12/13/2024
3513,CA-2021-135279,4/9/2021,110,0,12/13/2024
3514,CA-2021-135307,11/26/2021,476,0,12/13/2024
3515,CA-2021-135377,12/13/2021,100,0.2,12/13/2024
3516,CA-2021-135419,11/3/2021,88,0.2,12/13/2024
3517,CA-2021-135587,12/7/2021,89,0,12/13/2024
3518,CA-2021-135650,3/23/2021,15,0.2,12/13/2024
3519,CA-2021-135692,4/27/2021,185,0.26,12/13/2024
3520,CA-2021-135783,4/22/2021,304,0,12/13/2024
3521,CA-2021-135860,12/1/2021,372,0,12/13/2024
3522,CA-2021-135909,10/13/2021,411,0.13,12/13/2024
3523,CA-2021-135937,2/20/2021,437,0.25,12/13/2024
3524,CA-2021-136000,9/22/2021,675,0.2,12/13/2024
3525,CA-2021-136007,2/23/2021,14,0.1,12/13/2024
3526,CA-2021-136063,12/15/2021,714,0.2,12/13/2024
3527,CA-2021-136238,12/26/2021,415,0.2,12/13/2024
3528,CA-2021-136308,11/16/2021,548,0.2,12/13/2024
3529,CA-2021-136350,6/24/2021,293,0.05,12/13/2024
3530,CA-2021-136364,7/13/2021,512,0.3,12/13/2024
3531,CA-2021-136448,9/16/2021,53,0.4,12/13/2024
3532,CA-2021-136497,4/16/2021,642,0.7,12/13/2024
3533,CA-2021-136511,3/23/2021,552,0,12/13/2024
3534,CA-2021-136539,12/28/2021,302,0.26,12/13/2024
3535,CA-2021-136609,8/6/2021,737,0.2,12/13/2024
3536,CA-2021-136623,7/11/2021,766,0.2,12/13/2024
3537,CA-2021-136651,4/23/2021,361,0.07,12/13/2024
3538,CA-2021-136672,3/7/2021,507,0,12/13/2024
3539,CA-2021-136826,6/16/2021,128,0.2,12/13/2024
3540,CA-2021-136875,12/3/2021,744,0,12/13/2024
3541,CA-2021-136882,5/27/2021,228,0,12/13/2024
3542,CA-2021-137001,6/10/2021,316,0,12/13/2024
3543,CA-2021-137022,11/16/2021,726,0,12/13/2024
3544,CA-2021-137085,6/29/2021,183,0.2,12/13/2024
3545,CA-2021-137099,12/7/2021,291,0.2,12/13/2024
3546,CA-2021-137323,11/14/2021,614,0,12/13/2024
3547,CA-2021-137344,8/20/2021,268,0,12/13/2024
3548,CA-2021-137365,11/30/2021,100,0.2,12/13/2024
3549,CA-2021-137414,10/2/2021,157,0.1,12/13/2024
3550,CA-2021-137421,10/6/2021,39,0.2,12/13/2024
3551,CA-2021-137428,12/16/2021,63,0.15,12/13/2024
3552,CA-2021-137449,6/29/2021,499,0.47,12/13/2024
3553,CA-2021-137456,12/21/2021,624,0,12/13/2024
3554,CA-2021-137463,12/16/2021,436,0.04,12/13/2024
3555,CA-2021-137470,9/17/2021,758,0,12/13/2024
3556,CA-2021-137498,9/9/2021,455,0.07,12/13/2024
3557,CA-2021-137505,11/24/2021,104,0.2,12/13/2024
3558,CA-2021-137582,9/4/2021,185,0.2,12/13/2024
3559,CA-2021-137596,9/2/2021,76,0,12/13/2024
3560,CA-2021-137624,11/10/2021,498,0.2,12/13/2024
3561,CA-2021-137631,4/28/2021,386,0.2,12/13/2024
3562,CA-2021-137785,5/13/2021,516,0.3,12/13/2024
3563,CA-2021-137876,4/30/2021,209,0,12/13/2024
3564,CA-2021-137918,9/29/2021,381,0,12/13/2024
3565,CA-2021-138149,6/29/2021,788,0.05,12/13/2024
3566,CA-2021-138156,2/11/2021,525,0.2,12/13/2024
3567,CA-2021-138163,11/17/2021,789,0,12/13/2024
3568,CA-2021-138289,1/16/2021,49,0,12/13/2024
3569,CA-2021-138310,6/26/2021,574,0.2,12/13/2024
3570,CA-2021-138380,12/21/2021,791,0,12/13/2024
3571,CA-2021-138422,9/23/2021,442,0.2,12/13/2024
3572,CA-2021-138464,7/8/2021,778,0.05,12/13/2024
3573,CA-2021-138548,8/15/2021,366,0,12/13/2024
3574,CA-2021-138611,11/14/2021,150,0.55,12/13/2024
3575,CA-2021-138618,12/1/2021,549,0.2,12/13/2024
3576,CA-2021-138779,1/14/2021,625,0.2,12/13/2024
3577,CA-2021-138870,6/19/2021,293,0,12/13/2024
3578,CA-2021-138975,5/19/2021,674,0,12/13/2024
3579,CA-2021-139080,1/23/2021,177,0.1,12/13/2024
3580,CA-2021-139199,12/9/2021,211,0,12/13/2024
3581,CA-2021-139304,1/29/2021,779,0.07,12/13/2024
3582,CA-2021-139311,8/11/2021,687,0.35,12/13/2024
3583,CA-2021-139353,10/28/2021,390,0.2,12/13/2024
3584,CA-2021-139402,12/9/2021,557,0.45,12/13/2024
3585,CA-2021-139416,3/27/2021,19,0.2,12/13/2024
3586,CA-2021-139437,7/3/2021,632,0,12/13/2024
3587,CA-2021-139444,9/9/2021,303,0.2,12/13/2024
3588,CA-2021-139493,9/13/2021,690,0.2,12/13/2024
3589,CA-2021-139619,9/19/2021,279,0.2,12/13/2024
3590,CA-2021-139661,10/30/2021,411,0,12/13/2024
3591,CA-2021-139717,8/24/2021,225,0.2,12/13/2024
3592,CA-2021-139773,12/4/2021,240,0.3,12/13/2024
3593,CA-2021-139787,9/19/2021,402,0,12/13/2024
3594,CA-2021-139822,9/15/2021,234,0,12/13/2024
3595,CA-2021-139913,10/23/2021,348,0,12/13/2024
3596,CA-2021-139948,7/17/2021,728,0.2,12/13/2024
3597,CA-2021-140053,7/3/2021,123,0,12/13/2024
3598,CA-2021-140088,5/28/2021,604,0,12/13/2024
3599,CA-2021-140151,3/23/2021,622,0,12/13/2024
3600,CA-2021-140186,9/29/2021,592,0.08,12/13/2024
3601,CA-2021-140242,5/6/2021,522,0.2,12/13/2024
3602,CA-2021-140298,5/11/2021,383,0.3,12/13/2024
3603,CA-2021-140326,9/4/2021,334,0.23,12/13/2024
3604,CA-2021-140480,7/8/2021,320,0,12/13/2024
3605,CA-2021-140494,3/10/2021,155,0,12/13/2024
3606,CA-2021-140508,9/18/2021,582,0.2,12/13/2024
3607,CA-2021-140515,3/19/2021,316,0,12/13/2024
3608,CA-2021-140536,4/4/2021,731,0,12/13/2024
3609,CA-2021-140585,12/18/2021,619,0.12,12/13/2024
3610,CA-2021-140627,12/23/2021,213,0.2,12/13/2024
3611,CA-2021-140676,9/12/2021,82,0,12/13/2024
3612,CA-2021-140760,6/2/2021,229,0.2,12/13/2024
3613,CA-2021-140781,8/3/2021,7,0.2,12/13/2024
3614,CA-2021-140802,4/21/2021,440,0.2,12/13/2024
3615,CA-2021-140844,6/19/2021,47,0,12/13/2024
3616,CA-2021-140872,6/3/2021,575,0.26,12/13/2024
3617,CA-2021-140949,3/17/2021,196,0.02,12/13/2024
3618,CA-2021-140963,6/10/2021,544,0.12,12/13/2024
3619,CA-2021-141103,7/30/2021,361,0,12/13/2024
3620,CA-2021-141117,10/2/2021,382,0.45,12/13/2024
3621,CA-2021-141138,11/10/2021,300,0,12/13/2024
3622,CA-2021-141201,12/9/2021,189,0.15,12/13/2024
3623,CA-2021-141425,11/2/2021,51,0.2,12/13/2024
3624,CA-2021-141439,11/26/2021,773,0,12/13/2024
3625,CA-2021-141446,9/16/2021,154,0,12/13/2024
3626,CA-2021-141481,6/11/2021,793,0,12/13/2024
3627,CA-2021-141572,5/28/2021,467,0,12/13/2024
3628,CA-2021-141614,6/5/2021,577,0.2,12/13/2024
3629,CA-2021-141663,4/13/2021,232,0.2,12/13/2024
3630,CA-2021-141705,10/24/2021,603,0.3,12/13/2024
3631,CA-2021-141719,11/17/2021,257,0.2,12/13/2024
3632,CA-2021-141733,5/7/2021,661,0.03,12/13/2024
3633,CA-2021-141747,8/3/2021,671,0,12/13/2024
3634,CA-2021-141782,1/21/2021,77,0.2,12/13/2024
3635,CA-2021-141789,10/3/2021,13,0,12/13/2024
3636,CA-2021-141873,10/9/2021,322,0.15,12/13/2024
3637,CA-2021-141929,9/4/2021,617,0.13,12/13/2024
3638,CA-2021-141992,6/19/2021,290,0.2,12/13/2024
3639,CA-2021-142034,9/24/2021,415,0,12/13/2024
3640,CA-2021-142090,11/30/2021,674,0.3,12/13/2024
3641,CA-2021-142125,10/21/2021,341,0,12/13/2024
3642,CA-2021-142174,3/4/2021,231,0.2,12/13/2024
3643,CA-2021-142293,9/17/2021,674,0,12/13/2024
3644,CA-2021-142328,12/7/2021,746,0,12/13/2024
3645,CA-2021-142342,7/17/2021,38,0.04,12/13/2024
3646,CA-2021-142391,9/24/2021,585,0,12/13/2024
3647,CA-2021-142461,5/30/2021,445,0.32,12/13/2024
3648,CA-2021-142489,11/14/2021,744,0.8,12/13/2024
3649,CA-2021-142622,10/30/2021,379,0.13,12/13/2024
3650,CA-2021-142636,11/3/2021,422,0.1,12/13/2024
3651,CA-2021-142643,10/15/2021,222,0,12/13/2024
3652,CA-2021-142671,11/10/2021,237,0.7,12/13/2024
3653,CA-2021-142776,12/11/2021,660,0,12/13/2024
3654,CA-2021-142867,3/17/2021,605,0.5,12/13/2024
3655,CA-2021-142888,11/21/2021,103,0,12/13/2024
3656,CA-2021-142909,12/22/2021,21,0.5,12/13/2024
3657,CA-2021-143021,11/19/2021,44,0.3,12/13/2024
3658,CA-2021-143035,10/3/2021,133,0,12/13/2024
3659,CA-2021-143063,8/10/2021,337,0,12/13/2024
3660,CA-2021-143084,3/18/2021,99,0,12/13/2024
3661,CA-2021-143112,10/5/2021,765,0.03,12/13/2024
3662,CA-2021-143126,12/3/2021,163,0,12/13/2024
3663,CA-2021-143217,11/11/2021,143,0,12/13/2024
3664,CA-2021-143245,12/1/2021,16,0,12/13/2024
3665,CA-2021-143252,12/18/2021,320,0,12/13/2024
3666,CA-2021-143259,12/30/2021,604,0.13,12/13/2024
3667,CA-2021-143294,6/2/2021,349,0.2,12/13/2024
3668,CA-2021-143329,11/3/2021,221,0,12/13/2024
3669,CA-2021-143343,6/10/2021,120,0,12/13/2024
3670,CA-2021-143378,9/19/2021,405,0.33,12/13/2024
3671,CA-2021-143434,11/18/2021,498,0,12/13/2024
3672,CA-2021-143455,11/11/2021,522,0.2,12/13/2024
3673,CA-2021-143567,11/2/2021,733,0,12/13/2024
3674,CA-2021-143574,6/29/2021,236,0,12/13/2024
3675,CA-2021-143651,3/25/2021,287,0,12/13/2024
3676,CA-2021-143658,11/8/2021,712,0,12/13/2024
3677,CA-2021-143665,4/26/2021,605,0,12/13/2024
3678,CA-2021-143686,5/14/2021,596,0,12/13/2024
3679,CA-2021-143756,12/2/2021,499,0,12/13/2024
3680,CA-2021-143798,12/10/2021,61,0.2,12/13/2024
3681,CA-2021-143861,6/12/2021,452,0.2,12/13/2024
3682,CA-2021-144036,11/22/2021,290,0.2,12/13/2024
3683,CA-2021-144064,8/29/2021,166,0.4,12/13/2024
3684,CA-2021-144113,9/16/2021,361,0.2,12/13/2024
3685,CA-2021-144225,9/30/2021,134,0,12/13/2024
3686,CA-2021-144365,10/24/2021,174,0,12/13/2024
3687,CA-2021-144456,9/8/2021,281,0.2,12/13/2024
3688,CA-2021-144463,1/1/2021,679,0,12/13/2024
3689,CA-2021-144484,9/11/2021,126,0,12/13/2024
3690,CA-2021-144491,3/27/2021,147,0.28,12/13/2024
3691,CA-2021-144498,5/6/2021,486,0.37,12/13/2024
3692,CA-2021-144526,4/30/2021,616,0.55,12/13/2024
3693,CA-2021-144568,5/29/2021,399,0,12/13/2024
3694,CA-2021-144589,1/20/2021,754,0.1,12/13/2024
3695,CA-2021-144596,11/6/2021,140,0,12/13/2024
3696,CA-2021-144638,3/10/2021,516,0.25,12/13/2024
3697,CA-2021-144680,3/31/2021,672,0.8,12/13/2024
3698,CA-2021-144694,9/24/2021,71,0.2,12/13/2024
3699,CA-2021-144750,8/21/2021,222,0.2,12/13/2024
3700,CA-2021-144820,10/3/2021,479,0.2,12/13/2024
3701,CA-2021-144827,12/21/2021,684,0,12/13/2024
3702,CA-2021-144848,4/4/2021,238,0,12/13/2024
3703,CA-2021-144862,12/1/2021,261,0.3,12/13/2024
3704,CA-2021-144883,8/15/2021,97,0,12/13/2024
3705,CA-2021-144904,9/25/2021,446,0.03,12/13/2024
3706,CA-2021-144932,4/14/2021,9,0.2,12/13/2024
3707,CA-2021-145037,9/2/2021,732,0,12/13/2024
3708,CA-2021-145093,7/21/2021,612,0.8,12/13/2024
3709,CA-2021-145128,7/9/2021,701,0,12/13/2024
3710,CA-2021-145142,1/23/2021,491,0,12/13/2024
3711,CA-2021-145219,12/24/2021,650,0.2,12/13/2024
3712,CA-2021-145226,12/8/2021,220,0,12/13/2024
3713,CA-2021-145233,12/1/2021,241,0.3,12/13/2024
3714,CA-2021-145275,4/2/2021,33,0,12/13/2024
3715,CA-2021-145310,12/22/2021,401,0.2,12/13/2024
3716,CA-2021-145338,1/29/2021,75,0.2,12/13/2024
3717,CA-2021-145429,7/21/2021,728,0.13,12/13/2024
3718,CA-2021-145443,8/10/2021,678,0,12/13/2024
3719,CA-2021-145506,6/3/2021,531,0,12/13/2024
3720,CA-2021-145653,9/1/2021,125,0,12/13/2024
3721,CA-2021-145660,12/1/2021,503,0.2,12/13/2024
3722,CA-2021-145702,5/19/2021,29,0.2,12/13/2024
3723,CA-2021-145737,9/15/2021,9,0.2,12/13/2024
3724,CA-2021-145765,5/28/2021,155,0.2,12/13/2024
3725,CA-2021-145772,6/3/2021,714,0.07,12/13/2024
3726,CA-2021-145779,5/6/2021,198,0.2,12/13/2024
3727,CA-2021-145807,2/9/2021,665,0,12/13/2024
3728,CA-2021-145877,4/1/2021,53,0,12/13/2024
3729,CA-2021-145884,10/21/2021,699,0,12/13/2024
3730,CA-2021-146024,3/2/2021,680,0.5,12/13/2024
3731,CA-2021-146031,7/29/2021,304,0,12/13/2024
3732,CA-2021-146136,9/3/2021,45,0.2,12/13/2024
3733,CA-2021-146164,12/22/2021,159,0,12/13/2024
3734,CA-2021-146185,9/15/2021,130,0.2,12/13/2024
3735,CA-2021-146192,4/22/2021,74,0,12/13/2024
3736,CA-2021-146269,10/6/2021,512,0.2,12/13/2024
3737,CA-2021-146346,6/17/2021,620,0.2,12/13/2024
3738,CA-2021-146360,4/23/2021,673,0,12/13/2024
3739,CA-2021-146367,8/4/2021,329,0.8,12/13/2024
3740,CA-2021-146458,11/19/2021,623,0,12/13/2024
3741,CA-2021-146493,6/1/2021,185,0,12/13/2024
3742,CA-2021-146535,11/24/2021,288,0,12/13/2024
3743,CA-2021-146626,12/29/2021,102,0,12/13/2024
3744,CA-2021-146724,11/20/2021,324,0,12/13/2024
3745,CA-2021-146780,12/25/2021,185,0,12/13/2024
3746,CA-2021-146920,8/28/2021,673,0.2,12/13/2024
3747,CA-2021-146983,9/2/2021,32,0,12/13/2024
3748,CA-2021-147032,7/31/2021,450,0,12/13/2024
3749,CA-2021-147039,6/29/2021,1,0,12/13/2024
3750,CA-2021-147144,3/26/2021,551,0,12/13/2024
3751,CA-2021-147207,1/2/2021,769,0.38,12/13/2024
3752,CA-2021-147228,9/9/2021,706,0.2,12/13/2024
3753,CA-2021-147277,10/20/2021,247,0.3,12/13/2024
3754,CA-2021-147291,3/11/2021,517,0,12/13/2024
3755,CA-2021-147333,12/14/2021,434,0,12/13/2024
3756,CA-2021-147354,3/9/2021,416,0.2,12/13/2024
3757,CA-2021-147361,9/9/2021,667,0,12/13/2024
3758,CA-2021-147403,9/10/2021,432,0.2,12/13/2024
3759,CA-2021-147410,9/4/2021,265,0,12/13/2024
3760,CA-2021-147452,9/30/2021,172,0,12/13/2024
3761,CA-2021-147550,12/4/2021,427,0.2,12/13/2024
3762,CA-2021-147564,10/2/2021,101,0,12/13/2024
3763,CA-2021-147725,9/14/2021,478,0,12/13/2024
3764,CA-2021-147753,3/5/2021,598,0,12/13/2024
3765,CA-2021-147760,11/4/2021,434,0.3,12/13/2024
3766,CA-2021-147767,12/2/2021,724,0.7,12/13/2024
3767,CA-2021-147844,5/2/2021,202,0,12/13/2024
3768,CA-2021-147942,4/1/2021,537,0.1,12/13/2024
3769,CA-2021-147956,12/24/2021,32,0,12/13/2024
3770,CA-2021-148012,12/9/2021,436,0.2,12/13/2024
3771,CA-2021-148068,9/18/2021,528,0,12/13/2024
3772,CA-2021-148138,9/29/2021,500,0.2,12/13/2024
3773,CA-2021-148145,3/18/2021,726,0,12/13/2024
3774,CA-2021-148166,10/21/2021,567,0.2,12/13/2024
3775,CA-2021-148264,12/8/2021,460,0,12/13/2024
3776,CA-2021-148320,11/3/2021,593,0,12/13/2024
3777,CA-2021-148355,12/24/2021,557,0,12/13/2024
3778,CA-2021-148404,10/7/2021,234,0.34,12/13/2024
3779,CA-2021-148411,9/24/2021,652,0.25,12/13/2024
3780,CA-2021-148446,12/10/2021,493,0,12/13/2024
3781,CA-2021-148474,6/12/2021,498,0,12/13/2024
3782,CA-2021-148642,3/6/2021,244,0.2,12/13/2024
3783,CA-2021-148691,12/3/2021,180,0.1,12/13/2024
3784,CA-2021-148810,6/26/2021,236,0.2,12/13/2024
3785,CA-2021-148922,12/10/2021,720,0,12/13/2024
3786,CA-2021-148929,9/7/2021,708,0,12/13/2024
3787,CA-2021-148985,11/11/2021,734,0,12/13/2024
3788,CA-2021-148992,11/23/2021,177,0.2,12/13/2024
3789,CA-2021-148999,1/30/2021,250,0.2,12/13/2024
3790,CA-2021-149048,5/13/2021,93,0,12/13/2024
3791,CA-2021-149076,1/14/2021,706,0,12/13/2024
3792,CA-2021-149146,10/12/2021,701,0.2,12/13/2024
3793,CA-2021-149160,11/23/2021,391,0,12/13/2024
3794,CA-2021-149181,5/8/2021,496,0.3,12/13/2024
3795,CA-2021-149468,5/20/2021,47,0,12/13/2024
3796,CA-2021-149489,4/24/2021,211,0.53,12/13/2024
3797,CA-2021-149559,9/11/2021,428,0.07,12/13/2024
3798,CA-2021-149699,12/22/2021,157,0,12/13/2024
3799,CA-2021-149706,12/11/2021,57,0.2,12/13/2024
3800,CA-2021-149720,6/4/2021,271,0.6,12/13/2024
3801,CA-2021-149853,10/3/2021,603,0.2,12/13/2024
3802,CA-2021-149881,4/1/2021,557,0.17,12/13/2024
3803,CA-2021-149888,11/7/2021,276,0.4,12/13/2024
3804,CA-2021-149895,9/8/2021,253,0.4,12/13/2024
3805,CA-2021-149944,11/12/2021,485,0,12/13/2024
3806,CA-2021-150091,10/12/2021,572,0,12/13/2024
3807,CA-2021-150189,7/8/2021,779,0,12/13/2024
3808,CA-2021-150266,11/25/2021,652,0.38,12/13/2024
3809,CA-2021-150420,6/3/2021,297,0,12/13/2024
3810,CA-2021-150469,1/26/2021,147,0,12/13/2024
3811,CA-2021-150497,7/20/2021,703,0,12/13/2024
3812,CA-2021-150504,11/6/2021,322,0.2,12/13/2024
3813,CA-2021-150525,2/20/2021,402,0,12/13/2024
3814,CA-2021-150602,2/9/2021,520,0,12/13/2024
3815,CA-2021-150609,4/30/2021,579,0.2,12/13/2024
3816,CA-2021-150623,4/10/2021,195,0,12/13/2024
3817,CA-2021-150707,10/14/2021,267,0,12/13/2024
3818,CA-2021-150910,12/22/2021,384,0.24,12/13/2024
3819,CA-2021-150931,1/6/2021,235,0,12/13/2024
3820,CA-2021-150959,11/11/2021,747,0.5,12/13/2024
3821,CA-2021-150987,4/8/2021,30,0,12/13/2024
3822,CA-2021-151008,9/7/2021,396,0.1,12/13/2024
3823,CA-2021-151071,4/25/2021,486,0.2,12/13/2024
3824,CA-2021-151176,2/13/2021,722,0,12/13/2024
3825,CA-2021-151183,10/14/2021,90,0,12/13/2024
3826,CA-2021-151190,6/27/2021,312,0,12/13/2024
3827,CA-2021-151211,8/17/2021,30,0,12/13/2024
3828,CA-2021-151218,6/20/2021,596,0.2,12/13/2024
3829,CA-2021-151225,10/27/2021,394,0.2,12/13/2024
3830,CA-2021-151281,4/27/2021,330,0,12/13/2024
3831,CA-2021-151358,8/18/2021,563,0,12/13/2024
3832,CA-2021-151428,9/21/2021,643,0,12/13/2024
3833,CA-2021-151484,4/20/2021,185,0.2,12/13/2024
3834,CA-2021-151596,10/8/2021,99,0,12/13/2024
3835,CA-2021-151750,1/1/2021,390,0.53,12/13/2024
3836,CA-2021-151799,12/14/2021,83,0.06,12/13/2024
3837,CA-2021-151855,5/27/2021,119,0.45,12/13/2024
3838,CA-2021-151911,4/30/2021,222,0,12/13/2024
3839,CA-2021-151981,8/6/2021,305,0,12/13/2024
3840,CA-2021-152079,1/20/2021,521,0.2,12/13/2024
3841,CA-2021-152093,9/10/2021,704,0.8,12/13/2024
3842,CA-2021-152135,3/16/2021,503,0.4,12/13/2024
3843,CA-2021-152142,11/14/2021,480,0.2,12/13/2024
3844,CA-2021-152198,9/9/2021,351,0.53,12/13/2024
3845,CA-2021-152205,9/28/2021,687,0.7,12/13/2024
3846,CA-2021-152226,5/12/2021,371,0.2,12/13/2024
3847,CA-2021-152261,3/2/2021,340,0.7,12/13/2024
3848,CA-2021-152275,10/1/2021,432,0.2,12/13/2024
3849,CA-2021-152310,8/12/2021,212,0.07,12/13/2024
3850,CA-2021-152436,12/8/2021,186,0,12/13/2024
3851,CA-2021-152485,9/4/2021,349,0.2,12/13/2024
3852,CA-2021-152499,1/22/2021,258,0.2,12/13/2024
3853,CA-2021-152583,10/30/2021,620,0.37,12/13/2024
3854,CA-2021-152660,12/4/2021,127,0.2,12/13/2024
3855,CA-2021-152695,12/10/2021,131,0,12/13/2024
3856,CA-2021-152702,10/12/2021,705,0.3,12/13/2024
3857,CA-2021-152709,10/7/2021,193,0,12/13/2024
3858,CA-2021-152737,11/7/2021,767,0.1,12/13/2024
3859,CA-2021-152786,3/12/2021,294,0,12/13/2024
3860,CA-2021-152807,10/30/2021,494,0.2,12/13/2024
3861,CA-2021-152856,9/8/2021,659,0.2,12/13/2024
3862,CA-2021-152912,11/9/2021,93,0,12/13/2024
3863,CA-2021-152926,10/2/2021,678,0.8,12/13/2024
3864,CA-2021-152933,10/12/2021,503,0.2,12/13/2024
3865,CA-2021-152961,1/15/2021,670,0,12/13/2024
3866,CA-2021-152968,5/26/2021,94,0,12/13/2024
3867,CA-2021-152975,9/14/2021,627,0.03,12/13/2024
3868,CA-2021-153045,1/19/2021,576,0.28,12/13/2024
3869,CA-2021-153080,5/22/2021,259,0,12/13/2024
3870,CA-2021-153227,12/4/2021,177,0,12/13/2024
3871,CA-2021-153339,11/3/2021,209,0.2,12/13/2024
3872,CA-2021-153654,11/24/2021,497,0.7,12/13/2024
3873,CA-2021-153787,5/19/2021,60,0,12/13/2024
3874,CA-2021-153822,9/19/2021,7,0.33,12/13/2024
3875,CA-2021-153843,3/13/2021,674,0,12/13/2024
3876,CA-2021-153871,12/11/2021,623,0,12/13/2024
3877,CA-2021-154011,6/19/2021,194,0.55,12/13/2024
3878,CA-2021-154039,2/17/2021,383,0.35,12/13/2024
3879,CA-2021-154074,8/31/2021,119,0.1,12/13/2024
3880,CA-2021-154088,11/12/2021,449,0.2,12/13/2024
3881,CA-2021-154102,2/6/2021,704,0,12/13/2024
3882,CA-2021-154109,11/6/2021,521,0.25,12/13/2024
3883,CA-2021-154116,12/15/2021,438,0.07,12/13/2024
3884,CA-2021-154123,11/20/2021,669,0,12/13/2024
3885,CA-2021-154137,11/11/2021,543,0,12/13/2024
3886,CA-2021-154214,3/20/2021,740,0,12/13/2024
3887,CA-2021-154410,10/21/2021,497,0,12/13/2024
3888,CA-2021-154466,1/1/2021,235,0,12/13/2024
3889,CA-2021-154501,4/30/2021,246,0,12/13/2024
3890,CA-2021-154676,8/5/2021,579,0.2,12/13/2024
3891,CA-2021-154718,1/19/2021,218,0.2,12/13/2024
3892,CA-2021-154732,11/5/2021,31,0.8,12/13/2024
3893,CA-2021-154760,1/9/2021,104,0.7,12/13/2024
3894,CA-2021-154809,2/13/2021,512,0,12/13/2024
3895,CA-2021-154816,11/6/2021,776,0,12/13/2024
3896,CA-2021-154907,3/31/2021,239,0.32,12/13/2024
3897,CA-2021-154935,12/24/2021,49,0.2,12/13/2024
3898,CA-2021-154949,10/15/2021,487,0,12/13/2024
3899,CA-2021-155047,8/27/2021,684,0.2,12/13/2024
3900,CA-2021-155075,12/2/2021,314,0.7,12/13/2024
3901,CA-2021-155089,12/2/2021,189,0.7,12/13/2024
3902,CA-2021-155152,7/7/2021,534,0,12/13/2024
3903,CA-2021-155159,11/25/2021,220,0,12/13/2024
3904,CA-2021-155292,10/30/2021,635,0,12/13/2024
3905,CA-2021-155362,12/17/2021,232,0,12/13/2024
3906,CA-2021-155376,12/22/2021,688,0,12/13/2024
3907,CA-2021-155460,4/13/2021,662,0.1,12/13/2024
3908,CA-2021-155558,10/26/2021,593,0,12/13/2024
3909,CA-2021-155607,11/26/2021,283,0.1,12/13/2024
3910,CA-2021-155621,11/8/2021,441,0,12/13/2024
3911,CA-2021-155642,5/18/2021,92,0.6,12/13/2024
3912,CA-2021-155698,3/8/2021,776,0,12/13/2024
3913,CA-2021-155705,8/21/2021,561,0,12/13/2024
3914,CA-2021-155712,3/2/2021,426,0.2,12/13/2024
3915,CA-2021-155740,7/30/2021,745,0.7,12/13/2024
3916,CA-2021-155824,3/10/2021,443,0.45,12/13/2024
3917,CA-2021-155873,6/16/2021,10,0,12/13/2024
3918,CA-2021-155880,3/25/2021,353,0,12/13/2024
3919,CA-2021-155929,9/9/2021,36,0.2,12/13/2024
3920,CA-2021-155936,6/22/2021,381,0.8,12/13/2024
3921,CA-2021-155957,11/26/2021,136,0.2,12/13/2024
3922,CA-2021-155985,3/23/2021,76,0,12/13/2024
3923,CA-2021-156237,9/14/2021,609,0.55,12/13/2024
3924,CA-2021-156272,3/21/2021,614,0.2,12/13/2024
3925,CA-2021-156363,10/22/2021,520,0.3,12/13/2024
3926,CA-2021-156391,9/26/2021,699,0.2,12/13/2024
3927,CA-2021-156412,12/4/2021,158,0.7,12/13/2024
3928,CA-2021-156622,11/23/2021,400,0.38,12/13/2024
3929,CA-2021-156664,12/18/2021,104,0.32,12/13/2024
3930,CA-2021-156720,12/30/2021,393,0.2,12/13/2024
3931,CA-2021-156769,5/6/2021,315,0,12/13/2024
3932,CA-2021-156776,8/7/2021,387,0.1,12/13/2024
3933,CA-2021-156818,7/11/2021,351,0,12/13/2024
3934,CA-2021-156895,5/8/2021,209,0.3,12/13/2024
3935,CA-2021-156951,10/1/2021,249,0.1,12/13/2024
3936,CA-2021-156958,12/5/2021,583,0.16,12/13/2024
3937,CA-2021-157091,6/26/2021,196,0,12/13/2024
3938,CA-2021-157112,4/23/2021,298,0.45,12/13/2024
3939,CA-2021-157196,11/5/2021,4,0,12/13/2024
3940,CA-2021-157252,1/20/2021,185,0.1,12/13/2024
3941,CA-2021-157273,1/30/2021,730,0.2,12/13/2024
3942,CA-2021-157350,8/26/2021,231,0.6,12/13/2024
3943,CA-2021-157413,6/1/2021,118,0.2,12/13/2024
3944,CA-2021-157420,11/21/2021,335,0.2,12/13/2024
3945,CA-2021-157448,11/16/2021,452,0,12/13/2024
3946,CA-2021-157469,12/2/2021,279,0.3,12/13/2024
3947,CA-2021-157483,11/11/2021,276,0,12/13/2024
3948,CA-2021-157651,12/10/2021,318,0.2,12/13/2024
3949,CA-2021-157672,10/5/2021,628,0.2,12/13/2024
3950,CA-2021-157833,6/17/2021,424,0.2,12/13/2024
3951,CA-2021-157854,4/8/2021,226,0,12/13/2024
3952,CA-2021-157903,4/4/2021,42,0.2,12/13/2024
3953,CA-2021-157931,9/17/2021,531,0,12/13/2024
3954,CA-2021-157966,3/13/2021,720,0.23,12/13/2024
3955,CA-2021-157980,12/7/2021,693,0.2,12/13/2024
3956,CA-2021-157987,9/2/2021,14,0.06,12/13/2024
3957,CA-2021-158036,9/8/2021,197,0.2,12/13/2024
3958,CA-2021-158071,6/10/2021,68,0.07,12/13/2024
3959,CA-2021-158106,6/4/2021,183,0,12/13/2024
3960,CA-2021-158120,11/17/2021,429,0.45,12/13/2024
3961,CA-2021-158169,8/12/2021,396,0,12/13/2024
3962,CA-2021-158246,11/9/2021,341,0.2,12/13/2024
3963,CA-2021-158344,8/7/2021,134,0,12/13/2024
3964,CA-2021-158379,9/22/2021,340,0.37,12/13/2024
3965,CA-2021-158386,10/16/2021,98,0,12/13/2024
3966,CA-2021-158407,6/4/2021,480,0.2,12/13/2024
3967,CA-2021-158561,11/11/2021,66,0.2,12/13/2024
3968,CA-2021-158673,12/29/2021,419,0,12/13/2024
3969,CA-2021-158722,10/20/2021,483,0.2,12/13/2024
3970,CA-2021-158729,12/19/2021,13,0,12/13/2024
3971,CA-2021-158736,12/18/2021,773,0,12/13/2024
3972,CA-2021-158743,10/20/2021,336,0,12/13/2024
3973,CA-2021-158876,11/19/2021,8,0.3,12/13/2024
3974,CA-2021-158883,6/2/2021,173,0.2,12/13/2024
3975,CA-2021-158953,6/4/2021,523,0.8,12/13/2024
3976,CA-2021-158967,12/10/2021,116,0.2,12/13/2024
3977,CA-2021-159100,10/16/2021,784,0.3,12/13/2024
3978,CA-2021-159107,6/24/2021,445,0,12/13/2024
3979,CA-2021-159135,11/4/2021,437,0,12/13/2024
3980,CA-2021-159149,2/17/2021,171,0.24,12/13/2024
3981,CA-2021-159156,11/13/2021,419,0,12/13/2024
3982,CA-2021-159226,4/25/2021,648,0.15,12/13/2024
3983,CA-2021-159282,10/16/2021,299,0.7,12/13/2024
3984,CA-2021-159352,3/12/2021,418,0,12/13/2024
3985,CA-2021-159366,1/7/2021,119,0.1,12/13/2024
3986,CA-2021-159457,10/19/2021,631,0.2,12/13/2024
3987,CA-2021-159464,5/18/2021,737,0,12/13/2024
3988,CA-2021-159506,11/27/2021,405,0,12/13/2024
3989,CA-2021-159597,11/9/2021,490,0,12/13/2024
3990,CA-2021-159604,4/14/2021,154,0,12/13/2024
3991,CA-2021-159667,11/9/2021,601,0.2,12/13/2024
3992,CA-2021-159688,5/7/2021,6,0,12/13/2024
3993,CA-2021-159793,8/25/2021,721,0.5,12/13/2024
3994,CA-2021-159884,8/31/2021,363,0.2,12/13/2024
3995,CA-2021-159954,9/10/2021,715,0,12/13/2024
3996,CA-2021-160017,9/28/2021,710,0.2,12/13/2024
3997,CA-2021-160031,12/4/2021,477,0.2,12/13/2024
3998,CA-2021-160045,4/26/2021,449,0.6,12/13/2024
3999,CA-2021-160087,3/18/2021,275,0.2,12/13/2024
4000,CA-2021-160122,11/18/2021,637,0.25,12/13/2024
4001,CA-2021-160325,9/24/2021,100,0,12/13/2024
4002,CA-2021-160416,11/13/2021,16,0,12/13/2024
4003,CA-2021-160423,1/21/2021,611,0.45,12/13/2024
4004,CA-2021-160458,5/27/2021,259,0.2,12/13/2024
4005,CA-2021-160514,11/12/2021,192,0,12/13/2024
4006,CA-2021-160633,11/16/2021,106,0.27,12/13/2024
4007,CA-2021-160661,10/28/2021,664,0,12/13/2024
4008,CA-2021-160724,5/5/2021,791,0,12/13/2024
4009,CA-2021-160801,9/19/2021,283,0.7,12/13/2024
4010,CA-2021-160885,12/2/2021,382,0,12/13/2024
4011,CA-2021-160899,8/11/2021,237,0,12/13/2024
4012,CA-2021-160927,1/29/2021,754,0,12/13/2024
4013,CA-2021-160934,1/15/2021,773,0,12/13/2024
4014,CA-2021-160962,4/28/2021,491,0.2,12/13/2024
4015,CA-2021-160983,10/29/2021,295,0,12/13/2024
4016,CA-2021-161018,11/9/2021,602,0,12/13/2024
4017,CA-2021-161046,3/5/2021,128,0,12/13/2024
4018,CA-2021-161053,9/22/2021,357,0,12/13/2024
4019,CA-2021-161067,9/3/2021,417,0.05,12/13/2024
4020,CA-2021-161088,5/25/2021,516,0,12/13/2024
4021,CA-2021-161102,7/31/2021,255,0,12/13/2024
4022,CA-2021-161130,11/3/2021,85,0.2,12/13/2024
4023,CA-2021-161172,3/16/2021,711,0.34,12/13/2024
4024,CA-2021-161200,8/6/2021,721,0,12/13/2024
4025,CA-2021-161333,2/2/2021,388,0,12/13/2024
4026,CA-2021-161340,5/28/2021,41,0.35,12/13/2024
4027,CA-2021-161410,6/26/2021,131,0.4,12/13/2024
4028,CA-2021-161459,11/25/2021,248,0.1,12/13/2024
4029,CA-2021-161480,12/25/2021,617,0.2,12/13/2024
4030,CA-2021-161557,9/3/2021,27,0.6,12/13/2024
4031,CA-2021-161578,12/16/2021,624,0,12/13/2024
4032,CA-2021-161592,4/6/2021,176,0.7,12/13/2024
4033,CA-2021-161655,5/13/2021,186,0,12/13/2024
4034,CA-2021-161739,11/10/2021,248,0.6,12/13/2024
4035,CA-2021-161774,5/14/2021,312,0.22,12/13/2024
4036,CA-2021-161809,1/20/2021,750,0.2,12/13/2024
4037,CA-2021-161823,9/3/2021,20,0,12/13/2024
4038,CA-2021-161851,4/15/2021,100,0.7,12/13/2024
4039,CA-2021-161893,1/23/2021,331,0.45,12/13/2024
4040,CA-2021-161956,8/27/2021,236,0.08,12/13/2024
4041,CA-2021-161970,9/22/2021,584,0,12/13/2024
4042,CA-2021-161984,4/10/2021,695,0,12/13/2024
4043,CA-2021-162015,7/11/2021,415,0,12/13/2024
4044,CA-2021-162033,3/26/2021,274,0,12/13/2024
4045,CA-2021-162075,3/18/2021,771,0.2,12/13/2024
4046,CA-2021-162096,11/10/2021,734,0,12/13/2024
4047,CA-2021-162173,10/26/2021,581,0,12/13/2024
4048,CA-2021-162250,11/24/2021,608,0,12/13/2024
4049,CA-2021-162474,3/13/2021,284,0.2,12/13/2024
4050,CA-2021-162481,9/25/2021,183,0,12/13/2024
4051,CA-2021-162565,12/11/2021,656,0.37,12/13/2024
4052,CA-2021-162572,9/25/2021,622,0.2,12/13/2024
4053,CA-2021-162635,10/9/2021,254,0.2,12/13/2024
4054,CA-2021-162691,8/1/2021,52,0.3,12/13/2024
4055,CA-2021-162712,6/18/2021,567,0.2,12/13/2024
4056,CA-2021-162789,9/22/2021,456,0,12/13/2024
4057,CA-2021-162880,12/25/2021,297,0.2,12/13/2024
4058,CA-2021-162929,11/19/2021,54,0.1,12/13/2024
4059,CA-2021-162936,8/18/2021,158,0,12/13/2024
4060,CA-2021-162978,5/4/2021,480,0.13,12/13/2024
4061,CA-2021-163006,6/30/2021,299,0.37,12/13/2024
4062,CA-2021-163020,9/15/2021,531,0,12/13/2024
4063,CA-2021-163069,8/18/2021,596,0.2,12/13/2024
4064,CA-2021-163097,8/27/2021,686,0.2,12/13/2024
4065,CA-2021-163125,10/9/2021,485,0.25,12/13/2024
4066,CA-2021-163139,12/1/2021,137,0.07,12/13/2024
4067,CA-2021-163160,10/13/2021,768,0.53,12/13/2024
4068,CA-2021-163188,11/7/2021,255,0,12/13/2024
4069,CA-2021-163209,5/3/2021,519,0,12/13/2024
4070,CA-2021-163265,2/16/2021,410,0.3,12/13/2024
4071,CA-2021-163321,8/7/2021,289,0.2,12/13/2024
4072,CA-2021-163335,9/24/2021,25,0,12/13/2024
4073,CA-2021-163405,12/21/2021,96,0,12/13/2024
4074,CA-2021-163510,12/25/2021,412,0,12/13/2024
4075,CA-2021-163531,6/26/2021,679,0,12/13/2024
4076,CA-2021-163566,8/3/2021,732,0.2,12/13/2024
4077,CA-2021-163629,11/17/2021,618,0,12/13/2024
4078,CA-2021-163671,12/24/2021,232,0.2,12/13/2024
4079,CA-2021-163692,9/7/2021,234,0.7,12/13/2024
4080,CA-2021-163818,10/4/2021,610,0,12/13/2024
4081,CA-2021-163860,12/28/2021,467,0.57,12/13/2024
4082,CA-2021-163874,11/10/2021,557,0.2,12/13/2024
4083,CA-2021-163902,3/2/2021,549,0.1,12/13/2024
4084,CA-2021-163979,12/28/2021,433,0,12/13/2024
4085,CA-2021-164000,12/18/2021,28,0.2,12/13/2024
4086,CA-2021-164028,11/24/2021,388,0,12/13/2024
4087,CA-2021-164042,5/23/2021,435,0.5,12/13/2024
4088,CA-2021-164049,11/2/2021,432,0,12/13/2024
4089,CA-2021-164098,1/26/2021,144,0.2,12/13/2024
4090,CA-2021-164112,6/30/2021,560,0,12/13/2024
4091,CA-2021-164168,11/12/2021,473,0.37,12/13/2024
4092,CA-2021-164329,1/30/2021,526,0,12/13/2024
4093,CA-2021-164364,11/12/2021,178,0,12/13/2024
4094,CA-2021-164378,7/15/2021,527,0.02,12/13/2024
4095,CA-2021-164707,2/18/2021,185,0.07,12/13/2024
4096,CA-2021-164756,9/18/2021,714,0,12/13/2024
4097,CA-2021-164819,10/15/2021,658,0,12/13/2024
4098,CA-2021-164826,12/28/2021,362,0.05,12/13/2024
4099,CA-2021-164917,12/2/2021,518,0.2,12/13/2024
4100,CA-2021-164959,7/11/2021,440,0,12/13/2024
4101,CA-2021-165008,9/15/2021,230,0.2,12/13/2024
4102,CA-2021-165029,11/26/2021,29,0,12/13/2024
4103,CA-2021-165099,12/11/2021,217,0.8,12/13/2024
4104,CA-2021-165155,9/21/2021,92,0,12/13/2024
4105,CA-2021-165204,11/13/2021,529,0.2,12/13/2024
4106,CA-2021-165323,6/17/2021,713,0,12/13/2024
4107,CA-2021-165386,8/3/2021,159,0.3,12/13/2024
4108,CA-2021-165491,3/20/2021,334,0,12/13/2024
4109,CA-2021-165603,10/17/2021,714,0,12/13/2024
4110,CA-2021-165687,11/17/2021,178,0,12/13/2024
4111,CA-2021-165715,12/2/2021,86,0.2,12/13/2024
4112,CA-2021-165757,6/22/2021,599,0.53,12/13/2024
4113,CA-2021-165841,12/21/2021,193,0,12/13/2024
4114,CA-2021-165904,4/7/2021,332,0.2,12/13/2024
4115,CA-2021-166093,8/17/2021,661,0.09,12/13/2024
4116,CA-2021-166128,4/11/2021,482,0,12/13/2024
4117,CA-2021-166142,7/15/2021,525,0.15,12/13/2024
4118,CA-2021-166184,3/24/2021,333,0.03,12/13/2024
4119,CA-2021-166198,4/21/2021,412,0,12/13/2024
4120,CA-2021-166296,3/13/2021,428,0,12/13/2024
4121,CA-2021-166317,9/22/2021,355,0,12/13/2024
4122,CA-2021-166415,2/19/2021,499,0,12/13/2024
4123,CA-2021-166436,11/24/2021,765,0.05,12/13/2024
4124,CA-2021-166499,3/19/2021,780,0,12/13/2024
4125,CA-2021-166576,5/16/2021,395,0.2,12/13/2024
4126,CA-2021-166695,5/20/2021,133,0.13,12/13/2024
4127,CA-2021-166709,11/17/2021,328,0,12/13/2024
4128,CA-2021-166835,11/12/2021,217,0.2,12/13/2024
4129,CA-2021-166849,4/20/2021,695,0.6,12/13/2024
4130,CA-2021-166856,9/18/2021,767,0.1,12/13/2024
4131,CA-2021-166898,9/11/2021,432,0.1,12/13/2024
4132,CA-2021-166919,11/23/2021,32,0.2,12/13/2024
4133,CA-2021-166926,12/1/2021,706,0,12/13/2024
4134,CA-2021-166933,4/24/2021,507,0,12/13/2024
4135,CA-2021-167003,5/23/2021,785,0.2,12/13/2024
4136,CA-2021-167017,11/23/2021,200,0,12/13/2024
4137,CA-2021-167080,6/10/2021,453,0,12/13/2024
4138,CA-2021-167094,10/21/2021,211,0.2,12/13/2024
4139,CA-2021-167101,3/24/2021,93,0,12/13/2024
4140,CA-2021-167150,12/10/2021,102,0.2,12/13/2024
4141,CA-2021-167227,11/2/2021,572,0,12/13/2024
4142,CA-2021-167381,9/22/2021,261,0,12/13/2024
4143,CA-2021-167395,12/2/2021,439,0,12/13/2024
4144,CA-2021-167542,8/13/2021,425,0.2,12/13/2024
4145,CA-2021-167549,7/25/2021,274,0.3,12/13/2024
4146,CA-2021-167626,9/3/2021,550,0.2,12/13/2024
4147,CA-2021-167640,3/6/2021,281,0.05,12/13/2024
4148,CA-2021-167661,10/5/2021,535,0.13,12/13/2024
4149,CA-2021-167668,5/6/2021,744,0,12/13/2024
4150,CA-2021-167703,2/3/2021,489,0.45,12/13/2024
4151,CA-2021-167752,1/15/2021,663,0.2,12/13/2024
4152,CA-2021-167871,11/18/2021,17,0.2,12/13/2024
4153,CA-2021-167899,5/21/2021,368,0,12/13/2024
4154,CA-2021-167913,7/30/2021,388,0,12/13/2024
4155,CA-2021-167941,11/6/2021,364,0.3,12/13/2024
4156,CA-2021-167976,11/11/2021,387,0,12/13/2024
4157,CA-2021-168102,4/24/2021,167,0.2,12/13/2024
4158,CA-2021-168109,7/3/2021,380,0.1,12/13/2024
4159,CA-2021-168123,3/5/2021,352,0,12/13/2024
4160,CA-2021-168172,8/6/2021,693,0,12/13/2024
4161,CA-2021-168179,11/2/2021,343,0,12/13/2024
4162,CA-2021-168193,3/6/2021,651,0,12/13/2024
4163,CA-2021-168228,4/27/2021,45,0,12/13/2024
4164,CA-2021-168389,12/11/2021,240,0.26,12/13/2024
4165,CA-2021-168396,8/3/2021,74,0,12/13/2024
4166,CA-2021-168403,9/9/2021,211,0.2,12/13/2024
4167,CA-2021-168641,11/24/2021,414,0.05,12/13/2024
4168,CA-2021-168655,10/12/2021,523,0.1,12/13/2024
4169,CA-2021-168739,5/29/2021,335,0.6,12/13/2024
4170,CA-2021-168837,10/14/2021,412,0,12/13/2024
4171,CA-2021-168858,11/19/2021,353,0,12/13/2024
4172,CA-2021-168900,5/4/2021,693,0.7,12/13/2024
4173,CA-2021-168942,8/1/2021,270,0,12/13/2024
4174,CA-2021-169005,11/2/2021,86,0,12/13/2024
4175,CA-2021-169012,7/10/2021,85,0,12/13/2024
4176,CA-2021-169054,4/22/2021,531,0.2,12/13/2024
4177,CA-2021-169124,7/3/2021,485,0,12/13/2024
4178,CA-2021-169264,8/14/2021,574,0,12/13/2024
4179,CA-2021-169285,3/21/2021,663,0,12/13/2024
4180,CA-2021-169327,9/2/2021,510,0.07,12/13/2024
4181,CA-2021-169362,10/12/2021,710,0.2,12/13/2024
4182,CA-2021-169404,4/9/2021,558,0.45,12/13/2024
4183,CA-2021-169411,12/24/2021,14,0,12/13/2024
4184,CA-2021-169439,9/9/2021,456,0.2,12/13/2024
4185,CA-2021-169474,2/4/2021,361,0,12/13/2024
4186,CA-2021-169607,10/12/2021,123,0,12/13/2024
4187,CA-2021-169691,6/15/2021,234,0,12/13/2024
4188,CA-2021-169810,7/25/2021,622,0,12/13/2024
4189,CA-2021-169817,9/21/2021,250,0.7,12/13/2024
4190,CA-2021-169859,12/14/2021,535,0.07,12/13/2024
4191,CA-2021-169894,11/24/2021,545,0.45,12/13/2024
4192,CA-2021-169901,6/15/2021,135,0.2,12/13/2024
4193,CA-2021-169929,9/25/2021,474,0,12/13/2024
4194,CA-2021-169978,12/24/2021,324,0.15,12/13/2024
4195,CA-2021-169999,6/19/2021,407,0.1,12/13/2024
4196,US-2018-100279,3/10/2018,726,0,12/13/2024
4197,US-2018-100853,9/14/2018,341,0.5,12/13/2024
4198,US-2018-102071,5/9/2018,592,0,12/13/2024
4199,US-2018-102631,12/13/2018,249,0.6,12/13/2024
4200,US-2018-102715,4/11/2018,378,0.2,12/13/2024
4201,US-2018-103338,3/11/2018,623,0,12/13/2024
4202,US-2018-103905,7/14/2018,62,0.5,12/13/2024
4203,US-2018-104759,3/31/2018,202,0.5,12/13/2024
4204,US-2018-105137,10/10/2018,623,0.7,12/13/2024
4205,US-2018-105151,3/30/2018,691,0,12/13/2024
4206,US-2018-105767,5/23/2018,48,0.43,12/13/2024
4207,US-2018-106299,8/2/2018,579,0,12/13/2024
4208,US-2018-106334,12/27/2018,363,0.1,12/13/2024
4209,US-2018-106992,9/19/2018,667,0.4,12/13/2024
4210,US-2018-107405,3/21/2018,763,0.2,12/13/2024
4211,US-2018-107699,5/19/2018,370,0,12/13/2024
4212,US-2018-107993,11/25/2018,684,0.2,12/13/2024
4213,US-2018-109036,12/20/2018,431,0,12/13/2024
4214,US-2018-109162,6/8/2018,427,0.2,12/13/2024
4215,US-2018-109456,10/16/2018,476,0.1,12/13/2024
4216,US-2018-110674,2/12/2018,670,0.2,12/13/2024
4217,US-2018-111171,12/26/2018,123,0.8,12/13/2024
4218,US-2018-111353,11/29/2018,585,0,12/13/2024
4219,US-2018-112200,11/22/2018,745,0.8,12/13/2024
4220,US-2018-112564,4/23/2018,762,0.7,12/13/2024
4221,US-2018-112795,8/23/2018,169,0,12/13/2024
4222,US-2018-112872,12/6/2018,630,0.35,12/13/2024
4223,US-2018-112914,9/25/2018,544,0.38,12/13/2024
4224,US-2018-112949,6/20/2018,165,0,12/13/2024
4225,US-2018-112991,12/10/2018,692,0.07,12/13/2024
4226,US-2018-113124,3/30/2018,555,0,12/13/2024
4227,US-2018-114188,5/20/2018,640,0,12/13/2024
4228,US-2018-114377,11/5/2018,86,0,12/13/2024
4229,US-2018-115189,12/30/2018,46,0.4,12/13/2024
4230,US-2018-115196,9/9/2018,219,0.5,12/13/2024
4231,US-2018-115413,8/26/2018,607,0,12/13/2024
4232,US-2018-115987,9/8/2018,463,0.8,12/13/2024
4233,US-2018-117058,5/27/2018,459,0.8,12/13/2024
4234,US-2018-117135,6/21/2018,571,0,12/13/2024
4235,US-2018-117163,1/27/2018,264,0.07,12/13/2024
4236,US-2018-117170,9/17/2018,444,0.2,12/13/2024
4237,US-2018-117380,3/28/2018,535,0.4,12/13/2024
4238,US-2018-117744,12/2/2018,497,0.47,12/13/2024
4239,US-2018-117968,8/5/2018,658,0,12/13/2024
4240,US-2018-118486,4/6/2018,683,0.27,12/13/2024
4241,US-2018-118997,4/8/2018,618,0,12/13/2024
4242,US-2018-119081,9/12/2018,731,0,12/13/2024
4243,US-2018-119137,7/23/2018,27,0.32,12/13/2024
4244,US-2018-120175,11/28/2018,492,0,12/13/2024
4245,US-2018-120236,9/3/2018,536,0.8,12/13/2024
4246,US-2018-120313,10/31/2018,568,0.2,12/13/2024
4247,US-2018-120740,4/15/2018,610,0,12/13/2024
4248,US-2018-121566,6/30/2018,173,0.1,12/13/2024
4249,US-2018-121734,4/11/2018,684,0.2,12/13/2024
4250,US-2018-122021,10/15/2018,15,0.25,12/13/2024
4251,US-2018-122959,12/12/2018,187,0.8,12/13/2024
4252,US-2018-123183,11/19/2018,310,0,12/13/2024
4253,US-2018-123519,12/14/2018,718,0.27,12/13/2024
4254,US-2018-124625,11/3/2018,709,0,12/13/2024
4255,US-2018-125521,3/14/2018,149,0,12/13/2024
4256,US-2018-126340,11/8/2018,250,0.2,12/13/2024
4257,US-2018-126571,10/11/2018,364,0.2,12/13/2024
4258,US-2018-127635,9/14/2018,672,0.45,12/13/2024
4259,US-2018-127978,3/3/2018,406,0.3,12/13/2024
4260,US-2018-128685,4/4/2018,552,0.2,12/13/2024
4261,US-2018-129609,3/22/2018,782,0,12/13/2024
4262,US-2018-130358,6/23/2018,221,0.2,12/13/2024
4263,US-2018-130379,5/25/2018,386,0.7,12/13/2024
4264,US-2018-131275,3/18/2018,669,0.07,12/13/2024
4265,US-2018-131870,9/9/2018,563,0.2,12/13/2024
4266,US-2018-131982,3/7/2018,573,0.2,12/13/2024
4267,US-2018-132745,10/1/2018,562,0,12/13/2024
4268,US-2018-133130,9/27/2018,750,0.1,12/13/2024
4269,US-2018-133949,12/31/2018,385,0.2,12/13/2024
4270,US-2018-134054,10/10/2018,282,0,12/13/2024
4271,US-2018-134187,11/4/2018,752,0,12/13/2024
4272,US-2018-134614,9/20/2018,590,0.5,12/13/2024
4273,US-2018-134712,11/29/2018,106,0.2,12/13/2024
4274,US-2018-134733,9/23/2018,93,0.17,12/13/2024
4275,US-2018-134971,6/7/2018,100,0.8,12/13/2024
4276,US-2018-135881,5/23/2018,312,0.07,12/13/2024
4277,US-2018-135972,9/21/2018,365,0.1,12/13/2024
4278,US-2018-137155,11/1/2018,219,0,12/13/2024
4279,US-2018-137680,2/24/2018,369,0.2,12/13/2024
4280,US-2018-137869,3/28/2018,184,0,12/13/2024
4281,US-2018-138247,12/24/2018,83,0.07,12/13/2024
4282,US-2018-138758,7/7/2018,388,0.25,12/13/2024
4283,US-2018-138828,9/2/2018,424,0,12/13/2024
4284,US-2018-138835,9/10/2018,188,0,12/13/2024
4285,US-2018-139500,11/16/2018,9,0.3,12/13/2024
4286,US-2018-139640,11/7/2018,740,0.2,12/13/2024
4287,US-2018-140116,3/10/2018,445,0.2,12/13/2024
4288,US-2018-140452,12/6/2018,90,0.52,12/13/2024
4289,US-2018-140914,11/11/2018,89,0.45,12/13/2024
4290,US-2018-141215,6/15/2018,434,0.47,12/13/2024
4291,US-2018-141257,6/8/2018,174,0.2,12/13/2024
4292,US-2018-143231,12/31/2018,305,0,12/13/2024
4293,US-2018-143287,11/11/2018,442,0,12/13/2024
4294,US-2018-143581,8/19/2018,105,0,12/13/2024
4295,US-2018-143707,3/1/2018,332,0,12/13/2024
4296,US-2018-143721,11/23/2018,211,0.3,12/13/2024
4297,US-2018-144078,11/25/2018,623,0.13,12/13/2024
4298,US-2018-146353,10/14/2018,355,0,12/13/2024
4299,US-2018-147606,11/26/2018,357,0.6,12/13/2024
4300,US-2018-147627,1/20/2018,328,0,12/13/2024
4301,US-2018-147648,11/26/2018,473,0,12/13/2024
4302,US-2018-147704,11/16/2018,713,0,12/13/2024
4303,US-2018-147774,1/20/2018,528,0.7,12/13/2024
4304,US-2018-148194,5/4/2018,105,0,12/13/2024
4305,US-2018-148838,3/17/2018,167,0.24,12/13/2024
4306,US-2018-149034,11/19/2018,636,0.2,12/13/2024
4307,US-2018-150119,4/23/2018,450,0.37,12/13/2024
4308,US-2018-150126,7/27/2018,52,0,12/13/2024
4309,US-2018-150434,7/19/2018,124,0.07,12/13/2024
4310,US-2018-150532,7/14/2018,585,0.2,12/13/2024
4311,US-2018-150574,12/19/2018,519,0.45,12/13/2024
4312,US-2018-150924,9/12/2018,612,0.8,12/13/2024
4313,US-2018-151015,10/14/2018,69,0.4,12/13/2024
4314,US-2018-151925,9/26/2018,444,0.2,12/13/2024
4315,US-2018-152030,12/26/2018,16,0.3,12/13/2024
4316,US-2018-152723,9/26/2018,323,0.8,12/13/2024
4317,US-2018-154655,10/12/2018,99,0.2,12/13/2024
4318,US-2018-154879,5/6/2018,705,0,12/13/2024
4319,US-2018-155502,1/26/2018,683,0,12/13/2024
4320,US-2018-155544,3/21/2018,304,0.2,12/13/2024
4321,US-2018-155817,10/3/2018,699,0.2,12/13/2024
4322,US-2018-155894,7/26/2018,152,0.2,12/13/2024
4323,US-2018-156216,9/13/2018,246,0.7,12/13/2024
4324,US-2018-156559,8/19/2018,462,0,12/13/2024
4325,US-2018-157021,4/1/2018,439,0.1,12/13/2024
4326,US-2018-157070,6/1/2018,616,0.05,12/13/2024
4327,US-2018-157231,4/5/2018,655,0,12/13/2024
4328,US-2018-157385,11/23/2018,670,0.1,12/13/2024
4329,US-2018-157406,4/25/2018,188,0.2,12/13/2024
4330,US-2018-157847,4/2/2018,668,0.2,12/13/2024
4331,US-2018-158057,3/22/2018,138,0.7,12/13/2024
4332,US-2018-158365,4/12/2018,722,0,12/13/2024
4333,US-2018-158400,10/25/2018,28,0.2,12/13/2024
4334,US-2018-158638,9/17/2018,26,0.7,12/13/2024
4335,US-2018-159611,12/27/2018,416,0.2,12/13/2024
4336,US-2018-159618,11/12/2018,190,0.22,12/13/2024
4337,US-2018-159926,11/18/2018,174,0.44,12/13/2024
4338,US-2018-160444,7/5/2018,200,0.2,12/13/2024
4339,US-2018-160780,6/21/2018,722,0.7,12/13/2024
4340,US-2018-161305,6/6/2018,665,0.5,12/13/2024
4341,US-2018-161613,12/1/2018,491,0.3,12/13/2024
4342,US-2018-163146,5/16/2018,134,0,12/13/2024
4343,US-2018-163797,4/8/2018,588,0.2,12/13/2024
4344,US-2018-164406,8/15/2018,71,0.12,12/13/2024
4345,US-2018-164616,8/19/2018,540,0.45,12/13/2024
4346,US-2018-164644,7/22/2018,389,0.2,12/13/2024
4347,US-2018-164763,3/17/2018,511,0,12/13/2024
4348,US-2018-165589,2/18/2018,740,0.6,12/13/2024
4349,US-2018-165659,6/1/2018,478,0,12/13/2024
4350,US-2018-165862,7/13/2018,303,0.2,12/13/2024
4351,US-2018-166310,9/21/2018,409,0.6,12/13/2024
4352,US-2018-166828,8/22/2018,362,0,12/13/2024
4353,US-2018-167262,10/31/2018,13,0.2,12/13/2024
4354,US-2018-167633,9/30/2018,120,0.2,12/13/2024
4355,US-2018-167738,12/24/2018,348,0.1,12/13/2024
4356,US-2018-168501,11/21/2018,377,0.2,12/13/2024
4357,US-2018-169390,2/7/2018,177,0,12/13/2024
4358,US-2018-169789,12/30/2018,501,0.7,12/13/2024
4359,US-2019-100069,6/29/2019,562,0,12/13/2024
4360,US-2019-100377,8/28/2019,765,0.2,12/13/2024
4361,US-2019-100531,9/27/2019,570,0.7,12/13/2024
4362,US-2019-101399,1/17/2019,409,0.6,12/13/2024
4363,US-2019-101511,11/21/2019,357,0.25,12/13/2024
4364,US-2019-103471,12/24/2019,403,0.45,12/13/2024
4365,US-2019-103996,3/29/2019,623,0,12/13/2024
4366,US-2019-104185,9/3/2019,341,0,12/13/2024
4367,US-2019-104430,10/22/2019,478,0.8,12/13/2024
4368,US-2019-105676,12/1/2019,570,0.6,12/13/2024
4369,US-2019-106495,6/15/2019,13,0.2,12/13/2024
4370,US-2019-106873,9/24/2019,439,0.2,12/13/2024
4371,US-2019-107349,7/13/2019,699,0.8,12/13/2024
4372,US-2019-107944,3/23/2019,41,0,12/13/2024
4373,US-2019-108966,10/11/2019,706,0.33,12/13/2024
4374,US-2019-109015,9/6/2019,107,0,12/13/2024
4375,US-2019-110163,11/1/2019,294,0.2,12/13/2024
4376,US-2019-110261,12/19/2019,608,0.2,12/13/2024
4377,US-2019-110569,5/23/2019,250,0.45,12/13/2024
4378,US-2019-111927,11/14/2019,475,0,12/13/2024
4379,US-2019-112508,3/24/2019,102,0.2,12/13/2024
4380,US-2019-113327,5/26/2019,83,0.2,12/13/2024
4381,US-2019-113593,4/18/2019,556,0,12/13/2024
4382,US-2019-114741,12/6/2019,337,0,12/13/2024
4383,US-2019-114839,4/26/2019,615,0.3,12/13/2024
4384,US-2019-115238,4/30/2019,411,0,12/13/2024
4385,US-2019-115343,9/22/2019,290,0.2,12/13/2024
4386,US-2019-116981,3/26/2019,703,0,12/13/2024
4387,US-2019-117184,5/17/2019,580,0.5,12/13/2024
4388,US-2019-117492,8/7/2019,577,0,12/13/2024
4389,US-2019-118766,10/15/2019,473,0.5,12/13/2024
4390,US-2019-118906,3/10/2019,418,0,12/13/2024
4391,US-2019-118983,11/22/2019,331,0.8,12/13/2024
4392,US-2019-119312,10/2/2019,179,0,12/13/2024
4393,US-2019-120161,12/18/2019,466,0.2,12/13/2024
4394,US-2019-120502,4/13/2019,112,0.07,12/13/2024
4395,US-2019-120572,12/11/2019,300,0.7,12/13/2024
4396,US-2019-120712,12/20/2019,175,0.2,12/13/2024
4397,US-2019-120957,12/7/2019,433,0,12/13/2024
4398,US-2019-122140,4/2/2019,532,0.4,12/13/2024
4399,US-2019-122784,7/20/2019,619,0.4,12/13/2024
4400,US-2019-122910,5/12/2019,477,0.2,12/13/2024
4401,US-2019-123218,12/20/2019,424,0.23,12/13/2024
4402,US-2019-123918,10/15/2019,144,0.4,12/13/2024
4403,US-2019-123960,6/11/2019,71,0,12/13/2024
4404,US-2019-124219,8/7/2019,447,0,12/13/2024
4405,US-2019-125374,3/23/2019,352,0.3,12/13/2024
4406,US-2019-126214,12/21/2019,408,0,12/13/2024
4407,US-2019-126235,10/15/2019,294,0,12/13/2024
4408,US-2019-126753,8/16/2019,710,0.37,12/13/2024
4409,US-2019-126977,9/17/2019,589,0.05,12/13/2024
4410,US-2019-127040,12/6/2019,690,0,12/13/2024
4411,US-2019-128090,8/16/2019,395,0.2,12/13/2024
4412,US-2019-128587,12/24/2019,329,0,12/13/2024
4413,US-2019-129007,9/13/2019,426,0.07,12/13/2024
4414,US-2019-129553,7/27/2019,592,0,12/13/2024
4415,US-2019-129637,12/17/2019,494,0.33,12/13/2024
4416,US-2019-130491,2/8/2019,89,0,12/13/2024
4417,US-2019-130512,8/21/2019,701,0.3,12/13/2024
4418,US-2019-130519,9/15/2019,564,0.2,12/13/2024
4419,US-2019-131359,10/30/2019,280,0.32,12/13/2024
4420,US-2019-131842,12/5/2019,657,0.2,12/13/2024
4421,US-2019-132836,6/1/2019,39,0,12/13/2024
4422,US-2019-134026,4/26/2019,357,0.2,12/13/2024
4423,US-2019-134271,4/18/2019,641,0,12/13/2024
4424,US-2019-134558,12/19/2019,601,0.1,12/13/2024
4425,US-2019-136259,11/5/2019,127,0.45,12/13/2024
4426,US-2019-136427,6/20/2019,396,0.2,12/13/2024
4427,US-2019-136476,4/5/2019,298,0.7,12/13/2024
4428,US-2019-136749,12/25/2019,462,0,12/13/2024
4429,US-2019-136987,4/11/2019,49,0.1,12/13/2024
4430,US-2019-137008,10/2/2019,400,0,12/13/2024
4431,US-2019-137533,12/18/2019,380,0.2,12/13/2024
4432,US-2019-137960,12/18/2019,547,0,12/13/2024
4433,US-2019-138093,12/10/2019,436,0,12/13/2024
4434,US-2019-138121,12/17/2019,388,0,12/13/2024
4435,US-2019-138303,9/3/2019,508,0.2,12/13/2024
4436,US-2019-138716,9/17/2019,172,0.2,12/13/2024
4437,US-2019-138919,9/17/2019,473,0.4,12/13/2024
4438,US-2019-139675,3/13/2019,563,0.1,12/13/2024
4439,US-2019-139759,8/25/2019,568,0.1,12/13/2024
4440,US-2019-140200,7/26/2019,125,0.5,12/13/2024
4441,US-2019-140851,7/13/2019,560,0,12/13/2024
4442,US-2019-141453,11/30/2019,194,0.8,12/13/2024
4443,US-2019-141684,6/29/2019,527,0,12/13/2024
4444,US-2019-142020,6/4/2019,746,0,12/13/2024
4445,US-2019-142811,4/2/2019,389,0.2,12/13/2024
4446,US-2019-144771,10/2/2019,148,0.2,12/13/2024
4447,US-2019-145121,10/2/2019,534,0,12/13/2024
4448,US-2019-145422,12/3/2019,615,0.15,12/13/2024
4449,US-2019-145436,2/28/2019,777,0.2,12/13/2024
4450,US-2019-146745,9/3/2019,58,0.2,12/13/2024
4451,US-2019-147242,9/10/2019,258,0,12/13/2024
4452,US-2019-147662,2/14/2019,416,0.44,12/13/2024
4453,US-2019-147739,12/25/2019,353,0.2,12/13/2024
4454,US-2019-148817,12/1/2019,425,0,12/13/2024
4455,US-2019-149629,7/17/2019,534,0.2,12/13/2024
4456,US-2019-149692,12/6/2019,446,0.8,12/13/2024
4457,US-2019-150161,7/25/2019,628,0.7,12/13/2024
4458,US-2019-150231,3/16/2019,380,0,12/13/2024
4459,US-2019-150630,9/17/2019,739,0.39,12/13/2024
4460,US-2019-151407,11/8/2019,632,0,12/13/2024
4461,US-2019-151435,9/6/2019,728,0,12/13/2024
4462,US-2019-152128,5/25/2019,569,0,12/13/2024
4463,US-2019-153283,11/12/2019,253,0,12/13/2024
4464,US-2019-153374,2/9/2019,364,0.2,12/13/2024
4465,US-2019-153500,7/3/2019,205,0.2,12/13/2024
4466,US-2019-154389,11/27/2019,262,0.4,12/13/2024
4467,US-2019-155369,4/19/2019,592,0.8,12/13/2024
4468,US-2019-156496,8/10/2019,788,0.2,12/13/2024
4469,US-2019-156797,8/11/2019,605,0,12/13/2024
4470,US-2019-156867,11/13/2019,451,0.37,12/13/2024
4471,US-2019-157014,10/3/2019,94,0.4,12/13/2024
4472,US-2019-157154,1/10/2019,526,0.4,12/13/2024
4473,US-2019-158589,11/20/2019,447,0,12/13/2024
4474,US-2019-158911,7/5/2019,659,0.2,12/13/2024
4475,US-2019-159499,11/21/2019,272,0.2,12/13/2024
4476,US-2019-159513,4/2/2019,349,0.2,12/13/2024
4477,US-2019-159982,11/28/2019,236,0.3,12/13/2024
4478,US-2019-160150,7/19/2019,761,0.7,12/13/2024
4479,US-2019-160563,10/20/2019,577,0,12/13/2024
4480,US-2019-160857,5/8/2019,578,0.06,12/13/2024
4481,US-2019-161347,9/13/2019,322,0.7,12/13/2024
4482,US-2019-161466,9/24/2019,580,0.2,12/13/2024
4483,US-2019-161991,9/26/2019,679,0.5,12/13/2024
4484,US-2019-163279,3/22/2019,353,0.07,12/13/2024
4485,US-2019-163433,4/18/2019,534,0.34,12/13/2024
4486,US-2019-163685,6/1/2019,427,0.5,12/13/2024
4487,US-2019-163783,12/27/2019,237,0.2,12/13/2024
4488,US-2019-163825,6/16/2019,452,0.1,12/13/2024
4489,US-2019-164175,4/30/2019,610,0.3,12/13/2024
4490,US-2019-164238,8/16/2019,412,0.35,12/13/2024
4491,US-2019-164308,9/24/2019,677,0,12/13/2024
4492,US-2019-164357,11/25/2019,685,0.2,12/13/2024
4493,US-2019-164448,10/31/2019,211,0.1,12/13/2024
4494,US-2019-164966,7/30/2019,299,0,12/13/2024
4495,US-2019-165449,11/22/2019,44,0.2,12/13/2024
4496,US-2019-165512,5/24/2019,785,0.55,12/13/2024
4497,US-2019-165743,11/20/2019,527,0.7,12/13/2024
4498,US-2019-166520,7/16/2019,427,0,12/13/2024
4499,US-2019-167220,12/12/2019,342,0.2,12/13/2024
4500,US-2019-168704,4/13/2019,291,0.27,12/13/2024
4501,US-2019-168732,12/10/2019,438,0,12/13/2024
4502,US-2019-168914,5/21/2019,357,0.8,12/13/2024
4503,US-2019-168935,11/27/2019,229,0.33,12/13/2024
4504,US-2020-100405,8/26/2020,766,0,12/13/2024
4505,US-2020-100419,12/16/2020,137,0.8,12/13/2024
4506,US-2020-100461,1/8/2020,397,0,12/13/2024
4507,US-2020-100566,9/3/2020,383,0.6,12/13/2024
4508,US-2020-100720,7/16/2020,148,0.33,12/13/2024
4509,US-2020-100839,10/13/2020,558,0.35,12/13/2024
4510,US-2020-101196,5/12/2020,287,0.2,12/13/2024
4511,US-2020-101497,9/29/2020,609,0,12/13/2024
4512,US-2020-101616,9/3/2020,187,0,12/13/2024
4513,US-2020-102141,8/26/2020,426,0.2,12/13/2024
4514,US-2020-102232,8/5/2020,501,0,12/13/2024
4515,US-2020-102239,5/5/2020,480,0.1,12/13/2024
4516,US-2020-103646,4/21/2020,707,0.6,12/13/2024
4517,US-2020-103674,12/6/2020,44,0.11,12/13/2024
4518,US-2020-104794,12/16/2020,425,0,12/13/2024
4519,US-2020-104815,9/3/2020,625,0.3,12/13/2024
4520,US-2020-105452,7/28/2020,80,0.6,12/13/2024
4521,US-2020-105578,5/30/2020,549,0.5,12/13/2024
4522,US-2020-105830,12/31/2020,199,0.2,12/13/2024
4523,US-2020-106313,8/22/2020,205,0,12/13/2024
4524,US-2020-106600,4/8/2020,649,0,12/13/2024
4525,US-2020-106677,11/5/2020,57,0.4,12/13/2024
4526,US-2020-107440,4/16/2020,105,0,12/13/2024
4527,US-2020-108098,10/14/2020,167,0,12/13/2024
4528,US-2020-108455,12/2/2020,519,0,12/13/2024
4529,US-2020-108497,6/14/2020,510,0.15,12/13/2024
4530,US-2020-108504,2/5/2020,607,0,12/13/2024
4531,US-2020-108637,3/13/2020,6,0,12/13/2024
4532,US-2020-108777,12/12/2020,394,0.45,12/13/2024
4533,US-2020-109260,9/26/2020,756,0.2,12/13/2024
4534,US-2020-110156,11/19/2020,259,0.4,12/13/2024
4535,US-2020-110170,9/27/2020,329,0.32,12/13/2024
4536,US-2020-111290,7/22/2020,217,0,12/13/2024
4537,US-2020-111528,12/30/2020,402,0.1,12/13/2024
4538,US-2020-111563,11/4/2020,700,0.6,12/13/2024
4539,US-2020-112396,2/9/2020,405,0,12/13/2024
4540,US-2020-112970,11/14/2020,735,0,12/13/2024
4541,US-2020-112977,3/10/2020,147,0.2,12/13/2024
4542,US-2020-113509,3/15/2020,599,0.2,12/13/2024
4543,US-2020-113649,8/9/2020,318,0.2,12/13/2024
4544,US-2020-113677,11/13/2020,163,0,12/13/2024
4545,US-2020-113985,12/2/2020,425,0.1,12/13/2024
4546,US-2020-114013,3/13/2020,680,0.4,12/13/2024
4547,US-2020-114174,9/8/2020,44,0,12/13/2024
4548,US-2020-114230,11/27/2020,160,0.2,12/13/2024
4549,US-2020-114293,11/21/2020,373,0.2,12/13/2024
4550,US-2020-114622,4/10/2020,405,0.7,12/13/2024
4551,US-2020-114776,12/6/2020,298,0,12/13/2024
4552,US-2020-114888,9/19/2020,133,0.1,12/13/2024
4553,US-2020-115441,7/25/2020,692,0,12/13/2024
4554,US-2020-115455,9/8/2020,684,0.55,12/13/2024
4555,US-2020-115819,4/19/2020,398,0.1,12/13/2024
4556,US-2020-115952,10/6/2020,371,0,12/13/2024
4557,US-2020-116365,1/3/2020,124,0.2,12/13/2024
4558,US-2020-116400,10/22/2020,251,0,12/13/2024
4559,US-2020-116442,12/15/2020,103,0,12/13/2024
4560,US-2020-116729,12/25/2020,303,0.07,12/13/2024
4561,US-2020-117037,5/17/2020,482,0.45,12/13/2024
4562,US-2020-117387,10/27/2020,582,0.2,12/13/2024
4563,US-2020-117541,11/14/2020,396,0,12/13/2024
4564,US-2020-117793,8/23/2020,483,0,12/13/2024
4565,US-2020-118780,9/10/2020,602,0,12/13/2024
4566,US-2020-119046,6/2/2020,258,0.13,12/13/2024
4567,US-2020-119270,3/12/2020,725,0,12/13/2024
4568,US-2020-119298,11/25/2020,276,0,12/13/2024
4569,US-2020-120460,4/30/2020,83,0.6,12/13/2024
4570,US-2020-120929,3/18/2020,652,0.4,12/13/2024
4571,US-2020-121013,9/5/2020,526,0,12/13/2024
4572,US-2020-122182,3/10/2020,75,0.2,12/13/2024
4573,US-2020-122245,9/25/2020,7,0.5,12/13/2024
4574,US-2020-123470,8/15/2020,499,0.45,12/13/2024
4575,US-2020-123610,5/12/2020,782,0,12/13/2024
4576,US-2020-123750,4/15/2020,628,0.32,12/13/2024
4577,US-2020-124163,9/25/2020,678,0,12/13/2024
4578,US-2020-125402,9/25/2020,218,0.09,12/13/2024
4579,US-2020-125969,11/6/2020,473,0.1,12/13/2024
4580,US-2020-126431,7/1/2020,720,0,12/13/2024
4581,US-2020-126452,8/21/2020,671,0.11,12/13/2024
4582,US-2020-126844,10/8/2020,119,0.6,12/13/2024
4583,US-2020-126893,11/26/2020,183,0.4,12/13/2024
4584,US-2020-127334,12/15/2020,535,0.35,12/13/2024
4585,US-2020-127425,8/26/2020,236,0,12/13/2024
4586,US-2020-127971,11/20/2020,242,0.37,12/13/2024
4587,US-2020-128195,8/4/2020,617,0.8,12/13/2024
4588,US-2020-128293,6/2/2020,420,0.2,12/13/2024
4589,US-2020-128678,9/15/2020,625,0.1,12/13/2024
4590,US-2020-128902,3/11/2020,486,0.3,12/13/2024
4591,US-2020-128909,10/9/2020,707,0.2,12/13/2024
4592,US-2020-129469,9/23/2020,434,0.2,12/13/2024
4593,US-2020-131058,12/27/2020,273,0,12/13/2024
4594,US-2020-131114,12/9/2020,662,0.4,12/13/2024
4595,US-2020-131149,7/10/2020,464,0.2,12/13/2024
4596,US-2020-131611,11/5/2020,276,0.48,12/13/2024
4597,US-2020-131674,11/29/2020,557,0.2,12/13/2024
4598,US-2020-131891,7/29/2020,615,0.7,12/13/2024
4599,US-2020-131912,10/29/2020,464,0.2,12/13/2024
4600,US-2020-132423,4/15/2020,550,0.2,12/13/2024
4601,US-2020-132577,11/22/2020,354,0.44,12/13/2024
4602,US-2020-132857,12/11/2020,125,0.2,12/13/2024
4603,US-2020-133508,4/17/2020,727,0,12/13/2024
4604,US-2020-133879,3/21/2020,444,0.43,12/13/2024
4605,US-2020-134369,9/16/2020,67,0,12/13/2024
4606,US-2020-134488,9/24/2020,598,0.3,12/13/2024
4607,US-2020-134656,9/28/2020,528,0.2,12/13/2024
4608,US-2020-134761,11/30/2020,193,0.2,12/13/2024
4609,US-2020-134908,6/5/2020,409,0.2,12/13/2024
4610,US-2020-135209,12/29/2020,510,0.2,12/13/2024
4611,US-2020-135720,12/11/2020,289,0.2,12/13/2024
4612,US-2020-135923,1/22/2020,156,0.2,12/13/2024
4613,US-2020-136581,11/10/2020,721,0.2,12/13/2024
4614,US-2020-137295,1/8/2020,785,0.37,12/13/2024
4615,US-2020-137547,3/7/2020,247,0.2,12/13/2024
4616,US-2020-138408,11/18/2020,420,0,12/13/2024
4617,US-2020-139087,7/17/2020,217,0.06,12/13/2024
4618,US-2020-139262,2/21/2020,454,0.53,12/13/2024
4619,US-2020-139388,11/7/2020,134,0,12/13/2024
4620,US-2020-139486,5/21/2020,464,0.1,12/13/2024
4621,US-2020-139710,6/9/2020,307,0.2,12/13/2024
4622,US-2020-140158,10/4/2020,237,0,12/13/2024
4623,US-2020-140172,3/8/2020,709,0.05,12/13/2024
4624,US-2020-140809,2/1/2020,151,0,12/13/2024
4625,US-2020-141264,8/13/2020,183,0.5,12/13/2024
4626,US-2020-141544,8/30/2020,603,0.36,12/13/2024
4627,US-2020-141880,8/22/2020,745,0.2,12/13/2024
4628,US-2020-142251,10/31/2020,290,0.2,12/13/2024
4629,US-2020-142685,6/23/2020,505,0,12/13/2024
4630,US-2020-143280,2/22/2020,775,0.07,12/13/2024
4631,US-2020-143448,12/10/2020,512,0,12/13/2024
4632,US-2020-143819,3/1/2020,423,0.1,12/13/2024
4633,US-2020-144057,5/9/2020,185,0.56,12/13/2024
4634,US-2020-144211,8/28/2020,175,0.2,12/13/2024
4635,US-2020-144351,11/14/2020,630,0,12/13/2024
4636,US-2020-144393,10/28/2020,703,0.7,12/13/2024
4637,US-2020-144477,8/12/2020,194,0.2,12/13/2024
4638,US-2020-144547,11/10/2020,540,0.2,12/13/2024
4639,US-2020-146066,8/21/2020,624,0.4,12/13/2024
4640,US-2020-146570,5/15/2020,705,0,12/13/2024
4641,US-2020-146710,8/27/2020,718,0.2,12/13/2024
4642,US-2020-146794,9/26/2020,692,0.15,12/13/2024
4643,US-2020-146857,5/6/2020,78,0,12/13/2024
4644,US-2020-147340,9/24/2020,248,0,12/13/2024
4645,US-2020-147711,9/3/2020,321,0,12/13/2024
4646,US-2020-147991,5/5/2020,793,0.2,12/13/2024
4647,US-2020-148110,9/5/2020,51,0.3,12/13/2024
4648,US-2020-148334,8/22/2020,202,0.8,12/13/2024
4649,US-2020-148803,12/11/2020,470,0.2,12/13/2024
4650,US-2020-148901,5/14/2020,518,0.41,12/13/2024
4651,US-2020-148957,9/17/2020,133,0,12/13/2024
4652,US-2020-149790,9/26/2020,674,0.8,12/13/2024
4653,US-2020-150035,12/1/2020,152,0,12/13/2024
4654,US-2020-150140,4/6/2020,781,0,12/13/2024
4655,US-2020-150147,4/25/2020,389,0.6,12/13/2024
4656,US-2020-150357,10/10/2020,252,0.45,12/13/2024
4657,US-2020-150567,5/17/2020,655,0.7,12/13/2024
4658,US-2020-150861,12/3/2020,257,0.1,12/13/2024
4659,US-2020-151260,12/11/2020,678,0.2,12/13/2024
4660,US-2020-151827,3/31/2020,174,0.3,12/13/2024
4661,US-2020-151862,3/1/2020,580,0.2,12/13/2024
4662,US-2020-152051,6/25/2020,762,0.4,12/13/2024
4663,US-2020-152373,9/5/2020,612,0.2,12/13/2024
4664,US-2020-152415,9/17/2020,604,0,12/13/2024
4665,US-2020-152835,5/19/2020,655,0,12/13/2024
4666,US-2020-153129,12/26/2020,291,0,12/13/2024
4667,US-2020-153815,11/6/2020,434,0.2,12/13/2024
4668,US-2020-154256,6/23/2020,700,0,12/13/2024
4669,US-2020-154361,3/14/2020,335,0.2,12/13/2024
4670,US-2020-155103,12/2/2020,359,0.13,12/13/2024
4671,US-2020-155173,3/6/2020,344,0.5,12/13/2024
4672,US-2020-155180,1/22/2020,736,0.2,12/13/2024
4673,US-2020-155404,9/22/2020,58,0,12/13/2024
4674,US-2020-155768,12/1/2020,450,0,12/13/2024
4675,US-2020-155971,6/6/2020,628,0,12/13/2024
4676,US-2020-156097,9/19/2020,262,0.55,12/13/2024
4677,US-2020-156692,8/13/2020,324,0,12/13/2024
4678,US-2020-156986,3/20/2020,792,0.33,12/13/2024
4679,US-2020-157308,8/17/2020,570,0.2,12/13/2024
4680,US-2020-157490,10/6/2020,450,0.57,12/13/2024
4681,US-2020-157728,9/22/2020,630,0,12/13/2024
4682,US-2020-157840,12/20/2020,489,0,12/13/2024
4683,US-2020-157945,9/26/2020,561,0.25,12/13/2024
4684,US-2020-158288,11/26/2020,259,0.7,12/13/2024
4685,US-2020-158309,11/26/2020,582,0.7,12/13/2024
4686,US-2020-158680,7/1/2020,579,0.2,12/13/2024
4687,US-2020-158708,6/26/2020,10,0.2,12/13/2024
4688,US-2020-159093,5/9/2020,658,0,12/13/2024
4689,US-2020-159415,4/17/2020,176,0.2,12/13/2024
4690,US-2020-159856,10/18/2020,276,0.2,12/13/2024
4691,US-2020-160206,4/1/2020,550,0,12/13/2024
4692,US-2020-160528,8/23/2020,516,0.33,12/13/2024
4693,US-2020-161396,4/19/2020,305,0.3,12/13/2024
4694,US-2020-161683,12/3/2020,147,0.45,12/13/2024
4695,US-2020-161844,12/9/2020,211,0.55,12/13/2024
4696,US-2020-162026,10/8/2020,357,0,12/13/2024
4697,US-2020-162103,11/13/2020,450,0.8,12/13/2024
4698,US-2020-162677,3/26/2020,193,0.2,12/13/2024
4699,US-2020-162852,12/27/2020,87,0.3,12/13/2024
4700,US-2020-162859,2/15/2020,592,0.1,12/13/2024
4701,US-2020-163258,12/29/2020,591,0.2,12/13/2024
4702,US-2020-163461,6/18/2020,113,0.2,12/13/2024
4703,US-2020-163538,8/26/2020,716,0,12/13/2024
4704,US-2020-163881,11/24/2020,710,0.07,12/13/2024
4705,US-2020-164189,3/24/2020,236,0.2,12/13/2024
4706,US-2020-164196,11/11/2020,57,0,12/13/2024
4707,US-2020-164588,4/16/2020,45,0,12/13/2024
4708,US-2020-164630,1/4/2020,252,0.2,12/13/2024
4709,US-2020-164945,11/22/2020,122,0.2,12/13/2024
4710,US-2020-165078,11/5/2020,484,0,12/13/2024
4711,US-2020-165505,1/23/2020,128,0,12/13/2024
4712,US-2020-165953,12/31/2020,276,0.2,12/13/2024
4713,US-2020-166660,1/30/2020,735,0.1,12/13/2024
4714,US-2020-167339,1/21/2020,747,0.2,12/13/2024
4715,US-2020-167472,6/6/2020,150,0,12/13/2024
4716,US-2020-168095,7/15/2020,488,0.2,12/13/2024
4717,US-2020-168410,2/21/2020,117,0,12/13/2024
4718,US-2020-168620,12/24/2020,628,0.37,12/13/2024
4719,US-2020-169040,12/6/2020,312,0.11,12/13/2024
4720,US-2020-169369,12/12/2020,255,0,12/13/2024
4721,US-2021-100048,5/19/2021,659,0,12/13/2024
4722,US-2021-100209,7/9/2021,747,0.7,12/13/2024
4723,US-2021-100398,8/19/2021,229,0.2,12/13/2024
4724,US-2021-100482,4/11/2021,384,0.2,12/13/2024
4725,US-2021-100930,4/7/2021,179,0.4,12/13/2024
4726,US-2021-101518,11/3/2021,584,0.2,12/13/2024
4727,US-2021-101539,3/16/2021,781,0.07,12/13/2024
4728,US-2021-101721,7/23/2021,549,0.2,12/13/2024
4729,US-2021-101784,7/6/2021,603,0.2,12/13/2024
4730,US-2021-101840,2/6/2021,707,0.1,12/13/2024
4731,US-2021-102183,8/21/2021,598,0.2,12/13/2024
4732,US-2021-102288,6/19/2021,792,0.6,12/13/2024
4733,US-2021-102638,12/29/2021,493,0,12/13/2024
4734,US-2021-102890,6/30/2021,689,0.4,12/13/2024
4735,US-2021-102904,11/13/2021,126,0,12/13/2024
4736,US-2021-103226,9/22/2021,242,0,12/13/2024
4737,US-2021-103247,10/5/2021,606,0.1,12/13/2024
4738,US-2021-103814,12/9/2021,462,0.2,12/13/2024
4739,US-2021-103828,8/13/2021,378,0,12/13/2024
4740,US-2021-104094,9/7/2021,25,0,12/13/2024
4741,US-2021-104437,1/27/2021,748,0,12/13/2024
4742,US-2021-104451,5/8/2021,527,0,12/13/2024
4743,US-2021-104661,1/15/2021,735,0.5,12/13/2024
4744,US-2021-104955,3/19/2021,143,0,12/13/2024
4745,US-2021-105046,7/17/2021,76,0,12/13/2024
4746,US-2021-105389,10/23/2021,225,0.4,12/13/2024
4747,US-2021-105697,8/25/2021,356,0.2,12/13/2024
4748,US-2021-105935,1/26/2021,69,0,12/13/2024
4749,US-2021-105998,11/3/2021,168,0.1,12/13/2024
4750,US-2021-106131,1/14/2021,759,0.2,12/13/2024
4751,US-2021-106145,9/26/2021,618,0.08,12/13/2024
4752,US-2021-106551,7/22/2021,251,0.3,12/13/2024
4753,US-2021-106579,6/8/2021,120,0.8,12/13/2024
4754,US-2021-106663,6/9/2021,531,0.43,12/13/2024
4755,US-2021-106705,12/26/2021,603,0,12/13/2024
4756,US-2021-106796,5/12/2021,402,0.2,12/13/2024
4757,US-2021-107272,11/5/2021,768,0.45,12/13/2024
4758,US-2021-107384,12/4/2021,757,0,12/13/2024
4759,US-2021-107636,4/30/2021,570,0,12/13/2024
4760,US-2021-107888,11/16/2021,131,0.05,12/13/2024
4761,US-2021-107979,6/8/2021,290,0.37,12/13/2024
4762,US-2021-108014,11/19/2021,369,0.7,12/13/2024
4763,US-2021-108063,12/2/2021,53,0,12/13/2024
4764,US-2021-108245,9/22/2021,692,0.5,12/13/2024
4765,US-2021-108315,4/30/2021,516,0.45,12/13/2024
4766,US-2021-108343,7/20/2021,51,0.03,12/13/2024
4767,US-2021-108700,5/19/2021,595,0.2,12/13/2024
4768,US-2021-109253,8/21/2021,608,0.09,12/13/2024
4769,US-2021-109316,6/8/2021,504,0.17,12/13/2024
4770,US-2021-109484,11/6/2021,627,0.7,12/13/2024
4771,US-2021-109582,9/12/2021,395,0,12/13/2024
4772,US-2021-109610,11/25/2021,107,0,12/13/2024
4773,US-2021-110149,12/10/2021,788,0.45,12/13/2024
4774,US-2021-110576,11/28/2021,628,0.24,12/13/2024
4775,US-2021-110604,5/15/2021,360,0.13,12/13/2024
4776,US-2021-110646,10/26/2021,359,0.43,12/13/2024
4777,US-2021-110989,11/3/2021,265,0,12/13/2024
4778,US-2021-110996,11/20/2021,414,0.2,12/13/2024
4779,US-2021-111024,7/3/2021,730,0.27,12/13/2024
4780,US-2021-111241,8/20/2021,306,0.2,12/13/2024
4781,US-2021-111423,8/17/2021,258,0.15,12/13/2024
4782,US-2021-111745,11/5/2021,618,0,12/13/2024
4783,US-2021-111920,10/22/2021,610,0,12/13/2024
4784,US-2021-112347,12/2/2021,106,0.34,12/13/2024
4785,US-2021-112613,5/28/2021,371,0.2,12/13/2024
4786,US-2021-112928,6/1/2021,65,0.2,12/13/2024
4787,US-2021-113201,6/30/2021,771,0,12/13/2024
4788,US-2021-113852,7/29/2021,314,0,12/13/2024
4789,US-2021-113992,12/14/2021,452,0.3,12/13/2024
4790,US-2021-114034,1/3/2021,220,0,12/13/2024
4791,US-2021-114356,8/20/2021,773,0.2,12/13/2024
4792,US-2021-114657,11/16/2021,516,0,12/13/2024
4793,US-2021-115252,10/20/2021,550,0.2,12/13/2024
4794,US-2021-115301,7/29/2021,779,0,12/13/2024
4795,US-2021-115595,10/9/2021,789,0,12/13/2024
4796,US-2021-115609,11/2/2021,182,0,12/13/2024
4797,US-2021-116491,11/11/2021,592,0.2,12/13/2024
4798,US-2021-116505,11/17/2021,741,0,12/13/2024
4799,US-2021-116652,9/15/2021,631,0.08,12/13/2024
4800,US-2021-116659,11/12/2021,564,0.4,12/13/2024
4801,US-2021-116701,12/17/2021,456,0.8,12/13/2024
4802,US-2021-116897,5/27/2021,366,0.07,12/13/2024
4803,US-2021-117247,10/9/2021,151,0.5,12/13/2024
4804,US-2021-117331,10/21/2021,559,0.7,12/13/2024
4805,US-2021-117450,9/4/2021,230,0.2,12/13/2024
4806,US-2021-117534,3/25/2021,184,0.12,12/13/2024
4807,US-2021-117723,8/15/2021,222,0.2,12/13/2024
4808,US-2021-118038,12/9/2021,419,0.53,12/13/2024
4809,US-2021-118087,9/9/2021,708,0.36,12/13/2024
4810,US-2021-118157,11/14/2021,62,0,12/13/2024
4811,US-2021-118535,2/11/2021,209,0,12/13/2024
4812,US-2021-118556,5/28/2021,752,0.55,12/13/2024
4813,US-2021-118598,11/16/2021,159,0,12/13/2024
4814,US-2021-118941,8/12/2021,66,0,12/13/2024
4815,US-2021-119039,3/6/2021,83,0.2,12/13/2024
4816,US-2021-119319,11/6/2021,455,0.6,12/13/2024
4817,US-2021-119438,3/18/2021,140,0.6,12/13/2024
4818,US-2021-119662,11/13/2021,179,0.2,12/13/2024
4819,US-2021-119816,3/4/2021,773,0.33,12/13/2024
4820,US-2021-120089,11/30/2021,522,0.2,12/13/2024
4821,US-2021-120147,3/30/2021,738,0.1,12/13/2024
4822,US-2021-120390,10/19/2021,753,0.7,12/13/2024
4823,US-2021-120418,6/11/2021,67,0.2,12/13/2024
4824,US-2021-120607,5/19/2021,347,0,12/13/2024
4825,US-2021-120649,1/20/2021,363,0,12/13/2024
4826,US-2021-120908,9/30/2021,79,0.2,12/13/2024
4827,US-2021-121251,3/26/2021,304,0.1,12/13/2024
4828,US-2021-122637,9/3/2021,276,0.8,12/13/2024
4829,US-2021-122672,11/4/2021,323,0.2,12/13/2024
4830,US-2021-122714,12/7/2021,323,0.8,12/13/2024
4831,US-2021-123204,7/21/2021,173,0,12/13/2024
4832,US-2021-123281,4/2/2021,359,0,12/13/2024
4833,US-2021-123463,12/23/2021,315,0,12/13/2024
4834,US-2021-123834,7/21/2021,306,0.3,12/13/2024
4835,US-2021-123862,1/7/2021,359,0,12/13/2024
4836,US-2021-124303,7/6/2021,286,0.45,12/13/2024
4837,US-2021-124779,9/8/2021,81,0.38,12/13/2024
4838,US-2021-124821,6/25/2021,42,0,12/13/2024
4839,US-2021-124926,11/13/2021,498,0.8,12/13/2024
4840,US-2021-124968,9/8/2021,527,0.5,12/13/2024
4841,US-2021-125213,12/11/2021,554,0,12/13/2024
4842,US-2021-125647,9/23/2021,451,0.4,12/13/2024
4843,US-2021-125717,9/28/2021,238,0.28,12/13/2024
4844,US-2021-125808,11/12/2021,276,0,12/13/2024
4845,US-2021-126053,12/5/2021,174,0,12/13/2024
4846,US-2021-126060,4/14/2021,245,0.2,12/13/2024
4847,US-2021-126081,6/29/2021,282,0.2,12/13/2024
4848,US-2021-126179,7/3/2021,180,0,12/13/2024
4849,US-2021-127292,1/19/2021,649,0,12/13/2024
4850,US-2021-127341,1/29/2021,150,0.8,12/13/2024
4851,US-2021-127719,7/21/2021,774,0,12/13/2024
4852,US-2021-128118,11/24/2021,549,0.45,12/13/2024
4853,US-2021-128398,5/2/2021,269,0,12/13/2024
4854,US-2021-128447,11/10/2021,493,0.1,12/13/2024
4855,US-2021-128832,4/24/2021,472,0,12/13/2024
4856,US-2021-128951,7/15/2021,658,0,12/13/2024
4857,US-2021-129203,4/17/2021,92,0.2,12/13/2024
4858,US-2021-129224,3/17/2021,58,0.2,12/13/2024
4859,US-2021-129441,9/7/2021,345,0,12/13/2024
4860,US-2021-129777,7/3/2021,288,0,12/13/2024
4861,US-2021-130603,9/30/2021,669,0.8,12/13/2024
4862,US-2021-130687,9/7/2021,591,0.07,12/13/2024
4863,US-2021-130953,7/29/2021,641,0,12/13/2024
4864,US-2021-131583,6/10/2021,152,0.2,12/13/2024
4865,US-2021-131849,6/6/2021,299,0,12/13/2024
4866,US-2021-131961,12/8/2021,517,0.3,12/13/2024
4867,US-2021-132031,4/23/2021,602,0.2,12/13/2024
4868,US-2021-132059,9/23/2021,45,0.45,12/13/2024
4869,US-2021-132206,6/16/2021,518,0.8,12/13/2024
4870,US-2021-132220,11/12/2021,209,0.2,12/13/2024
4871,US-2021-132297,5/27/2021,243,0,12/13/2024
4872,US-2021-132381,8/22/2021,234,0.4,12/13/2024
4873,US-2021-132444,11/18/2021,141,0.04,12/13/2024
4874,US-2021-132675,9/24/2021,428,0,12/13/2024
4875,US-2021-132927,12/9/2021,634,0.7,12/13/2024
4876,US-2021-133081,3/11/2021,613,0,12/13/2024
4877,US-2021-133200,5/6/2021,197,0.44,12/13/2024
4878,US-2021-133312,11/25/2021,69,0.07,12/13/2024
4879,US-2021-133361,5/14/2021,37,0,12/13/2024
4880,US-2021-133781,6/22/2021,200,0.2,12/13/2024
4881,US-2021-134481,8/27/2021,47,0.3,12/13/2024
4882,US-2021-134642,2/25/2021,725,0.2,12/13/2024
4883,US-2021-135013,7/24/2021,333,0.2,12/13/2024
4884,US-2021-135062,8/31/2021,648,0.2,12/13/2024
4885,US-2021-135230,9/1/2021,149,0,12/13/2024
4886,US-2021-135503,12/10/2021,358,0,12/13/2024
4887,US-2021-135986,6/20/2021,593,0,12/13/2024
4888,US-2021-136189,12/7/2021,201,0,12/13/2024
4889,US-2021-136679,11/14/2021,789,0.2,12/13/2024
4890,US-2021-136707,11/12/2021,355,0.2,12/13/2024
4891,US-2021-136721,4/8/2021,566,0,12/13/2024
4892,US-2021-136784,4/30/2021,16,0,12/13/2024
4893,US-2021-136868,10/6/2021,171,0,12/13/2024
4894,US-2021-137491,11/19/2021,453,0.3,12/13/2024
4895,US-2021-138086,4/16/2021,399,0,12/13/2024
4896,US-2021-139465,8/27/2021,536,0.07,12/13/2024
4897,US-2021-139577,10/1/2021,756,0,12/13/2024
4898,US-2021-139647,5/11/2021,765,0.7,12/13/2024
4899,US-2021-139955,9/28/2021,158,0.2,12/13/2024
4900,US-2021-139969,11/19/2021,17,0.3,12/13/2024
4901,US-2021-140074,3/23/2021,255,0,12/13/2024
4902,US-2021-140312,11/13/2021,435,0.2,12/13/2024
4903,US-2021-140907,12/10/2021,102,0,12/13/2024
4904,US-2021-141509,9/29/2021,676,0,12/13/2024
4905,US-2021-141558,3/11/2021,510,0.42,12/13/2024
4906,US-2021-141677,3/26/2021,327,0.32,12/13/2024
4907,US-2021-141698,4/15/2021,683,0.2,12/13/2024
4908,US-2021-141852,11/9/2021,357,0,12/13/2024
4909,US-2021-141943,5/5/2021,213,0,12/13/2024
4910,US-2021-142188,9/11/2021,362,0.12,12/13/2024
4911,US-2021-142573,7/18/2021,521,0.36,12/13/2024
4912,US-2021-143028,4/11/2021,669,0.8,12/13/2024
4913,US-2021-143175,8/3/2021,293,0,12/13/2024
4914,US-2021-143770,3/20/2021,634,0,12/13/2024
4915,US-2021-144582,4/30/2021,745,0.8,12/13/2024
4916,US-2021-145366,12/9/2021,124,0.2,12/13/2024
4917,US-2021-145597,11/2/2021,298,0.2,12/13/2024
4918,US-2021-145863,4/21/2021,654,0.8,12/13/2024
4919,US-2021-146213,9/9/2021,491,0,12/13/2024
4920,US-2021-146416,10/20/2021,358,0.1,12/13/2024
4921,US-2021-146822,6/9/2021,25,0,12/13/2024
4922,US-2021-146878,9/21/2021,218,0.7,12/13/2024
4923,US-2021-146906,3/13/2021,543,0,12/13/2024
4924,US-2021-147221,12/2/2021,410,0.7,12/13/2024
4925,US-2021-147655,9/4/2021,52,0.7,12/13/2024
4926,US-2021-147669,12/25/2021,724,0.37,12/13/2024
4927,US-2021-147886,3/28/2021,206,0.03,12/13/2024
4928,US-2021-147984,1/28/2021,296,0,12/13/2024
4929,US-2021-147998,5/19/2021,664,0.2,12/13/2024
4930,US-2021-148054,10/6/2021,579,0,12/13/2024
4931,US-2021-148362,7/1/2021,428,0,12/13/2024
4932,US-2021-148551,1/12/2021,192,0.8,12/13/2024
4933,US-2021-148768,11/30/2021,602,0.2,12/13/2024
4934,US-2021-148831,10/13/2021,32,0,12/13/2024
4935,US-2021-148866,9/19/2021,392,0,12/13/2024
4936,US-2021-149006,12/6/2021,95,0,12/13/2024
4937,US-2021-149510,12/3/2021,489,0.37,12/13/2024
4938,US-2021-150070,9/7/2021,340,0.2,12/13/2024
4939,US-2021-150595,5/22/2021,459,0.43,12/13/2024
4940,US-2021-150847,4/30/2021,363,0.2,12/13/2024
4941,US-2021-151127,5/22/2021,648,0,12/13/2024
4942,US-2021-151316,6/24/2021,492,0.5,12/13/2024
4943,US-2021-152002,6/11/2021,241,0,12/13/2024
4944,US-2021-152366,4/21/2021,697,0.8,12/13/2024
4945,US-2021-152380,11/19/2021,371,0.5,12/13/2024
4946,US-2021-152492,7/6/2021,34,0.2,12/13/2024
4947,US-2021-152569,5/15/2021,351,0.2,12/13/2024
4948,US-2021-152842,7/16/2021,561,0.2,12/13/2024
4949,US-2021-152898,9/11/2021,126,0,12/13/2024
4950,US-2021-153255,9/3/2021,381,0.15,12/13/2024
4951,US-2021-153633,11/13/2021,744,0.2,12/13/2024
4952,US-2021-153948,11/6/2021,288,0,12/13/2024
4953,US-2021-154851,3/30/2021,101,0.7,12/13/2024
4954,US-2021-154872,5/14/2021,231,0.37,12/13/2024
4955,US-2021-155299,6/8/2021,223,0.8,12/13/2024
4956,US-2021-155425,11/10/2021,11,0.4,12/13/2024
4957,US-2021-155866,11/17/2021,132,0,12/13/2024
4958,US-2021-155999,8/7/2021,378,0.2,12/13/2024
4959,US-2021-156083,11/4/2021,385,0.2,12/13/2024
4960,US-2021-156356,4/16/2021,559,0.6,12/13/2024
4961,US-2021-156909,7/16/2021,685,0.3,12/13/2024
4962,US-2021-157224,9/14/2021,343,0,12/13/2024
4963,US-2021-157896,11/16/2021,127,0,12/13/2024
4964,US-2021-158218,5/12/2021,12,0.5,12/13/2024
4965,US-2021-158505,7/21/2021,686,0.1,12/13/2024
4966,US-2021-158512,1/12/2021,188,0,12/13/2024
4967,US-2021-158526,12/29/2021,430,0,12/13/2024
4968,US-2021-158946,11/18/2021,411,0.2,12/13/2024
4969,US-2021-159205,3/31/2021,189,0,12/13/2024
4970,US-2021-159562,9/9/2021,343,0,12/13/2024
4971,US-2021-160143,3/31/2021,323,0,12/13/2024
4972,US-2021-160465,7/21/2021,727,0.43,12/13/2024
4973,US-2021-160759,12/11/2021,36,0.3,12/13/2024
4974,US-2021-160836,9/11/2021,134,0.43,12/13/2024
4975,US-2021-161193,11/20/2021,116,0.2,12/13/2024
4976,US-2021-161935,7/14/2021,388,0.23,12/13/2024
4977,US-2021-162068,12/28/2021,587,0.7,12/13/2024
4978,US-2021-162124,5/6/2021,363,0.2,12/13/2024
4979,US-2021-162208,8/27/2021,708,0.2,12/13/2024
4980,US-2021-162558,10/2/2021,234,0.37,12/13/2024
4981,US-2021-162670,12/23/2021,502,0,12/13/2024
4982,US-2021-163195,2/17/2021,465,0,12/13/2024
4983,US-2021-163300,9/15/2021,278,0.2,12/13/2024
4984,US-2021-163657,9/2/2021,386,0.2,12/13/2024
4985,US-2021-163790,11/2/2021,568,0.03,12/13/2024
4986,US-2021-164056,4/29/2021,287,0.4,12/13/2024
4987,US-2021-164147,2/2/2021,245,0.27,12/13/2024
4988,US-2021-165344,11/13/2021,667,0.53,12/13/2024
4989,US-2021-165358,7/18/2021,721,0.3,12/13/2024
4990,US-2021-165456,11/30/2021,741,0.3,12/13/2024
4991,US-2021-165869,7/31/2021,474,0,12/13/2024
4992,US-2021-166037,1/28/2021,154,0,12/13/2024
4993,US-2021-166233,7/3/2021,532,0.2,12/13/2024
4994,US-2021-166324,4/20/2021,78,0.43,12/13/2024
4995,US-2021-166394,9/4/2021,782,0,12/13/2024
4996,US-2021-166611,3/28/2021,151,0.7,12/13/2024
4997,US-2021-166688,5/20/2021,631,0.13,12/13/2024
4998,US-2021-167318,7/26/2021,316,0.1,12/13/2024
4999,US-2021-167402,1/13/2021,166,0,12/13/2024
5000,US-2021-167570,12/8/2021,257,0.3,12/13/2024
5001,US-2021-167920,12/9/2021,388,0,12/13/2024
5002,US-2021-168116,11/4/2021,311,0.35,12/13/2024
5003,US-2021-168613,10/8/2021,304,0.1,12/13/2024
5004,US-2021-168690,1/7/2021,761,0.7,12/13/2024
5005,US-2021-168802,11/3/2021,397,0.2,12/13/2024
5006,US-2021-169320,7/23/2021,462,0,12/13/2024
5007,US-2021-169488,9/7/2021,2,0,12/13/2024
5008,US-2021-169502,8/28/2021,503,0,12/13/2024
5009,US-2021-169551,7/7/2021,648,0.28,12/13/2024
