order_id,product_id,quantity,sales,last_updated_at
3502,873,3,65.23,12/13/2024
3502,69,3,207,12/13/2024
1516,1680,2,600.53,12/13/2024
1516,522,2,59.9,12/13/2024
1516,1562,8,637.44,12/13/2024
1516,247,3,51.76,12/13/2024
660,1040,6,31.1,12/13/2024
660,620,5,47.96,12/13/2024
660,1540,7,158.93,12/13/2024
660,426,6,211.25,12/13/2024
660,1430,2,5.55,12/13/2024
660,956,1,2.95,12/13/2024
892,768,3,10.33,12/13/2024
5005,738,4,18.37,12/13/2024
4923,1750,2,299.9,12/13/2024
2747,875,9,26.55,12/13/2024
2747,1467,2,111.98,12/13/2024
4474,277,2,4.93,12/13/2024
4474,991,3,11.78,12/13/2024
4201,532,3,7.98,12/13/2024
911,888,2,180.96,12/13/2024
4998,1578,5,1649.95,12/13/2024
4998,60,3,362.35,12/13/2024
4246,1807,2,73.58,12/13/2024
3516,327,4,486.37,12/13/2024
2142,1139,5,32.4,12/13/2024
2142,772,7,41.86,12/13/2024
2142,765,2,77.56,12/13/2024
2464,519,9,37.17,12/13/2024
787,1406,3,137.35,12/13/2024
787,338,3,376.51,12/13/2024
4748,216,4,62.72,12/13/2024
4748,1733,7,2939.93,12/13/2024
714,85,3,512.36,12/13/2024
714,921,2,3.49,12/13/2024
714,573,7,22.29,12/13/2024
714,1133,3,16.03,12/13/2024
3423,487,1,1.75,12/13/2024
3423,478,8,20.99,12/13/2024
3480,1421,1,11.21,12/13/2024
1369,590,2,45.04,12/13/2024
4652,725,2,15.62,12/13/2024
2181,391,2,8.74,12/13/2024
2181,1110,5,44.75,12/13/2024
3687,1340,5,61.68,12/13/2024
3687,1747,3,158.38,12/13/2024
2882,718,4,2.86,12/13/2024
2882,816,7,94.19,12/13/2024
3172,1103,3,143.7,12/13/2024
3172,1287,1,6.48,12/13/2024
3078,1536,4,7.88,12/13/2024
2526,1421,1,11.21,12/13/2024
2526,94,5,354.9,12/13/2024
2526,1132,3,17.94,12/13/2024
2526,835,4,51.8,12/13/2024
4033,729,9,299.52,12/13/2024
1724,609,2,7.7,12/13/2024
626,1094,4,23.92,12/13/2024
626,1562,5,498,12/13/2024
3510,112,6,436.7,12/13/2024
715,1170,5,32.4,12/13/2024
3626,468,3,61.44,12/13/2024
2206,1341,7,73.36,12/13/2024
4320,1011,5,59.2,12/13/2024
4320,185,3,32.95,12/13/2024
4320,55,3,218.38,12/13/2024
4384,244,5,31.4,12/13/2024
4384,225,1,9.48,12/13/2024
4384,1726,10,209.5,12/13/2024
4384,173,5,24.3,12/13/2024
4384,1187,1,6.48,12/13/2024
3446,297,2,32.45,12/13/2024
3446,788,4,26.39,12/13/2024
3446,361,5,373.47,12/13/2024
3446,731,5,64.2,12/13/2024
3446,925,2,8,12/13/2024
2692,153,3,186.54,12/13/2024
141,1325,7,87.08,12/13/2024
141,1710,2,105.58,12/13/2024
141,1566,6,217.44,12/13/2024
3751,541,2,31.74,12/13/2024
3751,379,2,5.43,12/13/2024
3751,353,5,913.43,12/13/2024
3751,1383,3,372.14,12/13/2024
3561,1790,2,751.98,12/13/2024
3941,1770,4,604.77,12/13/2024
129,1457,4,27.36,12/13/2024
129,1030,2,20.56,12/13/2024
129,820,5,83.92,12/13/2024
1995,358,3,902.71,12/13/2024
2706,37,2,120.67,12/13/2024
752,708,1,4.98,12/13/2024
1917,262,3,82.26,12/13/2024
2521,1306,1,29.74,12/13/2024
1579,473,6,87.36,12/13/2024
1579,693,6,56.16,12/13/2024
3924,403,1,64.38,12/13/2024
1623,1372,1,64.78,12/13/2024
1623,1220,3,15.55,12/13/2024
1623,882,7,223.89,12/13/2024
52,1118,3,10.9,12/13/2024
2241,1828,2,84.78,12/13/2024
2689,69,4,241.5,12/13/2024
2392,1569,3,59.97,12/13/2024
2392,1264,2,13.36,12/13/2024
3558,713,3,11.81,12/13/2024
1456,1354,1,16.24,12/13/2024
1456,1342,5,77.55,12/13/2024
478,471,2,76.12,12/13/2024
1745,912,6,17.18,12/13/2024
3870,1137,2,11.76,12/13/2024
3024,185,2,27.46,12/13/2024
2356,1695,3,137.94,12/13/2024
2356,211,5,111.15,12/13/2024
2356,442,3,901.95,12/13/2024
2356,328,3,366.01,12/13/2024
616,1089,7,310.69,12/13/2024
4245,809,5,7.68,12/13/2024
3199,79,2,155.37,12/13/2024
1247,1305,1,10.74,12/13/2024
937,725,5,232.4,12/13/2024
937,108,3,164.65,12/13/2024
937,1259,2,22.68,12/13/2024
2538,1168,4,105.52,12/13/2024
3604,253,4,83.92,12/13/2024
3604,1540,5,141.9,12/13/2024
3604,175,2,39.98,12/13/2024
3604,519,7,28.91,12/13/2024
3604,610,5,174.95,12/13/2024
1250,817,4,110.53,12/13/2024
2183,335,4,630.02,12/13/2024
2632,588,7,27.86,12/13/2024
3450,343,4,933.41,12/13/2024
2431,1151,10,51.84,12/13/2024
2431,1552,3,165.6,12/13/2024
2961,1052,3,106.32,12/13/2024
3163,822,5,147.92,12/13/2024
3163,1312,3,104.28,12/13/2024
3163,367,1,286.85,12/13/2024
3163,1315,4,66.96,12/13/2024
3163,1584,2,199.98,12/13/2024
3806,1528,3,45,12/13/2024
3806,912,5,17.9,12/13/2024
3806,290,2,40.48,12/13/2024
3806,30,5,2154.9,12/13/2024
2282,809,8,18.43,12/13/2024
1168,1457,2,10.94,12/13/2024
4136,1441,2,4.36,12/13/2024
4870,1586,6,62.35,12/13/2024
1985,315,5,303.92,12/13/2024
4226,1351,2,129.3,12/13/2024
3910,262,10,274.2,12/13/2024
4258,904,4,6.05,12/13/2024
4258,1279,2,6.85,12/13/2024
4258,159,5,9.96,12/13/2024
4258,712,2,8.55,12/13/2024
1481,807,11,45.58,12/13/2024
980,1541,2,25.49,12/13/2024
115,797,4,136.96,12/13/2024
3086,1696,2,49.62,12/13/2024
2605,1184,3,10.58,12/13/2024
3726,1168,4,84.42,12/13/2024
4671,1855,2,431.94,12/13/2024
4671,764,1,2.04,12/13/2024
4671,1782,3,68.24,12/13/2024
3318,326,4,240.74,12/13/2024
3318,319,4,35,12/13/2024
3318,150,2,210.68,12/13/2024
3318,377,3,637.9,12/13/2024
3318,1234,8,43.44,12/13/2024
3318,441,1,2.22,12/13/2024
390,1733,5,1679.96,12/13/2024
2091,98,4,344.37,12/13/2024
2091,1359,3,1554.94,12/13/2024
2091,311,5,127.88,12/13/2024
2539,1755,2,222.38,12/13/2024
4812,66,3,106.87,12/13/2024
4812,824,3,3.56,12/13/2024
320,731,3,25.68,12/13/2024
320,735,3,12.38,12/13/2024
553,742,5,25.3,12/13/2024
553,1310,3,95.94,12/13/2024
1693,974,2,7.5,12/13/2024
12,1813,3,302.38,12/13/2024
1385,1547,4,46.69,12/13/2024
1020,1350,3,17.94,12/13/2024
819,383,3,370.14,12/13/2024
2775,736,2,8.93,12/13/2024
4706,341,6,2678.94,12/13/2024
4867,16,4,387.14,12/13/2024
4867,1540,2,45.41,12/13/2024
4867,144,3,77.95,12/13/2024
4867,947,1,3,12/13/2024
1697,1325,1,9.95,12/13/2024
4182,828,4,37.9,12/13/2024
4182,1087,2,65.58,12/13/2024
3505,1251,1,44.78,12/13/2024
1408,1684,4,1035.8,12/13/2024
3971,558,2,5.76,12/13/2024
4567,1250,2,19.98,12/13/2024
126,1841,2,35.98,12/13/2024
2295,533,3,16.66,12/13/2024
4811,965,2,20.7,12/13/2024
2110,844,5,83.7,12/13/2024
3646,237,10,199.8,12/13/2024
3304,1074,2,45.68,12/13/2024
3304,1089,2,110.96,12/13/2024
3304,1081,3,11.94,12/13/2024
2617,1640,5,8749.95,12/13/2024
2617,745,8,36.4,12/13/2024
2617,195,7,18.69,12/13/2024
2949,918,3,5.94,12/13/2024
912,1023,8,60.74,12/13/2024
912,1616,3,479.98,12/13/2024
912,676,1,6.08,12/13/2024
2362,1552,3,165.6,12/13/2024
796,491,3,59.52,12/13/2024
796,1521,3,479.97,12/13/2024
796,1429,2,18.62,12/13/2024
796,704,6,49.63,12/13/2024
796,1140,2,97.82,12/13/2024
833,1701,2,15.98,12/13/2024
833,107,3,184.75,12/13/2024
747,1221,2,12.96,12/13/2024
1839,104,4,366.74,12/13/2024
2174,713,9,8.86,12/13/2024
2174,1596,5,27.96,12/13/2024
2174,863,3,146.35,12/13/2024
1277,1601,11,175.23,12/13/2024
1277,1827,1,125.99,12/13/2024
1277,846,2,23,12/13/2024
1754,818,2,25.58,12/13/2024
2383,265,2,73.78,12/13/2024
3628,1194,4,20.74,12/13/2024
1090,591,3,17.52,12/13/2024
1090,545,12,35.76,12/13/2024
2210,565,2,3.64,12/13/2024
3800,227,6,30.34,12/13/2024
3159,229,1,12.99,12/13/2024
3159,113,3,182.22,12/13/2024
3159,133,3,302.94,12/13/2024
2347,220,14,54.99,12/13/2024
4691,1692,1,12.99,12/13/2024
3468,1255,7,55.86,12/13/2024
4023,1847,2,44.38,12/13/2024
4023,259,6,51.26,12/13/2024
4023,836,3,5.19,12/13/2024
4023,1594,2,159.98,12/13/2024
4023,1318,2,54.22,12/13/2024
3560,74,2,241.42,12/13/2024
2578,1049,4,33.36,12/13/2024
2578,1189,2,13.76,12/13/2024
2578,1343,7,496.86,12/13/2024
2578,57,3,389.97,12/13/2024
1696,991,2,9.82,12/13/2024
4342,1529,3,56.4,12/13/2024
1565,790,4,18.31,12/13/2024
1565,1061,5,25.92,12/13/2024
1565,575,3,8.02,12/13/2024
3756,1611,2,479.98,12/13/2024
3756,798,5,30.84,12/13/2024
1563,1336,2,33.57,12/13/2024
1563,69,7,422.62,12/13/2024
454,1594,2,199.98,12/13/2024
2003,290,1,20.24,12/13/2024
2003,272,4,39.92,12/13/2024
2003,675,2,32.54,12/13/2024
1454,1497,3,39,12/13/2024
1454,957,4,12.6,12/13/2024
1138,140,4,24.64,12/13/2024
1076,980,3,6.26,12/13/2024
1076,942,4,14.43,12/13/2024
492,1622,3,719.98,12/13/2024
4735,1488,8,239.92,12/13/2024
1738,345,7,1056.86,12/13/2024
1032,1543,7,447.94,12/13/2024
1032,1365,9,150.41,12/13/2024
2209,1854,3,453.58,12/13/2024
2209,986,9,45.36,12/13/2024
2209,1846,3,287.88,12/13/2024
2209,1866,3,131.88,12/13/2024
2209,145,2,2.33,12/13/2024
2064,63,5,1454.9,12/13/2024
4765,670,3,4.84,12/13/2024
4765,166,6,220.7,12/13/2024
2229,1773,3,67.18,12/13/2024
2229,1072,4,15.23,12/13/2024
4613,1194,6,31.1,12/13/2024
2681,821,7,968.74,12/13/2024
2681,712,13,222.35,12/13/2024
2681,1622,2,479.98,12/13/2024
2675,1244,3,10.27,12/13/2024
259,1686,5,998.85,12/13/2024
1645,1038,2,24.56,12/13/2024
703,904,3,5.67,12/13/2024
2833,394,4,14.34,12/13/2024
2947,296,1,102.3,12/13/2024
3733,377,2,607.52,12/13/2024
3733,1337,2,31.16,12/13/2024
1874,980,1,2.61,12/13/2024
379,261,3,10.33,12/13/2024
379,1039,2,10.37,12/13/2024
379,1586,2,20.78,12/13/2024
379,1315,5,66.96,12/13/2024
71,787,2,17.25,12/13/2024
4875,685,7,11.09,12/13/2024
4043,1577,5,1287.45,12/13/2024
4043,444,5,168.1,12/13/2024
1313,1382,2,51.97,12/13/2024
3716,545,2,4.77,12/13/2024
3341,902,3,7.98,12/13/2024
2842,885,2,18.69,12/13/2024
2842,173,3,11.66,12/13/2024
3991,1543,3,191.98,12/13/2024
3991,1840,4,499.17,12/13/2024
158,824,2,11.88,12/13/2024
158,1052,1,35.44,12/13/2024
4562,820,4,67.14,12/13/2024
501,724,3,4.32,12/13/2024
501,1182,3,14.94,12/13/2024
501,392,2,40.54,12/13/2024
501,701,1,7.31,12/13/2024
4269,1865,7,475.94,12/13/2024
4557,1529,2,30.08,12/13/2024
4557,1552,3,165.6,12/13/2024
4557,1802,5,180.96,12/13/2024
4059,1573,2,23.18,12/13/2024
610,240,2,56.96,12/13/2024
610,414,4,15.56,12/13/2024
610,29,2,353.57,12/13/2024
610,217,2,13.96,12/13/2024
3285,1481,5,82.95,12/13/2024
2421,491,2,39.68,12/13/2024
2291,1521,3,479.97,12/13/2024
2739,998,2,7.38,12/13/2024
2739,824,3,14.26,12/13/2024
2739,1024,2,81.98,12/13/2024
2739,843,3,39.62,12/13/2024
3145,330,7,399.67,12/13/2024
3455,1332,4,65.12,12/13/2024
4816,280,5,30.56,12/13/2024
2898,388,2,20.77,12/13/2024
4548,1325,4,39.81,12/13/2024
1279,816,6,121.1,12/13/2024
1279,1593,5,111.96,12/13/2024
1543,1059,3,15.7,12/13/2024
1637,1403,3,70.26,12/13/2024
1637,1531,5,90,12/13/2024
1637,664,2,6.1,12/13/2024
1637,359,2,481.18,12/13/2024
1637,935,4,7.24,12/13/2024
1814,44,5,177.45,12/13/2024
1814,661,6,1369.76,12/13/2024
1814,462,3,9.48,12/13/2024
3993,13,2,130.98,12/13/2024
705,610,5,174.95,12/13/2024
705,1311,5,826,12/13/2024
3830,155,7,139.58,12/13/2024
3165,1483,5,399.95,12/13/2024
368,848,3,12.39,12/13/2024
4932,661,5,760.98,12/13/2024
3766,709,6,67.86,12/13/2024
904,913,11,31.5,12/13/2024
904,986,1,5.04,12/13/2024
904,655,7,39.88,12/13/2024
904,139,1,4.71,12/13/2024
1908,130,3,194.35,12/13/2024
4420,125,2,97.42,12/13/2024
2716,1410,5,704.76,12/13/2024
2716,741,3,27.4,12/13/2024
520,915,5,5.7,12/13/2024
520,203,3,14.19,12/13/2024
520,1439,2,7.3,12/13/2024
520,1510,2,199.98,12/13/2024
520,1566,4,144.96,12/13/2024
520,1485,2,118,12/13/2024
520,1197,1,48.94,12/13/2024
520,472,2,22.66,12/13/2024
2772,795,1,0.84,12/13/2024
2525,1166,6,30.96,12/13/2024
3306,38,5,723.92,12/13/2024
1219,143,4,21.97,12/13/2024
1219,1728,6,619.15,12/13/2024
1219,1147,7,127.9,12/13/2024
3339,320,5,94.2,12/13/2024
1990,1455,5,49.5,12/13/2024
2705,618,5,16.52,12/13/2024
2477,805,4,55.36,12/13/2024
2477,1632,1,11.56,12/13/2024
1581,1289,4,17.12,12/13/2024
4335,315,3,182.35,12/13/2024
4335,1386,2,118.16,12/13/2024
4070,945,2,18.37,12/13/2024
4070,120,3,600.56,12/13/2024
4070,1316,3,50.35,12/13/2024
4070,615,6,28.03,12/13/2024
4070,298,1,7.69,12/13/2024
3630,374,5,517.41,12/13/2024
1896,687,8,8.61,12/13/2024
1896,1512,5,159.56,12/13/2024
2370,442,7,2104.55,12/13/2024
2370,1460,5,40.7,12/13/2024
419,1541,3,47.79,12/13/2024
2841,553,2,5.16,12/13/2024
2558,1503,7,21.21,12/13/2024
3546,1412,6,96.36,12/13/2024
2373,1451,2,231.72,12/13/2024
2373,913,5,17.9,12/13/2024
2373,1195,2,12.48,12/13/2024
21,551,3,8.02,12/13/2024
2269,1822,2,259.9,12/13/2024
2269,1737,2,247.19,12/13/2024
2269,1476,5,279.96,12/13/2024
1988,1486,5,450,12/13/2024
4221,1142,3,19.44,12/13/2024
3350,358,1,300.9,12/13/2024
3185,1719,3,239.98,12/13/2024
3185,300,4,31.17,12/13/2024
3185,366,2,120.96,12/13/2024
3185,1707,8,2239.94,12/13/2024
3185,465,8,76.61,12/13/2024
3185,1348,1,142.78,12/13/2024
3185,1044,5,91.36,12/13/2024
1243,441,2,3.55,12/13/2024
1870,1841,8,115.14,12/13/2024
4267,907,1,4.71,12/13/2024
559,124,2,172.76,12/13/2024
559,583,2,3.52,12/13/2024
234,1844,4,79.97,12/13/2024
234,40,3,305.97,12/13/2024
234,1331,3,344.91,12/13/2024
80,353,3,626.35,12/13/2024
4448,19,3,359.5,12/13/2024
3536,1687,6,71.95,12/13/2024
3536,791,5,29.8,12/13/2024
3234,761,1,1.82,12/13/2024
2026,403,4,64.38,12/13/2024
2026,183,2,6.98,12/13/2024
2026,583,8,11.26,12/13/2024
2026,1035,3,15.55,12/13/2024
2026,53,2,379.37,12/13/2024
2026,1380,9,67.54,12/13/2024
2026,699,2,1.52,12/13/2024
4610,1201,7,37.41,12/13/2024
4610,1027,6,25.34,12/13/2024
3773,598,4,46.2,12/13/2024
852,1536,3,4.73,12/13/2024
852,210,3,53.35,12/13/2024
852,25,2,131.1,12/13/2024
852,1380,3,22.51,12/13/2024
852,1586,7,72.74,12/13/2024
943,1448,3,52.59,12/13/2024
3125,1241,3,19.44,12/13/2024
3125,181,3,126.3,12/13/2024
3125,1577,5,1287.45,12/13/2024
4357,1354,4,64.96,12/13/2024
2777,1348,3,535.41,12/13/2024
4032,786,5,8.1,12/13/2024
4866,621,4,13.25,12/13/2024
4866,1756,2,83.99,12/13/2024
2502,13,2,261.96,12/13/2024
464,1376,2,24.56,12/13/2024
947,1540,3,85.14,12/13/2024
947,1852,1,21.99,12/13/2024
947,467,5,406.6,12/13/2024
2475,783,2,841.57,12/13/2024
408,1226,3,15.55,12/13/2024
408,1587,5,252,12/13/2024
1003,495,4,46.2,12/13/2024
1003,393,2,28.84,12/13/2024
3706,589,3,14.59,12/13/2024
3706,522,3,89.86,12/13/2024
3706,1292,3,13.87,12/13/2024
3084,1162,3,12.19,12/13/2024
2320,1126,8,45.06,12/13/2024
2320,843,6,29.72,12/13/2024
2320,1139,3,15.55,12/13/2024
2320,399,2,447.7,12/13/2024
4782,1579,1,159.99,12/13/2024
1437,1039,2,12.96,12/13/2024
1437,444,4,134.48,12/13/2024
1787,1047,2,17.12,12/13/2024
2361,715,2,6.1,12/13/2024
2361,322,4,1114.27,12/13/2024
1071,1258,5,32.4,12/13/2024
1071,1349,3,540.57,12/13/2024
1071,760,5,167.76,12/13/2024
4440,344,3,393.17,12/13/2024
4774,265,7,516.49,12/13/2024
4774,160,6,1007.23,12/13/2024
4774,367,12,2065.32,12/13/2024
4774,1076,3,15.55,12/13/2024
4774,1177,6,25.34,12/13/2024
3427,206,4,25.47,12/13/2024
3534,542,2,27.17,12/13/2024
3534,48,2,78.85,12/13/2024
3186,1312,5,173.8,12/13/2024
2859,1804,1,29.59,12/13/2024
2859,827,2,4.75,12/13/2024
2859,1172,3,15.55,12/13/2024
977,296,2,204.6,12/13/2024
3843,100,2,321.57,12/13/2024
1589,647,2,6.24,12/13/2024
2027,860,2,21.88,12/13/2024
340,970,2,4.61,12/13/2024
3513,1003,2,9.82,12/13/2024
3513,620,3,35.97,12/13/2024
3513,1280,2,12.96,12/13/2024
3513,1098,4,191.6,12/13/2024
3513,970,3,8.64,12/13/2024
3513,1334,3,501.81,12/13/2024
201,177,6,127.1,12/13/2024
201,1856,3,124.2,12/13/2024
201,702,2,18.59,12/13/2024
201,962,3,30.07,12/13/2024
4737,1821,7,160.93,12/13/2024
4737,828,3,75.79,12/13/2024
4722,724,2,1.08,12/13/2024
3985,1633,2,3059.98,12/13/2024
2399,673,2,3.28,12/13/2024
1560,1259,3,34.02,12/13/2024
2390,103,6,599.29,12/13/2024
728,476,1,3.39,12/13/2024
728,1707,2,559.98,12/13/2024
728,60,5,603.92,12/13/2024
2806,969,2,7.97,12/13/2024
2806,851,4,27.97,12/13/2024
2806,1660,3,336.51,12/13/2024
1424,806,2,1.11,12/13/2024
4153,291,5,520.05,12/13/2024
4153,544,3,17.97,12/13/2024
1505,121,5,1166.92,12/13/2024
1853,678,2,14.62,12/13/2024
1782,932,3,10.23,12/13/2024
1782,1228,5,154.9,12/13/2024
224,799,7,2715.93,12/13/2024
224,1737,3,617.97,12/13/2024
1615,893,1,10.67,12/13/2024
1615,1416,3,36.63,12/13/2024
1615,241,5,24.1,12/13/2024
1615,203,7,33.11,12/13/2024
2561,567,2,44.02,12/13/2024
1121,1555,7,2309.65,12/13/2024
1121,352,7,1090.78,12/13/2024
1121,1280,3,19.44,12/13/2024
1140,1297,3,484.65,12/13/2024
948,1130,3,115.3,12/13/2024
874,875,3,7.08,12/13/2024
874,726,3,4.4,12/13/2024
4755,1110,5,44.75,12/13/2024
3508,1832,2,95.98,12/13/2024
689,192,4,151.72,12/13/2024
3169,313,3,155.25,12/13/2024
3169,1408,1,14.03,12/13/2024
4406,361,13,1618.37,12/13/2024
4406,1562,1,99.6,12/13/2024
1238,1257,5,32.4,12/13/2024
907,217,2,13.96,12/13/2024
907,172,3,155.82,12/13/2024
907,1844,5,124.95,12/13/2024
907,1353,5,601.65,12/13/2024
1116,510,3,22.74,12/13/2024
1116,54,3,1267.53,12/13/2024
1116,1679,8,1379.92,12/13/2024
1670,884,2,6.21,12/13/2024
2954,656,2,11.81,12/13/2024
2111,1090,3,15.55,12/13/2024
2111,1231,3,63.31,12/13/2024
2111,1692,2,15.59,12/13/2024
731,1052,5,177.2,12/13/2024
731,1831,3,197.97,12/13/2024
731,106,3,854.94,12/13/2024
731,161,9,124.11,12/13/2024
731,964,5,14.4,12/13/2024
1846,1083,3,15.7,12/13/2024
1846,778,2,2.63,12/13/2024
1846,659,3,14.43,12/13/2024
1900,283,2,86.62,12/13/2024
1152,790,3,36.62,12/13/2024
3239,479,7,23.97,12/13/2024
3239,633,3,28.73,12/13/2024
2129,328,4,697.16,12/13/2024
1749,1601,2,31.86,12/13/2024
1749,14,3,722.35,12/13/2024
3104,508,5,8.84,12/13/2024
3104,380,9,58.46,12/13/2024
3856,86,14,254.6,12/13/2024
2784,1737,5,1363.96,12/13/2024
2784,286,3,102.36,12/13/2024
476,1705,12,1113.5,12/13/2024
476,1510,1,99.99,12/13/2024
4465,151,2,168.46,12/13/2024
4465,1102,2,6.72,12/13/2024
4465,302,9,282.89,12/13/2024
934,496,2,11.16,12/13/2024
934,306,2,108.4,12/13/2024
934,749,3,82.34,12/13/2024
934,781,4,9.09,12/13/2024
4140,682,4,19.94,12/13/2024
4140,703,2,65.57,12/13/2024
1776,922,3,4.42,12/13/2024
4405,107,2,107.77,12/13/2024
1600,425,3,45.22,12/13/2024
1600,944,7,10.42,12/13/2024
1600,632,3,7.87,12/13/2024
1600,1765,3,118.78,12/13/2024
1600,935,1,1.45,12/13/2024
1600,822,5,55.47,12/13/2024
2591,66,4,194.85,12/13/2024
4899,1441,1,1.74,12/13/2024
4457,698,4,25.18,12/13/2024
1395,597,7,19.46,12/13/2024
2520,1149,3,29.47,12/13/2024
2953,786,2,8.64,12/13/2024
2235,795,5,6.27,12/13/2024
2235,847,7,4.37,12/13/2024
2235,1569,2,31.98,12/13/2024
2666,481,7,40.88,12/13/2024
3456,420,2,119.96,12/13/2024
3456,1341,3,31.44,12/13/2024
3456,658,1,6.88,12/13/2024
925,1046,4,19.92,12/13/2024
925,98,9,1106.91,12/13/2024
4632,328,8,836.59,12/13/2024
4632,1209,1,26.38,12/13/2024
4632,1391,2,362.92,12/13/2024
4632,1675,7,4899.93,12/13/2024
2763,1019,1,6.48,12/13/2024
2741,1863,3,71.98,12/13/2024
2741,957,1,3.15,12/13/2024
3966,207,2,31.98,12/13/2024
3966,1752,2,71.98,12/13/2024
1378,566,9,120.15,12/13/2024
1378,1709,2,219.18,12/13/2024
1651,1067,5,28.9,12/13/2024
1651,431,2,355.96,12/13/2024
4003,1418,7,348.21,12/13/2024
4003,804,7,35.78,12/13/2024
694,365,5,447.84,12/13/2024
1810,524,4,7.04,12/13/2024
1810,145,3,8.73,12/13/2024
1810,1491,1,29.29,12/13/2024
1810,550,3,8.64,12/13/2024
4918,811,3,2.69,12/13/2024
4918,726,3,2.93,12/13/2024
1888,1141,3,22.92,12/13/2024
4534,1316,6,100.7,12/13/2024
4534,145,2,2.33,12/13/2024
4534,787,5,10.78,12/13/2024
4534,940,12,58.37,12/13/2024
4534,891,3,40.97,12/13/2024
4534,1823,5,71.96,12/13/2024
4534,1285,2,10.37,12/13/2024
4534,747,2,1.19,12/13/2024
3609,776,2,46.67,12/13/2024
3609,18,1,119.83,12/13/2024
3609,1572,2,119.98,12/13/2024
2388,999,2,6.3,12/13/2024
1367,1149,5,279.9,12/13/2024
1367,1525,5,619.95,12/13/2024
1367,1026,2,4.36,12/13/2024
1367,899,2,15.28,12/13/2024
4300,1720,7,699.93,12/13/2024
4300,554,7,22.96,12/13/2024
4300,252,4,38.6,12/13/2024
4300,602,3,6.63,12/13/2024
4300,867,3,23.34,12/13/2024
4300,89,3,1067.94,12/13/2024
886,572,1,10.16,12/13/2024
886,865,6,101.88,12/13/2024
1883,364,4,343.92,12/13/2024
1883,1024,1,40.99,12/13/2024
1883,872,5,63.9,12/13/2024
4551,1257,3,19.44,12/13/2024
4609,1401,4,124.61,12/13/2024
4609,960,3,7.56,12/13/2024
4649,1347,3,85.22,12/13/2024
2504,877,8,287.52,12/13/2024
2504,425,2,37.68,12/13/2024
2504,1128,2,19.98,12/13/2024
2504,581,7,20.58,12/13/2024
2504,728,2,17.38,12/13/2024
563,296,2,204.6,12/13/2024
563,921,4,8.72,12/13/2024
563,1157,1,6.48,12/13/2024
563,1680,2,686.32,12/13/2024
563,1418,1,62.18,12/13/2024
974,456,2,644.08,12/13/2024
974,914,2,5.84,12/13/2024
974,774,2,12.76,12/13/2024
974,1698,1,10.95,12/13/2024
974,1622,2,599.98,12/13/2024
994,198,6,8.35,12/13/2024
2644,599,2,3.64,12/13/2024
2644,803,7,159.77,12/13/2024
447,1417,2,122.48,12/13/2024
447,340,7,2244.48,12/13/2024
447,802,3,62.31,12/13/2024
447,323,2,455.1,12/13/2024
2463,85,1,195.18,12/13/2024
3749,390,3,362.94,12/13/2024
3749,836,2,11.54,12/13/2024
326,613,3,53.94,12/13/2024
349,1858,1,9.99,12/13/2024
349,833,3,125.76,12/13/2024
349,777,5,25.32,12/13/2024
225,693,4,46.8,12/13/2024
1130,1507,9,447.93,12/13/2024
3712,317,2,109.48,12/13/2024
3712,1413,3,272.94,12/13/2024
3712,1212,3,19.44,12/13/2024
3712,1373,4,31.92,12/13/2024
4196,1169,2,22.38,12/13/2024
681,763,5,16.52,12/13/2024
4367,653,4,5.18,12/13/2024
1221,789,6,50.11,12/13/2024
2657,1429,3,27.93,12/13/2024
242,1009,4,11.56,12/13/2024
1915,69,2,172.5,12/13/2024
1915,1832,3,179.97,12/13/2024
2770,1561,3,258.7,12/13/2024
352,1854,7,1322.93,12/13/2024
352,537,2,3.76,12/13/2024
3576,873,1,21.74,12/13/2024
3576,1826,5,7.92,12/13/2024
333,837,7,12.1,12/13/2024
333,1372,6,485.88,12/13/2024
333,1131,4,25.92,12/13/2024
333,1296,2,197.58,12/13/2024
3134,468,4,81.92,12/13/2024
3134,1850,8,889.54,12/13/2024
3134,118,3,892.22,12/13/2024
3134,1149,4,223.92,12/13/2024
3134,1071,4,23.12,12/13/2024
4418,1143,3,15.55,12/13/2024
4418,220,4,15.71,12/13/2024
4418,1340,2,24.67,12/13/2024
4418,258,1,55.97,12/13/2024
2185,1519,9,431.93,12/13/2024
2185,127,4,95.98,12/13/2024
2185,849,4,1088.79,12/13/2024
1934,90,3,544.01,12/13/2024
1934,847,3,1.87,12/13/2024
1934,89,3,854.35,12/13/2024
1934,1370,2,593.57,12/13/2024
1934,1320,3,338.04,12/13/2024
3472,1792,5,271.96,12/13/2024
2274,1421,1,11.21,12/13/2024
2274,732,3,9.14,12/13/2024
2274,933,7,14.07,12/13/2024
2274,638,7,41.86,12/13/2024
2274,677,2,8.54,12/13/2024
2274,47,4,579.14,12/13/2024
4809,133,2,141.37,12/13/2024
4809,742,2,3.04,12/13/2024
4809,642,1,4.5,12/13/2024
4809,591,1,4.67,12/13/2024
4809,1590,3,95.88,12/13/2024
4809,200,2,17.02,12/13/2024
4809,1561,3,258.7,12/13/2024
4809,1768,7,1931.96,12/13/2024
135,1300,9,249.75,12/13/2024
135,1702,8,255.94,12/13/2024
2105,192,3,113.79,12/13/2024
2105,1502,1,78.15,12/13/2024
2105,837,1,1.73,12/13/2024
2105,1122,4,40.56,12/13/2024
2105,1345,3,182.94,12/13/2024
2105,1319,2,193.86,12/13/2024
2798,859,2,15.28,12/13/2024
2798,183,1,8.73,12/13/2024
2798,504,2,5.68,12/13/2024
1231,483,2,2.78,12/13/2024
1231,882,2,79.96,12/13/2024
2533,1612,2,839.99,12/13/2024
2379,141,3,47.95,12/13/2024
2379,794,5,37.43,12/13/2024
2379,254,2,63.97,12/13/2024
2379,263,3,165.05,12/13/2024
332,269,1,12.35,12/13/2024
332,607,1,40.97,12/13/2024
332,945,2,22.96,12/13/2024
2144,1817,4,22,12/13/2024
4700,830,3,398.35,12/13/2024
4700,908,4,8.72,12/13/2024
3481,903,9,48.69,12/13/2024
790,375,6,764.69,12/13/2024
790,358,12,3610.85,12/13/2024
790,45,3,254.97,12/13/2024
3103,552,6,38.82,12/13/2024
3103,73,9,1141.94,12/13/2024
3103,396,13,1704.56,12/13/2024
3103,488,2,3.2,12/13/2024
1527,1843,4,1099.96,12/13/2024
3696,608,2,5.25,12/13/2024
3696,1693,3,35.91,12/13/2024
3696,271,1,6.7,12/13/2024
3696,262,2,43.87,12/13/2024
4718,702,3,27.88,12/13/2024
4718,1407,3,540.05,12/13/2024
4718,1590,8,255.68,12/13/2024
3129,1855,3,863.88,12/13/2024
4636,819,4,17.62,12/13/2024
2915,706,3,17.47,12/13/2024
2570,1697,2,69.9,12/13/2024
2570,271,5,41.85,12/13/2024
3020,487,3,6.57,12/13/2024
4355,1395,1,142.86,12/13/2024
4355,66,6,292.27,12/13/2024
3224,148,3,29.33,12/13/2024
2811,1195,2,12.48,12/13/2024
4516,1310,4,102.34,12/13/2024
4516,467,3,48.79,12/13/2024
4516,757,8,44.85,12/13/2024
2006,1280,2,10.37,12/13/2024
2006,79,5,388.43,12/13/2024
2006,1252,3,14.35,12/13/2024
2006,1480,1,63.99,12/13/2024
2451,611,3,86.35,12/13/2024
726,1585,3,32.97,12/13/2024
726,1465,4,83.88,12/13/2024
2652,1819,3,278.4,12/13/2024
3251,948,3,15.12,12/13/2024
3251,725,1,17.43,12/13/2024
3251,1084,3,251.64,12/13/2024
4456,753,7,2.77,12/13/2024
2007,1314,5,14.9,12/13/2024
1115,634,3,15.48,12/13/2024
2546,155,2,39.88,12/13/2024
2546,664,4,12.19,12/13/2024
2546,533,3,20.82,12/13/2024
2696,848,4,13.22,12/13/2024
2696,1212,5,32.4,12/13/2024
824,1437,3,32.94,12/13/2024
824,1200,5,114.2,12/13/2024
824,949,1,3.08,12/13/2024
1317,467,13,845.73,12/13/2024
3100,730,2,13.9,12/13/2024
3100,835,2,20.72,12/13/2024
2238,1821,5,114.95,12/13/2024
1079,1356,2,26.96,12/13/2024
2273,267,6,572.76,12/13/2024
2273,268,3,286.38,12/13/2024
1013,31,2,61.96,12/13/2024
4848,232,1,23.99,12/13/2024
4848,1740,3,287.97,12/13/2024
1735,1816,7,419.94,12/13/2024
2343,1201,7,46.76,12/13/2024
2343,656,3,17.71,12/13/2024
2343,460,2,21.78,12/13/2024
2343,1346,3,161.94,12/13/2024
2343,115,2,161.57,12/13/2024
2341,967,1,3.69,12/13/2024
2341,968,4,122.12,12/13/2024
4606,103,2,155.37,12/13/2024
2409,1208,6,38.88,12/13/2024
2409,318,8,183.84,12/13/2024
2409,1451,5,579.3,12/13/2024
3948,1559,1,14.2,12/13/2024
711,1855,2,575.92,12/13/2024
711,662,6,5.18,12/13/2024
4150,727,3,5.23,12/13/2024
4150,1348,2,285.55,12/13/2024
3238,473,5,72.8,12/13/2024
4053,1185,4,10.82,12/13/2024
96,1340,3,46.26,12/13/2024
4233,810,6,17.46,12/13/2024
1062,200,6,51.07,12/13/2024
2136,1259,1,11.34,12/13/2024
2938,564,4,87.92,12/13/2024
2358,269,3,37.05,12/13/2024
3364,1699,1,2.97,12/13/2024
3364,1420,2,27.44,12/13/2024
267,724,3,1.08,12/13/2024
267,406,2,7.96,12/13/2024
260,788,8,140.74,12/13/2024
2044,1381,4,552.56,12/13/2024
4832,271,3,25.11,12/13/2024
2813,288,2,29.78,12/13/2024
2813,1783,3,677.58,12/13/2024
2813,1288,8,75.04,12/13/2024
3075,1649,2,695.7,12/13/2024
3075,789,5,15.66,12/13/2024
3075,659,6,28.85,12/13/2024
1217,486,3,47.82,12/13/2024
1217,952,5,13.05,12/13/2024
230,401,2,93.78,12/13/2024
230,1051,7,47.18,12/13/2024
230,603,6,19.68,12/13/2024
230,714,10,53.4,12/13/2024
230,645,6,35.88,12/13/2024
635,98,3,258.28,12/13/2024
2687,1317,2,31.4,12/13/2024
4060,1807,5,183.96,12/13/2024
4060,1167,3,17.61,12/13/2024
4060,358,1,300.9,12/13/2024
4338,1352,3,220.78,12/13/2024
4338,1310,11,281.42,12/13/2024
2395,1229,3,79.14,12/13/2024
3998,138,1,1.99,12/13/2024
4314,99,2,145.57,12/13/2024
3312,567,7,123.26,12/13/2024
3312,1253,4,23.68,12/13/2024
3312,1728,4,309.58,12/13/2024
4956,678,14,38.39,12/13/2024
4956,1663,2,95.99,12/13/2024
4956,1500,6,239.95,12/13/2024
4956,1785,2,201.58,12/13/2024
4956,105,4,899.14,12/13/2024
3473,190,5,145.9,12/13/2024
4364,23,7,590.06,12/13/2024
4364,582,3,14.04,12/13/2024
3538,1591,3,49.08,12/13/2024
4325,979,2,29.6,12/13/2024
4325,640,4,17.09,12/13/2024
1060,354,5,912.75,12/13/2024
323,452,3,1089.75,12/13/2024
323,1078,8,447.84,12/13/2024
323,500,5,16.4,12/13/2024
323,1772,5,399.96,12/13/2024
323,1369,5,158.9,12/13/2024
1743,622,5,73.2,12/13/2024
988,718,3,10.74,12/13/2024
4446,161,1,11.03,12/13/2024
4446,1532,3,53.04,12/13/2024
1614,570,4,17.12,12/13/2024
1614,1041,3,59.94,12/13/2024
3372,151,2,210.58,12/13/2024
3372,782,2,30.96,12/13/2024
3372,1648,2,239.98,12/13/2024
4488,780,3,3050.38,12/13/2024
4488,1867,2,133.98,12/13/2024
1783,1085,4,93.25,12/13/2024
1783,1723,3,177.48,12/13/2024
3844,956,6,17.71,12/13/2024
3844,786,3,4.86,12/13/2024
3844,705,2,6.26,12/13/2024
1927,425,2,37.68,12/13/2024
1927,1257,8,51.84,12/13/2024
1927,170,3,27.42,12/13/2024
1927,724,3,5.4,12/13/2024
2633,780,1,1270.99,12/13/2024
2633,900,8,125.36,12/13/2024
1891,1408,1,14.03,12/13/2024
1891,1447,2,27.96,12/13/2024
896,551,2,5.34,12/13/2024
896,667,2,1.7,12/13/2024
896,463,3,24.59,12/13/2024
896,733,5,7.98,12/13/2024
1486,1486,4,288,12/13/2024
2491,1754,3,146.95,12/13/2024
2491,86,4,83.14,12/13/2024
3107,432,4,942.78,12/13/2024
3107,1088,3,74.35,12/13/2024
1224,394,6,26.88,12/13/2024
1224,764,2,10.9,12/13/2024
2700,525,2,3.54,12/13/2024
1747,60,5,528.43,12/13/2024
1747,1057,8,41.47,12/13/2024
3515,40,3,287.98,12/13/2024
1657,1416,3,29.3,12/13/2024
1245,594,2,55.33,12/13/2024
1245,14,6,1228,12/13/2024
1966,691,4,20.42,12/13/2024
1966,358,3,1128.39,12/13/2024
4858,990,2,4.61,12/13/2024
3724,1727,5,195.96,12/13/2024
3724,1112,3,15.55,12/13/2024
3724,1484,4,271.97,12/13/2024
3346,63,3,698.35,12/13/2024
3346,4,2,77.73,12/13/2024
1694,752,9,46.62,12/13/2024
4045,1740,7,537.54,12/13/2024
722,973,2,14.62,12/13/2024
722,942,5,22.55,12/13/2024
722,1757,5,583.8,12/13/2024
722,1762,4,211.17,12/13/2024
1798,1224,2,12.96,12/13/2024
1798,626,2,45.98,12/13/2024
4654,1784,5,1294.75,12/13/2024
211,1613,5,1799.97,12/13/2024
3788,1264,2,10.69,12/13/2024
2338,1708,2,221.98,12/13/2024
2338,39,2,341.96,12/13/2024
675,1573,3,34.77,12/13/2024
675,989,3,18.9,12/13/2024
4723,731,3,102.72,12/13/2024
1901,238,2,40.48,12/13/2024
4776,822,3,33.28,12/13/2024
4776,1796,5,118.65,12/13/2024
4776,967,5,14.76,12/13/2024
3205,1288,4,37.52,12/13/2024
4623,464,3,207.14,12/13/2024
4623,562,5,13.9,12/13/2024
1160,103,3,266.35,12/13/2024
1390,1805,2,307.98,12/13/2024
1390,1115,6,44.1,12/13/2024
1390,538,4,13.12,12/13/2024
1390,887,2,16.56,12/13/2024
1390,1224,6,38.88,12/13/2024
1368,1222,4,335.52,12/13/2024
2817,1619,2,959.98,12/13/2024
2817,764,2,4.09,12/13/2024
2817,610,2,55.98,12/13/2024
2817,1198,2,10.69,12/13/2024
3132,892,3,8.86,12/13/2024
1006,990,3,6.91,12/13/2024
4330,1201,5,26.72,12/13/2024
4330,1116,7,33.49,12/13/2024
1004,1058,2,10.56,12/13/2024
124,1362,2,386.34,12/13/2024
2767,795,10,33.44,12/13/2024
1401,237,2,39.96,12/13/2024
1503,661,2,1217.57,12/13/2024
4874,1425,1,15.51,12/13/2024
4874,1809,2,89.9,12/13/2024
4874,492,4,14.28,12/13/2024
4874,476,3,12.72,12/13/2024
4874,999,5,15.75,12/13/2024
630,530,3,70.95,12/13/2024
630,751,2,65.57,12/13/2024
630,1584,3,299.97,12/13/2024
4539,1574,3,89.97,12/13/2024
4539,1601,2,31.86,12/13/2024
503,1327,5,67.15,12/13/2024
3929,815,3,7.24,12/13/2024
3929,933,3,4.82,12/13/2024
3929,1163,5,91.36,12/13/2024
3929,467,2,130.11,12/13/2024
1336,1819,1,74.24,12/13/2024
1336,141,10,159.84,12/13/2024
1336,839,2,2.89,12/13/2024
1336,1167,2,9.39,12/13/2024
240,1239,4,123.92,12/13/2024
4385,1432,5,55.6,12/13/2024
4385,1577,3,617.98,12/13/2024
4078,710,3,21.31,12/13/2024
3522,1534,6,209.94,12/13/2024
3522,1811,2,31.98,12/13/2024
3522,780,5,5083.96,12/13/2024
4791,1809,1,35.96,12/13/2024
1135,955,3,31.05,12/13/2024
1135,213,4,8.92,12/13/2024
1135,833,4,209.6,12/13/2024
1135,457,4,111.04,12/13/2024
1135,1062,6,38.88,12/13/2024
1571,450,3,36.27,12/13/2024
244,41,5,493.43,12/13/2024
244,1767,2,11.12,12/13/2024
2604,1662,2,686.4,12/13/2024
2846,723,5,15.92,12/13/2024
2846,139,12,70.68,12/13/2024
2846,1385,4,541.24,12/13/2024
4204,1653,2,101.99,12/13/2024
4204,741,2,18.26,12/13/2024
3648,788,5,21.99,12/13/2024
4625,1451,2,185.38,12/13/2024
4625,432,1,58.92,12/13/2024
3347,1685,4,480,12/13/2024
3347,1313,3,34.05,12/13/2024
4372,1068,11,192.72,12/13/2024
4372,1483,3,239.97,12/13/2024
2250,1556,7,50.12,12/13/2024
4793,1837,2,15.98,12/13/2024
4793,1121,3,14.35,12/13/2024
98,721,4,6.53,12/13/2024
98,812,3,2.86,12/13/2024
98,730,8,20.86,12/13/2024
800,1381,2,276.28,12/13/2024
2889,258,9,629.64,12/13/2024
2434,1806,3,449.97,12/13/2024
2434,445,7,1927.59,12/13/2024
2673,66,2,121.78,12/13/2024
944,118,9,2676.67,12/13/2024
301,329,2,489.23,12/13/2024
2758,291,3,312.03,12/13/2024
2758,1350,3,17.94,12/13/2024
2758,1856,3,165.6,12/13/2024
2758,1288,4,37.52,12/13/2024
1628,1824,3,494.97,12/13/2024
1628,1012,2,25.06,12/13/2024
2485,182,3,32.06,12/13/2024
2485,1138,4,18.5,12/13/2024
2485,55,3,191.08,12/13/2024
2485,1280,2,10.37,12/13/2024
4580,968,1,30.53,12/13/2024
4580,1511,3,30.84,12/13/2024
4580,1145,9,75.06,12/13/2024
2315,1739,7,66.98,12/13/2024
919,1237,8,182.72,12/13/2024
4007,983,3,21.93,12/13/2024
2862,1472,3,95.98,12/13/2024
2862,1690,9,143.93,12/13/2024
2862,824,2,3.56,12/13/2024
2862,977,2,4.93,12/13/2024
4633,1348,6,856.66,12/13/2024
4633,756,4,13.18,12/13/2024
4633,389,4,48.78,12/13/2024
4633,1265,2,76.64,12/13/2024
4633,737,6,18.53,12/13/2024
708,251,2,177.68,12/13/2024
409,1483,2,159.98,12/13/2024
2404,1808,3,52.68,12/13/2024
2404,241,3,11.57,12/13/2024
3486,699,4,4.57,12/13/2024
2768,1845,4,1439.97,12/13/2024
2768,662,3,1.73,12/13/2024
2768,369,3,626.1,12/13/2024
1381,546,5,99.2,12/13/2024
4500,324,4,609.98,12/13/2024
4500,345,2,211.37,12/13/2024
4500,1720,3,239.98,12/13/2024
3665,175,5,99.95,12/13/2024
3665,1533,3,29.34,12/13/2024
1740,271,2,16.74,12/13/2024
3405,1058,3,12.67,12/13/2024
3405,1517,14,1119.89,12/13/2024
1251,607,5,204.85,12/13/2024
1251,1865,2,135.98,12/13/2024
1251,538,5,16.4,12/13/2024
1251,725,2,92.96,12/13/2024
383,1453,3,7.63,12/13/2024
2622,753,7,4.16,12/13/2024
2622,1667,3,179.99,12/13/2024
3043,72,3,239.36,12/13/2024
641,1022,3,164.88,12/13/2024
357,1439,3,10.95,12/13/2024
3777,1151,3,19.44,12/13/2024
3777,649,5,12.3,12/13/2024
407,449,1,13.97,12/13/2024
3818,352,6,934.96,12/13/2024
3818,1491,2,46.86,12/13/2024
3818,1328,3,26.16,12/13/2024
3818,519,7,23.13,12/13/2024
3818,448,5,59.24,12/13/2024
669,4,4,155.46,12/13/2024
325,1279,2,8.56,12/13/2024
2929,319,3,21,12/13/2024
2929,1685,2,120,12/13/2024
3808,1816,5,299.96,12/13/2024
3808,439,5,67.84,12/13/2024
3808,85,5,853.93,12/13/2024
3808,531,4,18.69,12/13/2024
2586,307,2,273.96,12/13/2024
2586,1466,3,89.97,12/13/2024
2586,276,5,756.8,12/13/2024
2946,647,2,1.25,12/13/2024
2231,1486,1,72,12/13/2024
2231,135,7,470.15,12/13/2024
768,1379,1,39.13,12/13/2024
3946,528,9,19.73,12/13/2024
3946,1852,2,151.19,12/13/2024
3255,60,2,271.76,12/13/2024
4306,1553,1,47.5,12/13/2024
3982,48,7,344.98,12/13/2024
3928,1053,7,36.29,12/13/2024
3928,1197,2,78.3,12/13/2024
3928,354,1,127.78,12/13/2024
3928,790,2,6.1,12/13/2024
239,662,2,5.76,12/13/2024
1470,658,1,1.72,12/13/2024
110,690,2,8.95,12/13/2024
1862,414,3,2.33,12/13/2024
1862,837,4,1.73,12/13/2024
1862,273,5,159.04,12/13/2024
1862,325,2,145.98,12/13/2024
1101,147,3,77.95,12/13/2024
1101,711,5,95.97,12/13/2024
1101,1746,2,105.58,12/13/2024
1101,615,2,9.34,12/13/2024
4412,246,2,9.68,12/13/2024
4412,1620,7,4899.93,12/13/2024
4897,1600,5,104.75,12/13/2024
3977,1570,2,18.53,12/13/2024
3977,341,7,1875.26,12/13/2024
117,1044,5,91.36,12/13/2024
117,471,5,152.24,12/13/2024
4797,1852,2,35.18,12/13/2024
3266,1052,2,56.7,12/13/2024
3266,1174,7,274.06,12/13/2024
3562,71,5,458.43,12/13/2024
415,701,3,8.23,12/13/2024
58,1470,1,5.95,12/13/2024
58,1162,3,15.24,12/13/2024
840,1513,6,239.94,12/13/2024
840,557,8,23.84,12/13/2024
2976,1340,6,92.52,12/13/2024
2976,1323,1,37.76,12/13/2024
2976,998,2,7.38,12/13/2024
2976,145,2,5.82,12/13/2024
2939,1077,1,3.82,12/13/2024
3368,717,4,26.16,12/13/2024
1292,1587,2,100.8,12/13/2024
2035,199,7,135.8,12/13/2024
3660,562,5,13.9,12/13/2024
3660,884,5,19.4,12/13/2024
2194,707,2,13.49,12/13/2024
2194,674,1,11.42,12/13/2024
2658,1137,3,17.64,12/13/2024
2658,734,3,17.04,12/13/2024
8,1500,2,99.98,12/13/2024
8,220,6,29.46,12/13/2024
1180,731,13,166.92,12/13/2024
4627,208,3,98.33,12/13/2024
1656,71,1,117.88,12/13/2024
1739,1524,3,20.97,12/13/2024
1739,1475,4,139.96,12/13/2024
1739,284,3,37.74,12/13/2024
4664,233,3,14.82,12/13/2024
4664,314,3,191.82,12/13/2024
462,730,2,13.9,12/13/2024
3371,398,4,314.6,12/13/2024
3371,347,4,283.56,12/13/2024
2932,56,2,487.96,12/13/2024
617,695,2,1793.98,12/13/2024
1446,769,4,2.99,12/13/2024
1446,1575,4,108.77,12/13/2024
1662,1170,4,25.92,12/13/2024
1662,1367,2,22.58,12/13/2024
3944,1821,3,55.18,12/13/2024
1969,661,13,9892.74,12/13/2024
461,374,1,73.92,12/13/2024
187,150,4,337.09,12/13/2024
1686,468,3,61.44,12/13/2024
2778,1579,3,479.97,12/13/2024
3554,769,2,5.98,12/13/2024
3554,1473,5,189.95,12/13/2024
3554,1466,5,149.95,12/13/2024
3554,544,5,29.95,12/13/2024
3554,993,3,44.4,12/13/2024
295,567,3,66.03,12/13/2024
1654,1234,2,10.86,12/13/2024
513,619,2,3.36,12/13/2024
513,771,4,27.94,12/13/2024
513,1841,2,28.78,12/13/2024
3126,1437,2,21.96,12/13/2024
1172,1585,2,21.98,12/13/2024
1592,83,11,2621.32,12/13/2024
1449,259,7,74.76,12/13/2024
1449,327,3,364.78,12/13/2024
2203,375,7,1115.17,12/13/2024
1283,757,4,89.7,12/13/2024
1283,984,4,50.12,12/13/2024
1727,940,6,36.48,12/13/2024
4313,1181,13,322.19,12/13/2024
4313,657,3,2.95,12/13/2024
4313,1091,4,19.14,12/13/2024
3866,1479,2,23.08,12/13/2024
2482,1802,2,90.48,12/13/2024
1794,102,3,215.98,12/13/2024
1794,890,3,65.94,12/13/2024
3761,203,3,11.35,12/13/2024
1278,1376,2,24.56,12/13/2024
2354,887,2,16.56,12/13/2024
2354,1467,5,279.95,12/13/2024
445,1381,6,828.84,12/13/2024
4425,668,3,7.22,12/13/2024
4425,1459,4,27.2,12/13/2024
4254,1564,3,89.97,12/13/2024
1817,273,4,318.08,12/13/2024
1817,739,1,5.8,12/13/2024
4131,1786,6,143.95,12/13/2024
4131,1170,3,19.44,12/13/2024
4174,480,2,5.56,12/13/2024
856,1379,3,146.73,12/13/2024
856,1192,5,29.9,12/13/2024
2106,821,2,276.78,12/13/2024
2364,413,2,93.03,12/13/2024
2364,57,5,454.96,12/13/2024
1469,1731,3,246.17,12/13/2024
2187,1386,5,295.4,12/13/2024
4934,1388,8,348.56,12/13/2024
1622,1213,3,15.55,12/13/2024
1622,15,6,482.94,12/13/2024
4421,1725,2,299.98,12/13/2024
4421,816,6,403.68,12/13/2024
4421,1726,2,41.9,12/13/2024
4421,1005,7,28.91,12/13/2024
4332,1039,5,32.4,12/13/2024
3864,1762,7,369.54,12/13/2024
3864,1142,2,10.37,12/13/2024
3864,1555,3,791.88,12/13/2024
1627,529,3,23.64,12/13/2024
1627,1358,2,84.78,12/13/2024
1627,144,5,64.96,12/13/2024
1627,659,10,32.06,12/13/2024
1627,1301,2,177.65,12/13/2024
1627,1637,3,287.91,12/13/2024
1236,1447,2,22.37,12/13/2024
1236,1161,7,32.37,12/13/2024
1236,1558,2,207.98,12/13/2024
398,886,5,36.4,12/13/2024
398,1506,2,22.96,12/13/2024
398,1404,4,315.2,12/13/2024
398,742,3,15.18,12/13/2024
2249,1840,5,623.96,12/13/2024
3868,1751,2,429.6,12/13/2024
3868,237,2,31.97,12/13/2024
3868,54,3,887.27,12/13/2024
3868,1233,4,21.7,12/13/2024
4675,957,7,22.05,12/13/2024
4675,1032,5,99.9,12/13/2024
3244,388,7,90.86,12/13/2024
4048,1160,1,7.78,12/13/2024
4684,776,9,78.76,12/13/2024
2148,206,3,9.55,12/13/2024
2148,154,4,5.34,12/13/2024
1559,621,2,8.28,12/13/2024
3053,1365,3,50.14,12/13/2024
4925,760,7,88.07,12/13/2024
2184,42,3,301.47,12/13/2024
2184,489,2,18.66,12/13/2024
2799,185,2,27.46,12/13/2024
2799,410,3,125.13,12/13/2024
1568,1850,5,555.96,12/13/2024
2076,1346,3,129.55,12/13/2024
2076,1298,1,51.98,12/13/2024
2076,1079,3,10.27,12/13/2024
283,666,2,18.34,12/13/2024
283,1802,5,180.96,12/13/2024
94,1484,7,475.94,12/13/2024
3274,1539,2,159.98,12/13/2024
2308,1834,4,43.6,12/13/2024
4997,807,2,8.29,12/13/2024
4997,1840,9,1123.13,12/13/2024
4997,388,5,64.9,12/13/2024
1147,646,3,2.81,12/13/2024
4711,1551,2,99.98,12/13/2024
4711,584,6,8.04,12/13/2024
4711,1353,13,1564.29,12/13/2024
4326,716,4,138.56,12/13/2024
4326,473,5,65.52,12/13/2024
4370,574,2,14.58,12/13/2024
4370,1535,2,23.2,12/13/2024
4370,516,7,16.46,12/13/2024
2211,314,2,19.31,12/13/2024
34,1133,6,40.08,12/13/2024
429,404,2,101.96,12/13/2024
429,1266,13,259.74,12/13/2024
429,1540,9,255.42,12/13/2024
1999,773,3,4.34,12/13/2024
1999,827,5,11.88,12/13/2024
2637,33,7,405.86,12/13/2024
2637,90,3,680.01,12/13/2024
1636,1567,3,2.38,12/13/2024
1636,456,2,143.13,12/13/2024
1705,1636,4,4476.8,12/13/2024
1705,1050,1,104.85,12/13/2024
1705,403,3,241.44,12/13/2024
2331,1147,14,319.76,12/13/2024
2331,1148,2,45.68,12/13/2024
4674,157,2,31.96,12/13/2024
4674,1103,1,47.9,12/13/2024
4674,1370,3,1112.94,12/13/2024
4674,859,3,22.92,12/13/2024
3188,1786,3,71.98,12/13/2024
3188,1119,3,19.44,12/13/2024
1986,688,3,31.09,12/13/2024
2751,1814,2,13.98,12/13/2024
2751,530,1,23.65,12/13/2024
3932,1777,3,707.88,12/13/2024
3932,775,3,11.95,12/13/2024
3932,650,3,31.13,12/13/2024
3932,1602,4,55.76,12/13/2024
3932,1149,2,24.56,12/13/2024
3932,313,1,51.75,12/13/2024
3932,87,1,207.18,12/13/2024
3932,432,5,1473.1,12/13/2024
4417,1441,2,3.49,12/13/2024
4417,1471,4,21.73,12/13/2024
4417,1381,6,663.07,12/13/2024
4417,830,2,99.59,12/13/2024
4417,1228,2,49.57,12/13/2024
1351,698,7,29.37,12/13/2024
1351,1768,2,344.7,12/13/2024
560,1440,7,47.99,12/13/2024
560,1541,4,102.24,12/13/2024
44,1266,2,39.96,12/13/2024
44,1751,5,1432,12/13/2024
44,1461,6,41.04,12/13/2024
44,88,1,256.78,12/13/2024
323,756,1,13.18,12/13/2024
4507,258,3,83.95,12/13/2024
4530,1372,1,80.98,12/13/2024
4530,1099,9,348.84,12/13/2024
4530,904,5,9.45,12/13/2024
4530,293,3,18.84,12/13/2024
4530,40,2,239.98,12/13/2024
4530,880,2,167.96,12/13/2024
4530,1697,3,104.85,12/13/2024
4530,1825,3,484.83,12/13/2024
4530,1048,3,122.97,12/13/2024
4530,1422,3,154.44,12/13/2024
4530,1243,7,342.37,12/13/2024
3307,588,3,9.55,12/13/2024
4803,353,5,652.45,12/13/2024
4803,332,3,66.64,12/13/2024
2078,670,4,17.22,12/13/2024
2078,1292,2,11.56,12/13/2024
2078,1532,4,88.4,12/13/2024
2078,1287,1,6.48,12/13/2024
2624,1834,2,21.8,12/13/2024
2624,870,3,251.79,12/13/2024
4693,348,2,205.18,12/13/2024
4693,1050,5,419.4,12/13/2024
4240,1458,1,10.3,12/13/2024
4240,326,3,154.76,12/13/2024
4240,1597,2,116.78,12/13/2024
2175,549,2,75.48,12/13/2024
2175,207,2,39.98,12/13/2024
4573,344,3,393.17,12/13/2024
2918,1000,2,23.68,12/13/2024
2262,90,2,408.01,12/13/2024
2262,164,4,165.28,12/13/2024
556,758,7,334.77,12/13/2024
3109,1480,3,239.97,12/13/2024
3109,284,3,37.74,12/13/2024
1144,1803,7,946.34,12/13/2024
1144,1587,3,151.2,12/13/2024
1144,194,4,4.93,12/13/2024
1120,1056,4,86.27,12/13/2024
1120,669,2,72.59,12/13/2024
1120,475,2,60.67,12/13/2024
1120,803,9,77.03,12/13/2024
1120,1324,6,119.9,12/13/2024
1120,1747,5,263.96,12/13/2024
1120,1384,4,363.65,12/13/2024
4493,761,2,9.73,12/13/2024
4493,875,5,14.75,12/13/2024
4493,791,5,29.8,12/13/2024
4493,994,14,427.42,12/13/2024
3263,1807,8,220.75,12/13/2024
249,689,6,152.76,12/13/2024
249,1454,1,7.27,12/13/2024
249,57,14,1819.86,12/13/2024
4666,1233,5,33.9,12/13/2024
2951,1119,6,31.1,12/13/2024
2951,603,2,5.25,12/13/2024
1325,1609,3,263.88,12/13/2024
1325,81,5,2453.43,12/13/2024
3265,824,5,29.7,12/13/2024
3265,1123,4,39.96,12/13/2024
3373,697,2,36.67,12/13/2024
3150,1189,2,13.76,12/13/2024
1658,1388,4,139.42,12/13/2024
2223,1843,9,1979.93,12/13/2024
2856,1422,4,164.74,12/13/2024
2856,124,7,470.3,12/13/2024
2856,1786,2,47.98,12/13/2024
4220,845,3,2.5,12/13/2024
1410,1847,3,88.75,12/13/2024
4478,823,1,2.03,12/13/2024
2222,1122,7,70.98,12/13/2024
2222,666,3,91.68,12/13/2024
2222,823,5,33.75,12/13/2024
2222,1624,8,3040,12/13/2024
3781,676,3,91.2,12/13/2024
3781,345,3,452.94,12/13/2024
951,739,9,52.2,12/13/2024
2067,969,4,15.94,12/13/2024
652,185,2,27.46,12/13/2024
1055,716,2,55.42,12/13/2024
4590,328,2,244.01,12/13/2024
2506,1594,2,159.98,12/13/2024
2506,85,6,1024.72,12/13/2024
4518,922,2,3.68,12/13/2024
607,192,4,121.38,12/13/2024
607,1513,3,95.98,12/13/2024
816,1539,4,255.97,12/13/2024
3580,63,3,872.94,12/13/2024
3580,802,2,41.54,12/13/2024
3580,1100,2,12.96,12/13/2024
4482,493,2,6.85,12/13/2024
4100,1006,3,8.67,12/13/2024
4368,298,4,6.69,12/13/2024
1904,600,6,17.28,12/13/2024
1904,656,3,17.71,12/13/2024
4744,988,7,28.91,12/13/2024
2040,1429,7,52.14,12/13/2024
3226,1701,4,31.97,12/13/2024
4528,1170,4,25.92,12/13/2024
4528,1176,7,40.46,12/13/2024
4528,1367,3,33.87,12/13/2024
2831,589,2,9.73,12/13/2024
2831,1025,1,3.42,12/13/2024
4527,1485,3,177,12/13/2024
233,934,2,3.76,12/13/2024
1334,1822,7,1212.85,12/13/2024
1334,1494,3,89.97,12/13/2024
1334,256,3,42.6,12/13/2024
444,957,2,5.04,12/13/2024
3838,879,4,62.96,12/13/2024
4123,1137,1,5.88,12/13/2024
4123,62,6,977.29,12/13/2024
3590,241,2,9.64,12/13/2024
287,566,3,40.05,12/13/2024
3851,599,7,10.19,12/13/2024
3851,1425,1,16.78,12/13/2024
3851,538,5,13.12,12/13/2024
2346,801,5,18.16,12/13/2024
3414,1191,3,16.06,12/13/2024
3414,1239,9,223.06,12/13/2024
3414,1407,3,540.05,12/13/2024
1707,1726,2,33.52,12/13/2024
1707,138,2,9.94,12/13/2024
1501,534,4,6.72,12/13/2024
1501,360,6,1004.98,12/13/2024
3897,791,3,17.88,12/13/2024
2232,1682,4,396,12/13/2024
2989,846,3,34.5,12/13/2024
2886,298,2,8.36,12/13/2024
2809,547,8,385.6,12/13/2024
2809,588,9,35.82,12/13/2024
3061,1368,3,200.06,12/13/2024
3061,683,5,21.38,12/13/2024
3061,707,4,6.74,12/13/2024
4973,99,1,63.69,12/13/2024
3780,369,4,1669.6,12/13/2024
147,833,2,83.84,12/13/2024
147,755,3,13.27,12/13/2024
3112,715,7,21.34,12/13/2024
3014,519,5,16.52,12/13/2024
1397,219,6,206.11,12/13/2024
1397,1182,5,19.92,12/13/2024
1397,1206,8,198.27,12/13/2024
1397,1422,6,247.1,12/13/2024
1397,613,6,86.3,12/13/2024
2046,548,2,4.16,12/13/2024
2046,226,2,11.65,12/13/2024
1439,946,7,26.18,12/13/2024
1439,1097,2,7.3,12/13/2024
850,1088,3,74.35,12/13/2024
3994,1305,1,10.74,12/13/2024
3994,910,3,8.38,12/13/2024
2314,1396,6,212.88,12/13/2024
3293,40,2,203.98,12/13/2024
1890,1307,3,40.74,12/13/2024
1890,414,3,11.67,12/13/2024
3242,1702,1,39.99,12/13/2024
3242,585,2,16.28,12/13/2024
3242,21,3,782.94,12/13/2024
3242,716,7,242.48,12/13/2024
771,285,5,8.32,12/13/2024
771,921,6,10.46,12/13/2024
97,817,3,82.9,12/13/2024
97,1047,4,34.24,12/13/2024
593,23,7,1573.49,12/13/2024
954,1084,4,335.52,12/13/2024
954,758,2,23.91,12/13/2024
954,1339,2,27.06,12/13/2024
430,1612,1,559.99,12/13/2024
4839,474,6,9.32,12/13/2024
2625,1078,2,111.96,12/13/2024
373,977,7,21.56,12/13/2024
3965,794,5,124.75,12/13/2024
956,517,3,5.28,12/13/2024
3208,1469,4,91.96,12/13/2024
1836,885,1,9.34,12/13/2024
1836,541,5,79.36,12/13/2024
967,326,2,171.96,12/13/2024
2117,792,9,35.35,12/13/2024
75,971,6,18.9,12/13/2024
2962,597,1,2.78,12/13/2024
4734,322,5,1044.63,12/13/2024
1577,1249,3,11.35,12/13/2024
207,1343,5,354.9,12/13/2024
1222,1854,3,453.58,12/13/2024
1175,1556,3,21.48,12/13/2024
1175,644,4,8.78,12/13/2024
4943,1048,3,122.97,12/13/2024
4102,587,3,12.84,12/13/2024
4328,64,5,603.92,12/13/2024
4328,886,3,21.84,12/13/2024
4328,1564,1,29.99,12/13/2024
4328,59,2,381.44,12/13/2024
25,1694,3,40.68,12/13/2024
25,129,5,763.28,12/13/2024
1835,1375,2,23.95,12/13/2024
2541,1111,1,4.98,12/13/2024
1742,466,3,170.88,12/13/2024
1211,1805,2,307.98,12/13/2024
1211,347,9,382.81,12/13/2024
1211,1316,2,41.96,12/13/2024
1211,661,2,1217.57,12/13/2024
1211,216,3,47.04,12/13/2024
1211,194,2,6.16,12/13/2024
1211,1718,5,979.95,12/13/2024
1211,1103,3,143.7,12/13/2024
1211,917,3,10.65,12/13/2024
1211,1544,4,247.8,12/13/2024
1849,528,4,10.96,12/13/2024
4600,513,7,33.49,12/13/2024
4600,933,5,8.04,12/13/2024
1099,1860,4,201.57,12/13/2024
219,1275,3,13.44,12/13/2024
1036,3,3,359.06,12/13/2024
3794,127,2,47.99,12/13/2024
3448,181,13,547.3,12/13/2024
3973,1043,4,16.9,12/13/2024
3973,1435,1,6.67,12/13/2024
3973,580,4,99.14,12/13/2024
3973,207,2,15.99,12/13/2024
2718,188,2,211.96,12/13/2024
4602,578,3,6.67,12/13/2024
3118,506,6,155.94,12/13/2024
4555,1858,5,39.96,12/13/2024
4555,499,3,5.46,12/13/2024
4555,622,5,73.2,12/13/2024
4555,641,1,5.84,12/13/2024
4555,1174,4,22.72,12/13/2024
4555,663,3,9.34,12/13/2024
663,3,2,290.67,12/13/2024
663,1703,2,201.58,12/13/2024
663,1794,2,83.98,12/13/2024
3570,1395,7,1000.02,12/13/2024
4542,1604,3,83.98,12/13/2024
1188,985,1,3.75,12/13/2024
1188,976,4,41.4,12/13/2024
1188,536,3,29.79,12/13/2024
4565,1306,2,59.48,12/13/2024
4565,1064,1,6.69,12/13/2024
2995,243,2,198.46,12/13/2024
2995,1001,8,786.48,12/13/2024
2995,684,2,23.17,12/13/2024
2995,1557,2,50,12/13/2024
1561,1803,5,675.96,12/13/2024
1561,1525,3,1265.85,12/13/2024
1643,428,5,523.25,12/13/2024
1374,69,6,517.5,12/13/2024
2828,301,5,17.92,12/13/2024
2828,697,6,41.26,12/13/2024
1800,1364,3,1006.06,12/13/2024
1800,1201,2,10.69,12/13/2024
1800,1272,2,10.37,12/13/2024
1800,1317,2,25.12,12/13/2024
1800,1504,2,58.11,12/13/2024
793,1090,3,15.55,12/13/2024
793,1334,5,669.08,12/13/2024
793,1689,4,438.34,12/13/2024
2585,1187,3,19.44,12/13/2024
2585,839,2,9.64,12/13/2024
2585,1282,2,12.7,12/13/2024
2585,161,3,41.37,12/13/2024
4273,936,2,12.62,12/13/2024
961,1303,3,1247.64,12/13/2024
961,1615,7,3149.93,12/13/2024
961,1268,2,209.7,12/13/2024
873,1532,2,35.36,12/13/2024
873,918,2,3.17,12/13/2024
1059,816,6,121.1,12/13/2024
1059,1815,1,45.89,12/13/2024
441,1274,2,109.92,12/13/2024
441,1202,2,13.36,12/13/2024
4873,1398,6,169.68,12/13/2024
4873,1577,4,132.52,12/13/2024
4873,911,2,2.96,12/13/2024
4873,685,2,8.45,12/13/2024
4873,1310,3,95.94,12/13/2024
334,138,7,34.79,12/13/2024
4036,1867,3,160.78,12/13/2024
3354,822,3,88.75,12/13/2024
3354,728,2,13.9,12/13/2024
3692,1783,5,677.58,12/13/2024
3692,737,3,13.9,12/13/2024
2140,1341,5,41.92,12/13/2024
2140,1525,3,297.58,12/13/2024
2140,926,3,4.34,12/13/2024
2140,1553,2,94.99,12/13/2024
2140,1029,3,74.35,12/13/2024
2140,582,3,14.04,12/13/2024
4472,339,4,1018.1,12/13/2024
3986,1767,3,16.68,12/13/2024
1813,1491,2,58.58,12/13/2024
3041,1794,4,167.97,12/13/2024
1473,1001,2,196.62,12/13/2024
1372,262,2,21.94,12/13/2024
1372,644,3,6.59,12/13/2024
2051,1312,3,104.28,12/13/2024
2051,1252,3,17.94,12/13/2024
272,1372,1,64.78,12/13/2024
272,1823,3,32.38,12/13/2024
272,168,2,42.37,12/13/2024
272,1686,4,399.54,12/13/2024
4511,1031,1,18.97,12/13/2024
2442,233,3,14.82,12/13/2024
3796,430,2,99.28,12/13/2024
3796,753,2,1.19,12/13/2024
3796,740,2,7.52,12/13/2024
3680,1076,2,10.37,12/13/2024
3680,299,2,310.88,12/13/2024
521,331,6,853.09,12/13/2024
3403,1064,5,33.45,12/13/2024
3403,813,5,10.4,12/13/2024
4669,289,5,21.88,12/13/2024
4687,1560,2,13.62,12/13/2024
1547,1522,4,63.96,12/13/2024
1547,773,3,14.46,12/13/2024
1547,1794,2,104.98,12/13/2024
1438,384,2,106.96,12/13/2024
1438,981,7,21.56,12/13/2024
440,364,6,515.88,12/13/2024
996,656,2,11.81,12/13/2024
996,59,9,1931.04,12/13/2024
996,1046,2,9.96,12/13/2024
483,923,5,12.35,12/13/2024
1795,787,3,9.7,12/13/2024
811,782,2,11.61,12/13/2024
3284,987,6,43.86,12/13/2024
3284,1819,2,148.48,12/13/2024
3284,1223,2,7.42,12/13/2024
3284,102,1,71.99,12/13/2024
3284,588,5,19.9,12/13/2024
3284,436,14,1702.12,12/13/2024
1404,1270,6,14.3,12/13/2024
4840,370,7,765.63,12/13/2024
2890,38,2,307.67,12/13/2024
2549,773,2,7.71,12/13/2024
2795,412,5,242.9,12/13/2024
2795,1413,5,454.9,12/13/2024
2795,212,4,35.92,12/13/2024
2795,138,8,39.76,12/13/2024
2795,754,4,47.74,12/13/2024
4401,1720,2,159.98,12/13/2024
4401,1483,4,255.97,12/13/2024
4401,39,3,359.06,12/13/2024
1153,395,3,434.35,12/13/2024
1153,441,2,3.55,12/13/2024
1153,457,4,88.83,12/13/2024
4986,329,5,1048.35,12/13/2024
1804,1557,4,100,12/13/2024
1804,961,3,7.83,12/13/2024
306,1106,8,96.26,12/13/2024
306,1133,2,10.69,12/13/2024
4595,1320,3,338.04,12/13/2024
4595,547,4,154.24,12/13/2024
2837,418,2,34.85,12/13/2024
2837,1817,5,22,12/13/2024
2837,565,3,4.37,12/13/2024
1191,1341,3,31.44,12/13/2024
1191,1556,2,17.9,12/13/2024
1191,1571,5,129.45,12/13/2024
140,952,8,20.88,12/13/2024
3860,1267,4,20.74,12/13/2024
3860,301,2,7.17,12/13/2024
3860,1378,2,11.17,12/13/2024
3860,1496,7,442.4,12/13/2024
412,559,2,13.36,12/13/2024
2566,646,8,11.23,12/13/2024
2566,1289,3,10.27,12/13/2024
4329,1226,2,10.37,12/13/2024
4329,548,3,6.24,12/13/2024
1319,374,2,206.96,12/13/2024
4170,203,2,9.46,12/13/2024
3120,1418,9,559.62,12/13/2024
3120,1274,2,109.92,12/13/2024
3120,1244,2,8.56,12/13/2024
1274,1024,11,360.71,12/13/2024
1274,1751,6,1718.4,12/13/2024
4371,716,6,41.57,12/13/2024
475,1491,2,46.86,12/13/2024
512,585,3,19.54,12/13/2024
1200,2,4,411.33,12/13/2024
1200,719,6,28.75,12/13/2024
1200,28,3,293.2,12/13/2024
1856,1448,2,35.06,12/13/2024
1856,1010,1,4.13,12/13/2024
1856,191,9,109.8,12/13/2024
1856,975,2,9.82,12/13/2024
4331,826,4,7.64,12/13/2024
4331,749,5,51.47,12/13/2024
3730,1441,4,6.98,12/13/2024
3730,771,7,12.22,12/13/2024
2157,1417,2,97.98,12/13/2024
2157,1497,6,62.4,12/13/2024
232,705,2,20.86,12/13/2024
232,1326,9,497.61,12/13/2024
232,631,2,5.34,12/13/2024
232,957,1,3.15,12/13/2024
875,1070,9,368.91,12/13/2024
875,569,5,14.7,12/13/2024
2084,1569,3,59.97,12/13/2024
2084,1368,1,83.36,12/13/2024
946,1117,2,6.58,12/13/2024
946,703,3,122.94,12/13/2024
4121,1274,4,219.84,12/13/2024
4121,1591,6,98.16,12/13/2024
4121,763,8,33.04,12/13/2024
4121,1743,3,86.97,12/13/2024
1518,1752,3,134.97,12/13/2024
1518,1707,2,699.98,12/13/2024
1518,1593,5,139.95,12/13/2024
29,1256,1,48.94,12/13/2024
246,77,8,2807.84,12/13/2024
246,489,4,46.64,12/13/2024
69,1323,2,60.42,12/13/2024
2336,611,3,107.94,12/13/2024
4896,1373,8,63.84,12/13/2024
4896,1704,3,347.97,12/13/2024
4896,798,6,37.01,12/13/2024
1713,247,5,215.65,12/13/2024
2030,910,4,11.17,12/13/2024
2030,1153,3,53.95,12/13/2024
2468,298,1,4.18,12/13/2024
3964,744,1,5.61,12/13/2024
3964,1449,7,4663.74,12/13/2024
3964,1551,2,79.98,12/13/2024
4560,1768,7,2575.94,12/13/2024
4560,1155,7,45.36,12/13/2024
4560,1504,7,254.24,12/13/2024
2725,1864,7,69.93,12/13/2024
2733,179,7,16.16,12/13/2024
2733,1066,3,54.82,12/13/2024
403,372,7,1441.3,12/13/2024
4975,199,5,77.6,12/13/2024
4975,145,2,4.66,12/13/2024
1216,347,3,170.14,12/13/2024
1647,956,2,7.38,12/13/2024
1647,628,2,9.26,12/13/2024
1131,972,2,9.96,12/13/2024
4263,409,2,75.6,12/13/2024
4263,231,2,29.32,12/13/2024
2782,464,6,92.06,12/13/2024
2782,908,4,6.98,12/13/2024
2782,131,3,62.96,12/13/2024
2782,1080,1,5.18,12/13/2024
2761,789,10,31.32,12/13/2024
2761,205,4,11.84,12/13/2024
2761,240,1,22.78,12/13/2024
1837,1790,3,1127.98,12/13/2024
4441,1018,6,38.88,12/13/2024
48,1801,2,779.8,12/13/2024
3729,1715,8,1439.92,12/13/2024
3729,344,1,262.11,12/13/2024
1213,69,3,207,12/13/2024
4054,1630,3,1439.98,12/13/2024
4054,1235,7,36.29,12/13/2024
504,570,5,21.4,12/13/2024
3262,431,7,1245.86,12/13/2024
220,950,3,17.54,12/13/2024
220,161,4,44.13,12/13/2024
220,398,1,62.92,12/13/2024
2516,7,1,120.98,12/13/2024
2516,832,1,315.98,12/13/2024
2534,842,3,28.75,12/13/2024
2534,626,5,114.95,12/13/2024
1767,509,8,23.04,12/13/2024
2420,634,3,15.48,12/13/2024
2420,1238,8,51.84,12/13/2024
3613,1481,3,39.82,12/13/2024
3633,1412,1,16.06,12/13/2024
3653,886,1,7.28,12/13/2024
3653,724,3,5.4,12/13/2024
1672,1157,3,19.44,12/13/2024
537,155,2,39.88,12/13/2024
537,168,3,79.44,12/13/2024
4826,1014,7,20.66,12/13/2024
2515,1272,5,32.4,12/13/2024
2887,424,1,13.76,12/13/2024
4810,899,2,15.28,12/13/2024
4490,1373,7,44.69,12/13/2024
4490,6,3,301.47,12/13/2024
2877,951,3,11.07,12/13/2024
2877,358,4,1504.52,12/13/2024
2877,1267,4,25.92,12/13/2024
3216,694,6,7.54,12/13/2024
3216,767,2,1.41,12/13/2024
3216,807,4,4.14,12/13/2024
3216,1377,3,52.75,12/13/2024
3607,402,7,381.36,12/13/2024
629,534,4,6.72,12/13/2024
3483,777,3,15.19,12/13/2024
3483,1187,9,58.32,12/13/2024
574,783,6,946.76,12/13/2024
2115,202,9,94.68,12/13/2024
2115,1304,3,23.67,12/13/2024
2115,1737,4,1091.17,12/13/2024
2115,631,7,18.69,12/13/2024
2115,331,3,568.73,12/13/2024
2115,701,1,7.31,12/13/2024
3566,265,2,147.57,12/13/2024
3018,1122,7,56.78,12/13/2024
3018,682,3,5.61,12/13/2024
3018,528,3,6.58,12/13/2024
170,747,6,14.3,12/13/2024
170,41,1,119.83,12/13/2024
170,578,2,5.56,12/13/2024
170,1173,5,32.4,12/13/2024
3407,593,3,9.84,12/13/2024
3407,597,1,2.78,12/13/2024
2131,745,1,3.64,12/13/2024
2131,1827,7,881.93,12/13/2024
1778,684,8,115.84,12/13/2024
3914,816,2,107.65,12/13/2024
2855,1495,5,199.95,12/13/2024
2855,1155,2,12.96,12/13/2024
788,66,1,60.89,12/13/2024
788,1016,3,14.94,12/13/2024
788,839,2,9.64,12/13/2024
788,221,3,332.94,12/13/2024
788,836,3,51.9,12/13/2024
788,1382,2,64.96,12/13/2024
4156,1459,3,25.5,12/13/2024
3037,102,3,215.98,12/13/2024
1117,57,3,389.97,12/13/2024
1117,420,5,269.91,12/13/2024
4852,650,3,11.67,12/13/2024
4852,889,7,64.85,12/13/2024
315,214,2,14.56,12/13/2024
1489,72,1,102.58,12/13/2024
1489,1198,3,20.04,12/13/2024
4731,779,7,32.09,12/13/2024
4731,695,6,4305.55,12/13/2024
1708,154,3,10.02,12/13/2024
1708,1753,4,631.96,12/13/2024
3747,783,3,1577.94,12/13/2024
4270,502,7,255.85,12/13/2024
1905,1309,6,184.7,12/13/2024
1905,1498,2,47.92,12/13/2024
3259,1016,4,15.94,12/13/2024
3259,715,7,8,12/13/2024
3259,106,2,398.97,12/13/2024
2755,25,2,163.88,12/13/2024
4949,379,5,67.9,12/13/2024
2646,1175,4,72.22,12/13/2024
2853,983,2,11.7,12/13/2024
712,71,3,392.94,12/13/2024
837,142,1,18.18,12/13/2024
3877,768,3,6.89,12/13/2024
3877,324,3,457.48,12/13/2024
4990,119,6,1079.32,12/13/2024
155,1140,1,48.91,12/13/2024
733,554,3,9.84,12/13/2024
733,846,3,34.5,12/13/2024
3294,806,1,0.56,12/13/2024
4798,641,6,43.8,12/13/2024
4026,1176,3,13.87,12/13/2024
4026,48,4,115.96,12/13/2024
4485,1571,2,41.42,12/13/2024
4485,1815,4,244.77,12/13/2024
4485,580,3,74.35,12/13/2024
4485,787,2,4.31,12/13/2024
4485,52,1,56.69,12/13/2024
4485,1754,2,97.97,12/13/2024
4485,586,3,7.87,12/13/2024
4485,1246,3,15.55,12/13/2024
4485,656,1,1.48,12/13/2024
1300,543,5,8.4,12/13/2024
354,603,2,6.56,12/13/2024
354,579,2,14.88,12/13/2024
354,1542,4,45.48,12/13/2024
354,476,6,25.44,12/13/2024
4513,697,8,146.69,12/13/2024
3782,949,2,4.93,12/13/2024
3782,491,4,63.49,12/13/2024
963,1394,7,418.32,12/13/2024
963,424,2,123.86,12/13/2024
2668,1691,3,118.78,12/13/2024
2668,1431,4,769.18,12/13/2024
3309,1526,1,47.9,12/13/2024
4766,1075,2,13.36,12/13/2024
4766,97,2,163.76,12/13/2024
4766,166,4,183.92,12/13/2024
4538,225,3,11.38,12/13/2024
4538,164,4,66.11,12/13/2024
3241,1229,8,211.04,12/13/2024
3241,118,2,594.82,12/13/2024
3241,676,3,72.96,12/13/2024
4862,290,4,80.96,12/13/2024
4862,1759,2,455.71,12/13/2024
4862,617,1,25.98,12/13/2024
1642,470,4,45.28,12/13/2024
4463,867,2,15.56,12/13/2024
1816,1751,3,859.2,12/13/2024
3366,433,4,195.68,12/13/2024
3366,917,4,14.2,12/13/2024
3016,13,3,314.35,12/13/2024
3016,1008,2,4.61,12/13/2024
3418,912,5,17.9,12/13/2024
651,769,1,2.99,12/13/2024
651,795,6,20.06,12/13/2024
651,1215,3,146.73,12/13/2024
651,985,5,18.75,12/13/2024
651,1727,3,117.58,12/13/2024
2004,678,7,51.18,12/13/2024
3003,327,5,455.97,12/13/2024
3003,699,5,5.72,12/13/2024
3003,1706,1,57.59,12/13/2024
3003,320,2,30.14,12/13/2024
3003,119,5,899.43,12/13/2024
1936,150,8,842.72,12/13/2024
1936,204,2,41.96,12/13/2024
2620,848,4,13.22,12/13/2024
2620,107,3,184.75,12/13/2024
3779,118,2,520.46,12/13/2024
3779,1158,3,11.42,12/13/2024
929,1135,3,19.44,12/13/2024
929,499,2,3.64,12/13/2024
929,1129,2,18.54,12/13/2024
2769,787,5,43.12,12/13/2024
2769,328,3,313.72,12/13/2024
2769,166,1,45.98,12/13/2024
2769,1417,7,428.68,12/13/2024
3040,826,6,30.58,12/13/2024
3040,944,7,13.02,12/13/2024
3040,222,3,22.14,12/13/2024
3040,1360,4,359.32,12/13/2024
4352,1138,2,11.56,12/13/2024
109,797,2,68.48,12/13/2024
109,1400,6,1676.88,12/13/2024
2550,1261,2,37.94,12/13/2024
3073,55,3,272.97,12/13/2024
953,229,4,41.57,12/13/2024
953,64,3,317.06,12/13/2024
953,933,5,8.04,12/13/2024
2868,1816,7,419.94,12/13/2024
2471,1446,6,61.38,12/13/2024
1139,1557,2,50,12/13/2024
2998,1563,3,31.8,12/13/2024
3905,1332,2,32.56,12/13/2024
1976,866,2,7.07,12/13/2024
638,1101,3,45.53,12/13/2024
638,130,1,64.78,12/13/2024
638,1299,2,424.27,12/13/2024
638,534,1,1.34,12/13/2024
638,1425,5,83.92,12/13/2024
2812,1224,4,25.92,12/13/2024
4064,320,8,120.58,12/13/2024
4849,1028,4,79.92,12/13/2024
4849,1149,1,12.28,12/13/2024
4849,395,3,542.94,12/13/2024
4849,864,1,2.04,12/13/2024
1631,1406,5,228.92,12/13/2024
4049,1858,1,7.99,12/13/2024
1202,55,8,582.34,12/13/2024
317,1818,5,629.95,12/13/2024
317,70,2,631.78,12/13/2024
317,19,2,801.57,12/13/2024
317,984,6,75.18,12/13/2024
317,455,1,30.98,12/13/2024
317,1806,9,1349.91,12/13/2024
1752,581,6,14.11,12/13/2024
1673,867,4,31.12,12/13/2024
701,195,2,4.27,12/13/2024
1779,328,2,209.15,12/13/2024
1779,1299,6,1591.02,12/13/2024
3629,941,5,7.92,12/13/2024
623,1672,2,574.91,12/13/2024
623,1093,2,8.45,12/13/2024
4056,1549,9,1071,12/13/2024
4056,314,1,12.07,12/13/2024
4773,639,1,3.27,12/13/2024
4773,186,5,87.92,12/13/2024
1833,1338,1,104.7,12/13/2024
1646,81,5,2803.92,12/13/2024
2199,804,2,6.82,12/13/2024
1161,1840,2,249.58,12/13/2024
1161,1091,3,17.94,12/13/2024
1161,228,3,10.11,12/13/2024
572,1090,2,10.37,12/13/2024
572,1046,3,11.95,12/13/2024
3863,471,2,15.22,12/13/2024
3863,416,6,21.98,12/13/2024
545,1703,6,604.75,12/13/2024
545,1460,5,40.7,12/13/2024
545,1852,3,302.38,12/13/2024
545,1528,3,45,12/13/2024
208,81,6,3785.29,12/13/2024
2645,556,5,35.4,12/13/2024
779,254,5,199.9,12/13/2024
614,50,8,1212.96,12/13/2024
1659,1843,5,1099.96,12/13/2024
1659,374,1,103.48,12/13/2024
962,1014,2,5.9,12/13/2024
1050,1529,2,30.08,12/13/2024
1050,1143,7,36.29,12/13/2024
1050,479,3,10.27,12/13/2024
1050,1496,4,252.8,12/13/2024
1595,792,2,2.95,12/13/2024
2978,1057,2,12.96,12/13/2024
3330,1721,4,285.58,12/13/2024
4317,1432,2,22.24,12/13/2024
6,1108,2,14.62,12/13/2024
754,450,5,48.36,12/13/2024
4114,572,2,16.26,12/13/2024
4114,1709,2,219.18,12/13/2024
857,1812,4,95.84,12/13/2024
1679,1010,3,12.39,12/13/2024
2612,1165,6,35.88,12/13/2024
3541,267,5,477.3,12/13/2024
4651,977,4,12.32,12/13/2024
486,670,2,8.61,12/13/2024
3719,1426,9,136.26,12/13/2024
1182,430,3,186.15,12/13/2024
1182,804,6,81.79,12/13/2024
1182,1464,3,47.19,12/13/2024
1182,1821,2,36.78,12/13/2024
2339,1670,1,91.47,12/13/2024
3837,1537,3,27.19,12/13/2024
3837,815,5,12.06,12/13/2024
463,547,3,144.6,12/13/2024
463,1787,1,15.99,12/13/2024
27,1227,3,34.44,12/13/2024
11,1867,6,321.55,12/13/2024
4772,77,2,701.96,12/13/2024
665,589,4,19.46,12/13/2024
118,1008,6,17.28,12/13/2024
2118,157,2,31.96,12/13/2024
2870,749,6,164.69,12/13/2024
2870,357,2,166.5,12/13/2024
2870,1139,2,12.96,12/13/2024
2870,1254,2,110.96,12/13/2024
2870,1732,2,99.98,12/13/2024
2870,748,1,11.42,12/13/2024
2870,134,2,128.12,12/13/2024
2870,297,5,101.4,12/13/2024
817,956,2,5.9,12/13/2024
817,1088,7,173.49,12/13/2024
817,236,2,51.56,12/13/2024
817,824,3,3.56,12/13/2024
319,916,5,13.16,12/13/2024
319,691,3,3.83,12/13/2024
319,835,5,304.99,12/13/2024
3812,1313,2,18.16,12/13/2024
1573,1515,2,319.98,12/13/2024
270,632,6,19.68,12/13/2024
2720,36,10,781.86,12/13/2024
2720,1244,9,30.82,12/13/2024
3415,340,3,673.34,12/13/2024
4841,921,3,6.54,12/13/2024
1553,1751,2,572.8,12/13/2024
4514,490,7,197.05,12/13/2024
3044,832,8,2022.27,12/13/2024
3044,498,3,9.12,12/13/2024
4068,667,9,38.16,12/13/2024
1772,323,7,1592.85,12/13/2024
1772,824,2,11.88,12/13/2024
4575,1592,6,120,12/13/2024
4575,422,1,8.67,12/13/2024
3164,1184,1,4.41,12/13/2024
3164,1063,3,167.94,12/13/2024
3164,1233,10,67.8,12/13/2024
2460,212,3,26.94,12/13/2024
4473,189,3,32.04,12/13/2024
1718,492,9,32.13,12/13/2024
1718,576,1,2.88,12/13/2024
1914,1840,7,1091.93,12/13/2024
1914,1149,2,111.96,12/13/2024
585,566,2,26.7,12/13/2024
585,815,5,40.2,12/13/2024
585,628,3,13.89,12/13/2024
585,1331,6,689.82,12/13/2024
1774,555,9,38.34,12/13/2024
377,737,3,9.26,12/13/2024
3647,14,1,204.67,12/13/2024
2095,1555,5,1649.75,12/13/2024
3,1031,6,91.06,12/13/2024
639,592,14,54.21,12/13/2024
1111,1717,3,26.98,12/13/2024
1111,990,3,6.91,12/13/2024
1111,1391,3,435.5,12/13/2024
4742,392,4,81.08,12/13/2024
1717,1414,2,93.02,12/13/2024
798,1797,3,323.98,12/13/2024
798,1040,3,15.55,12/13/2024
798,1307,3,32.59,12/13/2024
3936,698,5,83.92,12/13/2024
3936,254,5,199.9,12/13/2024
3936,1692,3,31.18,12/13/2024
3936,700,6,172.75,12/13/2024
3936,727,2,9.3,12/13/2024
2840,1373,2,12.77,12/13/2024
3045,1209,2,52.76,12/13/2024
2864,1308,2,55.62,12/13/2024
1960,58,14,427.64,12/13/2024
1960,906,7,40.67,12/13/2024
1960,1315,2,33.48,12/13/2024
1960,761,2,9.73,12/13/2024
3295,222,3,8.86,12/13/2024
2453,23,2,477.67,12/13/2024
5007,1185,5,16.9,12/13/2024
5007,1028,2,39.96,12/13/2024
1276,127,7,191.97,12/13/2024
1264,1011,3,35.52,12/13/2024
1264,682,5,6.23,12/13/2024
1264,1218,2,56.7,12/13/2024
1264,38,3,369.2,12/13/2024
766,1567,2,1.98,12/13/2024
766,1054,2,75.88,12/13/2024
2196,1279,2,6.85,12/13/2024
2196,798,2,4.63,12/13/2024
2196,409,3,453.6,12/13/2024
1597,836,3,13.85,12/13/2024
1430,1353,6,577.58,12/13/2024
1634,1473,4,151.96,12/13/2024
2098,148,7,68.43,12/13/2024
958,275,5,71.12,12/13/2024
958,934,2,3.01,12/13/2024
1557,1231,7,184.66,12/13/2024
40,303,2,5.31,12/13/2024
2154,1577,5,132.52,12/13/2024
2154,1379,5,195.64,12/13/2024
2154,201,2,51.97,12/13/2024
2154,1545,3,431.98,12/13/2024
2154,1671,3,224.94,12/13/2024
2154,947,2,6,12/13/2024
1599,1137,2,11.76,12/13/2024
375,100,7,1125.49,12/13/2024
375,707,5,12.65,12/13/2024
375,612,2,4.03,12/13/2024
2900,1771,4,79.96,12/13/2024
983,769,6,6.73,12/13/2024
983,1336,2,33.57,12/13/2024
983,883,2,15.84,12/13/2024
983,994,1,24.42,12/13/2024
983,587,5,17.12,12/13/2024
1440,202,3,31.56,12/13/2024
1375,64,1,105.69,12/13/2024
1375,1686,2,399.54,12/13/2024
1375,131,5,104.93,12/13/2024
3867,1855,3,1079.85,12/13/2024
3867,1343,1,70.98,12/13/2024
3867,544,5,29.95,12/13/2024
3867,104,5,589.41,12/13/2024
1812,933,6,9.65,12/13/2024
3111,19,1,400.78,12/13/2024
3457,1305,4,53.72,12/13/2024
2649,1171,1,31.01,12/13/2024
1827,743,5,61.12,12/13/2024
4857,1345,4,195.14,12/13/2024
3030,484,4,121.54,12/13/2024
236,1205,3,17.47,12/13/2024
236,725,9,104.58,12/13/2024
4520,269,5,24.7,12/13/2024
4520,276,5,302.72,12/13/2024
3002,1190,2,8.56,12/13/2024
3002,1240,2,11.56,12/13/2024
2902,411,3,25.86,12/13/2024
2902,821,2,276.78,12/13/2024
2902,1695,3,110.35,12/13/2024
1453,260,3,60.84,12/13/2024
1024,426,1,35.21,12/13/2024
2975,1241,8,41.47,12/13/2024
1975,1103,5,239.5,12/13/2024
372,1461,5,34.2,12/13/2024
2162,360,3,376.87,12/13/2024
1315,446,4,197.72,12/13/2024
4829,1532,4,70.72,12/13/2024
4829,1372,3,194.35,12/13/2024
3131,1017,6,21.6,12/13/2024
3131,951,3,11.07,12/13/2024
2179,215,4,282.84,12/13/2024
2179,977,9,27.72,12/13/2024
3686,914,4,11.68,12/13/2024
1855,1725,2,239.98,12/13/2024
355,440,1,22.98,12/13/2024
355,1547,7,102.13,12/13/2024
355,780,2,2033.58,12/13/2024
2324,550,2,5.76,12/13/2024
4006,1617,3,899.98,12/13/2024
4006,611,3,86.35,12/13/2024
4006,1534,5,139.96,12/13/2024
196,415,6,16.7,12/13/2024
196,1536,2,3.15,12/13/2024
196,1030,4,32.9,12/13/2024
3552,384,2,21.39,12/13/2024
3552,351,3,307.31,12/13/2024
3552,6,3,410,12/13/2024
2885,1138,2,9.25,12/13/2024
477,726,3,14.67,12/13/2024
227,1198,7,37.41,12/13/2024
227,779,2,3.44,12/13/2024
2779,747,3,7.15,12/13/2024
2779,1812,6,179.7,12/13/2024
3894,472,8,90.64,12/13/2024
604,1485,3,177,12/13/2024
604,1313,7,79.45,12/13/2024
604,61,9,1628.82,12/13/2024
299,263,2,137.54,12/13/2024
299,354,4,730.2,12/13/2024
4844,1138,2,11.56,12/13/2024
1021,321,13,4297.64,12/13/2024
67,485,5,20.65,12/13/2024
67,1329,5,204.9,12/13/2024
67,97,6,436.7,12/13/2024
67,126,2,481.57,12/13/2024
4761,1522,7,89.54,12/13/2024
4761,1377,2,35.17,12/13/2024
4761,669,2,72.59,12/13/2024
597,1326,4,221.16,12/13/2024
597,1763,3,281.97,12/13/2024
1807,19,8,3406.66,12/13/2024
1807,618,9,37.17,12/13/2024
1807,380,2,64.96,12/13/2024
1807,243,6,595.38,12/13/2024
4039,1516,2,95.98,12/13/2024
4039,829,2,4.94,12/13/2024
659,201,3,97.44,12/13/2024
659,775,1,3.98,12/13/2024
659,605,4,13.04,12/13/2024
659,136,4,579.53,12/13/2024
10,974,5,18.75,12/13/2024
220,1174,2,78.3,12/13/2024
2596,65,1,140.81,12/13/2024
1268,962,4,40.1,12/13/2024
1268,209,2,40.78,12/13/2024
4788,1554,3,90.57,12/13/2024
4966,1133,6,40.08,12/13/2024
4966,320,2,37.68,12/13/2024
3379,93,3,362.35,12/13/2024
3379,811,2,7.18,12/13/2024
1593,1308,1,34.76,12/13/2024
1593,1530,5,831.2,12/13/2024
1593,1058,5,26.4,12/13/2024
1593,852,7,106.75,12/13/2024
1593,1210,2,97.82,12/13/2024
1593,1398,5,141.4,12/13/2024
191,592,3,14.52,12/13/2024
4964,1310,5,127.92,12/13/2024
4964,731,4,34.24,12/13/2024
1082,424,2,137.62,12/13/2024
1082,1869,1,100.49,12/13/2024
4827,15,2,257.57,12/13/2024
4827,1863,4,119.96,12/13/2024
601,1342,4,49.63,12/13/2024
4509,373,5,727.45,12/13/2024
4509,193,3,24.96,12/13/2024
4800,1798,3,370.78,12/13/2024
3178,302,5,196.45,12/13/2024
1149,1219,6,31.1,12/13/2024
1149,1379,2,78.26,12/13/2024
2446,1018,1,6.48,12/13/2024
217,546,5,99.2,12/13/2024
217,68,2,801.57,12/13/2024
217,368,1,272.85,12/13/2024
3655,376,1,70.98,12/13/2024
570,1122,2,16.22,12/13/2024
4541,29,1,176.78,12/13/2024
3049,1718,3,470.38,12/13/2024
3180,98,4,393.57,12/13/2024
3180,1785,3,302.38,12/13/2024
4996,689,9,68.74,12/13/2024
917,876,3,29.34,12/13/2024
917,66,7,383.61,12/13/2024
917,1320,4,563.4,12/13/2024
1992,1099,7,217.06,12/13/2024
3891,997,2,6,12/13/2024
2441,202,3,31.56,12/13/2024
488,930,2,7.1,12/13/2024
488,830,8,398.35,12/13/2024
518,471,4,121.79,12/13/2024
518,323,3,409.59,12/13/2024
674,1092,2,10.56,12/13/2024
674,595,1,3.38,12/13/2024
3715,876,1,7.82,12/13/2024
1701,1036,1,24.78,12/13/2024
4763,521,3,34.65,12/13/2024
913,835,2,487.98,12/13/2024
3635,695,2,1793.98,12/13/2024
804,868,2,29.81,12/13/2024
804,825,4,505.18,12/13/2024
804,337,3,174.06,12/13/2024
2329,1310,6,191.88,12/13/2024
2490,1868,2,14.78,12/13/2024
4138,1247,1,5.18,12/13/2024
4138,51,2,478.48,12/13/2024
4138,1559,2,28.4,12/13/2024
3887,1384,8,909.12,12/13/2024
4657,713,2,2.95,12/13/2024
4657,642,6,27.02,12/13/2024
1570,294,4,136.92,12/13/2024
2934,174,2,18.96,12/13/2024
1791,1577,3,99.39,12/13/2024
3228,1140,7,273.9,12/13/2024
3228,1674,3,597.13,12/13/2024
47,1574,5,149.95,12/13/2024
3302,990,2,4.61,12/13/2024
3302,552,3,15.53,12/13/2024
3302,969,3,11.95,12/13/2024
882,526,5,11.65,12/13/2024
1110,1750,2,299.9,12/13/2024
4781,766,5,895.92,12/13/2024
4781,119,2,462.56,12/13/2024
1126,1380,2,15.01,12/13/2024
2577,1846,9,863.64,12/13/2024
2577,491,3,47.62,12/13/2024
3345,1206,3,92.94,12/13/2024
2869,1517,2,199.98,12/13/2024
4621,1723,3,177.48,12/13/2024
3229,1254,2,88.77,12/13/2024
4727,1151,1,6.48,12/13/2024
4727,1414,1,46.51,12/13/2024
4727,1843,3,659.98,12/13/2024
2501,1780,1,271.99,12/13/2024
4024,4,3,145.74,12/13/2024
4024,194,5,15.4,12/13/2024
2832,1210,5,244.55,12/13/2024
2832,1499,8,166.16,12/13/2024
1350,220,3,14.73,12/13/2024
1884,729,2,19.97,12/13/2024
1884,1350,7,33.49,12/13/2024
1884,706,4,8.74,12/13/2024
1884,123,3,662.88,12/13/2024
3683,1011,4,47.36,12/13/2024
3683,1420,2,27.44,12/13/2024
3683,724,9,3.24,12/13/2024
1825,1494,4,95.97,12/13/2024
1825,1080,2,10.37,12/13/2024
3956,495,2,23.1,12/13/2024
3956,179,2,11.54,12/13/2024
3956,339,1,254.53,12/13/2024
3956,388,1,12.98,12/13/2024
3956,848,8,26.43,12/13/2024
3956,1831,3,197.97,12/13/2024
3956,971,6,18.9,12/13/2024
3956,106,5,1282.41,12/13/2024
3956,624,3,4.92,12/13/2024
3956,1549,2,238,12/13/2024
3956,1467,3,167.97,12/13/2024
3956,1244,4,17.12,12/13/2024
3028,786,3,16.2,12/13/2024
3028,472,3,33.99,12/13/2024
3028,1553,5,296.85,12/13/2024
3028,1529,6,112.8,12/13/2024
3028,762,3,13.71,12/13/2024
3028,1182,5,24.9,12/13/2024
3028,1295,3,286.29,12/13/2024
3028,450,2,24.18,12/13/2024
4113,1763,3,281.97,12/13/2024
4113,1432,5,69.5,12/13/2024
4113,1089,3,166.44,12/13/2024
3144,1597,4,291.96,12/13/2024
3601,631,3,6.41,12/13/2024
3601,1597,7,408.74,12/13/2024
582,691,4,5.1,12/13/2024
582,935,2,2.9,12/13/2024
582,1547,3,35.02,12/13/2024
138,1352,3,275.97,12/13/2024
138,1774,5,1394.95,12/13/2024
138,112,6,545.88,12/13/2024
924,478,2,5.25,12/13/2024
1893,121,4,933.54,12/13/2024
1893,1337,4,42.98,12/13/2024
1049,814,2,3.76,12/13/2024
271,1829,4,479.96,12/13/2024
743,384,6,320.88,12/13/2024
743,206,3,23.88,12/13/2024
743,1064,4,26.76,12/13/2024
2437,1613,4,1439.98,12/13/2024
1156,738,3,17.22,12/13/2024
1156,351,7,1024.38,12/13/2024
1156,853,3,26.22,12/13/2024
1156,1161,3,17.34,12/13/2024
3036,848,4,4.96,12/13/2024
3482,1000,6,71.04,12/13/2024
3482,551,2,5.34,12/13/2024
3482,943,3,11.3,12/13/2024
4924,432,5,294.62,12/13/2024
4924,289,4,8.75,12/13/2024
395,985,4,15,12/13/2024
395,1825,1,161.61,12/13/2024
395,1743,5,144.95,12/13/2024
4116,1513,5,199.95,12/13/2024
4116,513,7,41.86,12/13/2024
4074,1310,3,95.94,12/13/2024
4074,66,5,304.45,12/13/2024
4912,840,3,11.36,12/13/2024
148,476,7,29.68,12/13/2024
148,1471,7,47.53,12/13/2024
4107,27,2,183.37,12/13/2024
209,517,3,4.22,12/13/2024
209,419,2,333.06,12/13/2024
209,1160,4,24.9,12/13/2024
1540,1510,2,159.98,12/13/2024
1540,1330,3,46.34,12/13/2024
2408,77,1,350.98,12/13/2024
2408,1059,2,13.08,12/13/2024
2408,1407,4,900.08,12/13/2024
982,644,2,17.57,12/13/2024
982,950,2,14.62,12/13/2024
982,1435,4,33.36,12/13/2024
982,1191,6,40.14,12/13/2024
2771,1348,9,1606.23,12/13/2024
2771,1174,3,17.04,12/13/2024
2771,843,3,49.53,12/13/2024
2771,129,4,872.32,12/13/2024
4780,758,5,239.12,12/13/2024
997,44,2,141.96,12/13/2024
1911,735,2,33.02,12/13/2024
1911,722,4,67.14,12/13/2024
1034,657,3,14.73,12/13/2024
1034,1336,5,104.9,12/13/2024
1034,790,4,61.04,12/13/2024
1034,1097,3,10.95,12/13/2024
2149,1167,2,9.39,12/13/2024
2149,489,1,9.33,12/13/2024
4050,763,2,8.26,12/13/2024
4050,102,3,269.97,12/13/2024
1044,1196,3,29.04,12/13/2024
1044,987,2,14.62,12/13/2024
1094,1120,3,11.95,12/13/2024
1094,837,7,4.54,12/13/2024
1094,790,2,9.16,12/13/2024
1094,320,5,75.36,12/13/2024
865,842,6,57.5,12/13/2024
4968,533,7,38.86,12/13/2024
364,1119,3,15.55,12/13/2024
2197,467,2,162.64,12/13/2024
2197,1748,3,597,12/13/2024
2197,1254,1,55.48,12/13/2024
1358,313,7,289.8,12/13/2024
1358,806,3,2.5,12/13/2024
1358,786,4,6.48,12/13/2024
1358,114,8,341.49,12/13/2024
1358,597,5,11.12,12/13/2024
1358,250,6,25.34,12/13/2024
2265,179,3,17.31,12/13/2024
3203,1495,5,199.95,12/13/2024
3203,90,7,1586.69,12/13/2024
3203,1484,1,84.99,12/13/2024
3203,372,2,411.8,12/13/2024
88,931,3,11.34,12/13/2024
88,1412,5,80.3,12/13/2024
88,746,2,15.97,12/13/2024
88,1053,13,64.74,12/13/2024
88,815,3,19.3,12/13/2024
88,1363,4,405.64,12/13/2024
88,114,3,146.35,12/13/2024
88,1593,9,251.91,12/13/2024
88,519,3,12.39,12/13/2024
1242,1548,4,199.96,12/13/2024
1242,363,3,710.83,12/13/2024
2422,653,1,1.94,12/13/2024
4778,116,5,283.92,12/13/2024
2158,762,2,7.31,12/13/2024
3258,1565,3,59.97,12/13/2024
3258,1779,7,761.54,12/13/2024
387,199,3,58.2,12/13/2024
3611,1255,5,39.9,12/13/2024
3611,388,7,90.86,12/13/2024
3611,1261,5,94.85,12/13/2024
1057,1101,7,106.23,12/13/2024
1057,1766,2,111.98,12/13/2024
1057,241,2,7.71,12/13/2024
2904,1195,6,37.44,12/13/2024
137,1000,2,23.68,12/13/2024
2328,994,4,122.12,12/13/2024
2328,951,5,18.45,12/13/2024
2328,1298,5,324.9,12/13/2024
2328,1210,3,146.73,12/13/2024
2328,941,2,3.96,12/13/2024
1322,1002,2,5.76,12/13/2024
4117,808,3,26.55,12/13/2024
4117,374,3,310.44,12/13/2024
551,124,5,479.9,12/13/2024
1459,1458,1,12.88,12/13/2024
4492,511,5,13.12,12/13/2024
4640,711,8,511.84,12/13/2024
4640,626,4,91.96,12/13/2024
4640,604,3,8.34,12/13/2024
3299,1317,3,37.68,12/13/2024
3299,1551,7,279.94,12/13/2024
4287,1299,3,636.41,12/13/2024
4287,506,4,83.17,12/13/2024
279,91,4,259.14,12/13/2024
4139,1048,4,221.92,12/13/2024
4139,1497,2,26,12/13/2024
4354,1287,3,15.55,12/13/2024
4316,778,1,0.88,12/13/2024
1648,1028,1,19.98,12/13/2024
1648,830,3,398.35,12/13/2024
1648,619,3,5.04,12/13/2024
1648,910,5,17.45,12/13/2024
1648,122,4,323.14,12/13/2024
1648,1455,3,29.7,12/13/2024
1648,1741,4,1295.84,12/13/2024
1648,1403,2,46.84,12/13/2024
1648,19,1,425.83,12/13/2024
1587,329,1,209.67,12/13/2024
2171,1163,7,159.88,12/13/2024
3907,1177,1,5.28,12/13/2024
3907,766,5,895.92,12/13/2024
5004,647,3,2.81,12/13/2024
3962,102,3,215.98,12/13/2024
4142,16,2,241.96,12/13/2024
4142,949,9,27.72,12/13/2024
3703,881,5,104.68,12/13/2024
3703,1717,7,62.96,12/13/2024
318,1468,3,86.38,12/13/2024
1257,266,3,64.94,12/13/2024
1257,1100,4,20.74,12/13/2024
4227,381,4,33.28,12/13/2024
4227,623,9,38.52,12/13/2024
4227,141,7,139.86,12/13/2024
1552,1242,3,19.65,12/13/2024
1091,785,3,152.99,12/13/2024
1091,904,7,10.58,12/13/2024
1091,1796,4,94.92,12/13/2024
1548,222,5,14.76,12/13/2024
1548,762,4,3.66,12/13/2024
4963,1256,3,146.82,12/13/2024
696,802,9,149.54,12/13/2024
696,1440,2,17.14,12/13/2024
696,355,3,991.76,12/13/2024
2560,1282,6,30.48,12/13/2024
2560,1771,2,23.99,12/13/2024
2560,929,7,16.69,12/13/2024
4662,100,3,422.06,12/13/2024
4662,841,4,38.09,12/13/2024
4662,1358,6,254.35,12/13/2024
508,283,1,43.31,12/13/2024
2867,1738,5,84.95,12/13/2024
4900,79,3,233.06,12/13/2024
778,1514,7,111.79,12/13/2024
1108,1182,3,14.94,12/13/2024
1971,808,2,14.16,12/13/2024
4569,320,3,22.61,12/13/2024
1866,913,6,21.48,12/13/2024
297,1334,3,501.81,12/13/2024
297,1346,3,161.94,12/13/2024
3774,636,4,17.86,12/13/2024
2631,819,3,8.81,12/13/2024
2340,243,1,79.38,12/13/2024
1734,594,1,34.58,12/13/2024
4120,1268,3,314.55,12/13/2024
2535,1539,3,191.98,12/13/2024
2535,1060,2,8.29,12/13/2024
2535,258,5,139.92,12/13/2024
2535,546,1,15.87,12/13/2024
2535,811,7,6.29,12/13/2024
3155,615,3,14.02,12/13/2024
3155,1488,3,71.98,12/13/2024
3155,1832,3,107.98,12/13/2024
4894,129,2,305.31,12/13/2024
618,829,3,19.75,12/13/2024
1881,737,3,9.26,12/13/2024
1230,1330,4,61.79,12/13/2024
2099,1074,2,45.68,12/13/2024
2099,1202,9,60.12,12/13/2024
2099,705,5,41.72,12/13/2024
2099,1110,8,71.6,12/13/2024
2146,654,7,85.23,12/13/2024
2146,1000,3,44.4,12/13/2024
2146,84,4,442.76,12/13/2024
2146,1630,5,3999.95,12/13/2024
2146,1513,5,199.95,12/13/2024
2146,206,8,63.68,12/13/2024
3301,749,2,54.9,12/13/2024
1721,1535,2,29,12/13/2024
3659,885,6,70.08,12/13/2024
3659,270,2,121.3,12/13/2024
3659,1825,9,1454.49,12/13/2024
1998,392,3,60.81,12/13/2024
2138,711,3,153.55,12/13/2024
2138,418,3,65.34,12/13/2024
2138,1088,4,123.92,12/13/2024
2138,385,3,35.1,12/13/2024
2138,1556,5,44.75,12/13/2024
2266,503,2,4.7,12/13/2024
723,540,3,14.67,12/13/2024
1267,1213,3,15.55,12/13/2024
1267,1059,1,5.23,12/13/2024
4349,205,6,22.2,12/13/2024
4349,1785,7,881.93,12/13/2024
1307,732,2,6.1,12/13/2024
1307,311,3,191.82,12/13/2024
1170,185,1,20.1,12/13/2024
2711,490,3,67.56,12/13/2024
4202,683,7,29.93,12/13/2024
4202,1739,4,38.27,12/13/2024
1185,485,4,16.52,12/13/2024
311,1721,7,832.93,12/13/2024
311,778,10,43.8,12/13/2024
2677,455,6,167.29,12/13/2024
2979,262,1,27.42,12/13/2024
3396,724,1,1.44,12/13/2024
3396,720,13,61.78,12/13/2024
3396,390,2,241.96,12/13/2024
3396,58,4,108.61,12/13/2024
611,583,2,2.82,12/13/2024
3422,647,4,9.98,12/13/2024
3422,1355,1,14.98,12/13/2024
3422,1751,4,1145.6,12/13/2024
1220,1741,2,485.94,12/13/2024
1220,615,8,37.38,12/13/2024
1220,133,1,70.69,12/13/2024
3243,1237,3,54.82,12/13/2024
1797,17,1,72.29,12/13/2024
3420,935,2,2.9,12/13/2024
3420,1781,1,124.79,12/13/2024
2303,355,1,330.59,12/13/2024
350,825,2,673.57,12/13/2024
350,438,2,52.98,12/13/2024
3937,151,5,526.45,12/13/2024
3443,1406,5,228.92,12/13/2024
1105,1719,4,319.97,12/13/2024
2893,1491,7,205.03,12/13/2024
1413,1295,2,190.86,12/13/2024
1413,498,8,24.32,12/13/2024
2045,1434,5,44.4,12/13/2024
4129,305,2,44.4,12/13/2024
2423,780,1,1016.79,12/13/2024
2423,764,7,38.14,12/13/2024
4583,1843,3,494.98,12/13/2024
2879,1398,2,56.56,12/13/2024
2879,604,2,5.56,12/13/2024
2879,942,2,9.02,12/13/2024
2879,411,1,8.62,12/13/2024
2879,1843,3,659.98,12/13/2024
1017,1264,2,13.36,12/13/2024
1017,705,5,41.72,12/13/2024
1017,662,5,11.52,12/13/2024
1017,408,6,541.44,12/13/2024
1017,1053,3,19.44,12/13/2024
1979,1265,3,143.7,12/13/2024
1689,393,3,43.26,12/13/2024
1689,418,2,43.56,12/13/2024
2709,1757,3,437.85,12/13/2024
2709,317,2,109.48,12/13/2024
2920,50,7,1212.96,12/13/2024
2920,1129,2,18.54,12/13/2024
1028,925,1,5,12/13/2024
1028,1525,3,371.97,12/13/2024
4432,1530,1,166.24,12/13/2024
3271,40,3,359.97,12/13/2024
2186,1583,2,499.98,12/13/2024
2186,1177,1,5.28,12/13/2024
2186,848,2,8.26,12/13/2024
3792,1245,2,7.97,12/13/2024
3555,1154,2,12.96,12/13/2024
2926,1194,1,6.48,12/13/2024
2926,771,1,6.98,12/13/2024
4099,620,5,47.96,12/13/2024
830,1390,6,199.74,12/13/2024
1370,153,7,435.26,12/13/2024
1370,1620,2,1119.98,12/13/2024
678,338,1,143.43,12/13/2024
678,96,3,122.35,12/13/2024
64,1417,5,306.2,12/13/2024
64,326,1,85.98,12/13/2024
64,1467,4,223.96,12/13/2024
3649,114,2,97.57,12/13/2024
3649,124,8,614.27,12/13/2024
3649,45,2,199.98,12/13/2024
2202,1189,7,48.16,12/13/2024
1497,1739,2,23.92,12/13/2024
1497,422,7,60.69,12/13/2024
1894,1248,3,14.35,12/13/2024
4110,461,2,35.04,12/13/2024
4786,423,5,17.48,12/13/2024
3669,554,5,16.4,12/13/2024
3096,341,2,892.98,12/13/2024
1451,1740,3,287.97,12/13/2024
1451,243,6,595.38,12/13/2024
1451,1090,2,12.96,12/13/2024
1208,1699,1,4.95,12/13/2024
3370,270,3,181.95,12/13/2024
984,1185,4,13.52,12/13/2024
984,172,5,259.7,12/13/2024
984,1736,1,42.95,12/13/2024
984,1515,7,1399.93,12/13/2024
984,1789,4,503.96,12/13/2024
2650,1733,9,3023.93,12/13/2024
2650,1527,2,26.96,12/13/2024
2650,1748,3,477.6,12/13/2024
3458,1351,3,193.95,12/13/2024
4397,1247,2,12.96,12/13/2024
3945,254,3,119.94,12/13/2024
3945,197,3,12.42,12/13/2024
2109,750,7,18.09,12/13/2024
2109,898,3,71.97,12/13/2024
3714,969,3,14.94,12/13/2024
1240,521,7,64.68,12/13/2024
4902,1817,5,22,12/13/2024
1937,1053,2,7.97,12/13/2024
1937,1791,5,1499.97,12/13/2024
4346,1390,1,26.63,12/13/2024
2281,193,4,41.6,12/13/2024
4244,893,6,64.02,12/13/2024
2386,526,3,6.99,12/13/2024
2386,1457,1,6.84,12/13/2024
1189,1297,2,323.1,12/13/2024
1189,1819,9,668.16,12/13/2024
3267,1013,3,8.64,12/13/2024
3267,1212,6,38.88,12/13/2024
3267,185,8,201.04,12/13/2024
3267,1035,2,12.96,12/13/2024
3174,1481,1,16.59,12/13/2024
3116,582,6,35.1,12/13/2024
4861,653,9,11.65,12/13/2024
4887,1112,5,32.4,12/13/2024
4887,1827,4,503.96,12/13/2024
3608,524,4,7.04,12/13/2024
1190,14,3,614,12/13/2024
901,1361,11,470.36,12/13/2024
3409,1060,6,31.08,12/13/2024
3409,1439,2,7.3,12/13/2024
4659,440,4,73.54,12/13/2024
538,1001,5,491.55,12/13/2024
2048,174,4,30.34,12/13/2024
3883,1277,3,22.83,12/13/2024
3883,379,4,54.32,12/13/2024
3883,1712,3,196.78,12/13/2024
1777,935,2,3.62,12/13/2024
3748,1216,1,11.54,12/13/2024
3748,785,5,849.95,12/13/2024
3748,759,3,11.01,12/13/2024
3325,843,3,39.62,12/13/2024
2665,128,3,242.14,12/13/2024
2665,485,3,12.39,12/13/2024
2665,272,2,19.96,12/13/2024
2665,1384,3,340.92,12/13/2024
184,184,2,273.57,12/13/2024
184,788,2,13.19,12/13/2024
184,1407,6,1080.1,12/13/2024
184,1493,5,51.56,12/13/2024
184,1606,2,58.42,12/13/2024
1955,700,2,57.58,12/13/2024
4637,501,4,37.31,12/13/2024
1819,1771,5,79.96,12/13/2024
1819,1467,5,223.96,12/13/2024
4128,1381,2,221.02,12/13/2024
2009,225,2,18.96,12/13/2024
1788,76,3,326.65,12/13/2024
1788,1574,3,89.97,12/13/2024
19,803,13,296.71,12/13/2024
1033,899,2,12.22,12/13/2024
3643,1494,3,89.97,12/13/2024
4143,405,7,286.86,12/13/2024
4143,1870,5,979.95,12/13/2024
4143,1441,2,4.36,12/13/2024
159,694,2,10.05,12/13/2024
159,1297,5,807.75,12/13/2024
3297,587,8,34.24,12/13/2024
186,75,13,500.24,12/13/2024
186,1037,2,20.12,12/13/2024
186,695,1,896.99,12/13/2024
351,1115,1,5.88,12/13/2024
4359,1857,2,269.98,12/13/2024
3394,1383,2,310.12,12/13/2024
3394,819,6,70.46,12/13/2024
3394,713,5,19.68,12/13/2024
3394,401,3,140.67,12/13/2024
1026,49,5,4404.9,12/13/2024
3432,962,5,62.65,12/13/2024
2275,971,3,9.45,12/13/2024
3634,870,4,268.58,12/13/2024
3557,323,2,364.08,12/13/2024
3557,332,2,71.09,12/13/2024
4289,143,2,10.98,12/13/2024
4289,106,4,797.94,12/13/2024
2606,1543,2,159.98,12/13/2024
1909,575,2,5.34,12/13/2024
1909,521,3,27.72,12/13/2024
4686,647,1,2.5,12/13/2024
3080,958,2,8.26,12/13/2024
3080,710,2,17.76,12/13/2024
3080,1335,3,332.94,12/13/2024
3080,346,2,292.1,12/13/2024
3080,1835,5,206.1,12/13/2024
3080,1184,4,17.64,12/13/2024
2427,77,5,1403.92,12/13/2024
3979,494,2,4.3,12/13/2024
262,1483,3,239.97,12/13/2024
262,405,2,81.96,12/13/2024
262,1428,2,238.62,12/13/2024
286,1697,5,139.8,12/13/2024
2848,713,2,9.84,12/13/2024
2848,1160,1,7.78,12/13/2024
2863,644,5,54.9,12/13/2024
3644,1049,6,50.04,12/13/2024
2063,12,5,339.92,12/13/2024
2063,1117,4,10.53,12/13/2024
2063,438,2,42.38,12/13/2024
1769,1029,5,123.92,12/13/2024
2641,1849,1,135.95,12/13/2024
794,849,8,2177.58,12/13/2024
794,308,3,17.5,12/13/2024
794,698,4,16.78,12/13/2024
794,1526,9,431.14,12/13/2024
794,710,5,8.88,12/13/2024
794,450,2,4.84,12/13/2024
2524,1757,3,437.85,12/13/2024
2524,825,2,673.57,12/13/2024
1462,1159,5,274.8,12/13/2024
1462,1418,1,62.18,12/13/2024
1462,197,2,8.28,12/13/2024
1539,675,3,48.81,12/13/2024
4228,131,5,149.9,12/13/2024
3690,14,5,1023.33,12/13/2024
3690,120,3,600.56,12/13/2024
3690,1608,1,39.99,12/13/2024
3690,74,2,211.25,12/13/2024
335,885,6,56.06,12/13/2024
335,107,2,107.77,12/13/2024
335,1113,1,4.83,12/13/2024
335,676,3,18.24,12/13/2024
2104,777,3,3.8,12/13/2024
1169,518,2,10.37,12/13/2024
1169,1870,2,235.19,12/13/2024
1169,1716,4,26.38,12/13/2024
1169,1478,2,10.38,12/13/2024
1169,1769,3,107.12,12/13/2024
3564,1432,7,97.3,12/13/2024
1100,813,2,3.33,12/13/2024
1100,1779,1,135.99,12/13/2024
1100,222,1,7.38,12/13/2024
2261,240,2,45.57,12/13/2024
2261,842,8,28.75,12/13/2024
2959,66,4,194.85,12/13/2024
3708,685,2,2.11,12/13/2024
4286,1042,5,25.92,12/13/2024
4286,549,4,120.77,12/13/2024
1973,1095,4,25.92,12/13/2024
1973,495,3,34.65,12/13/2024
1973,1024,5,204.95,12/13/2024
1973,818,5,79.95,12/13/2024
1612,1181,7,173.49,12/13/2024
1612,1297,4,516.96,12/13/2024
1612,178,7,173.21,12/13/2024
1612,604,2,4.45,12/13/2024
1612,974,3,9,12/13/2024
1612,1093,10,42.24,12/13/2024
1612,741,2,18.26,12/13/2024
4344,451,3,152.91,12/13/2024
4344,1029,3,92.94,12/13/2024
4344,736,4,17.86,12/13/2024
4344,782,3,46.44,12/13/2024
4344,114,4,195.14,12/13/2024
4195,1351,2,129.3,12/13/2024
4195,839,3,11.57,12/13/2024
4948,122,3,242.35,12/13/2024
169,1584,4,319.97,12/13/2024
169,194,7,8.62,12/13/2024
426,1111,1,3.98,12/13/2024
3411,1521,7,895.94,12/13/2024
2114,319,4,14,12/13/2024
2114,703,2,16.39,12/13/2024
4578,1026,5,10.9,12/13/2024
4578,1000,2,29.6,12/13/2024
4578,972,1,4.98,12/13/2024
4578,1616,3,479.98,12/13/2024
4578,1814,8,44.74,12/13/2024
4578,550,2,5.76,12/13/2024
4578,60,4,483.14,12/13/2024
735,972,4,15.94,12/13/2024
735,186,7,61.54,12/13/2024
735,1326,3,132.7,12/13/2024
4180,411,5,43.1,12/13/2024
4180,296,5,511.5,12/13/2024
4180,822,5,147.92,12/13/2024
524,568,2,39.68,12/13/2024
2602,165,2,12.56,12/13/2024
2602,709,3,90.48,12/13/2024
2602,1059,2,13.08,12/13/2024
2602,219,5,214.7,12/13/2024
3577,224,4,50.32,12/13/2024
3577,1271,2,24.56,12/13/2024
254,1065,6,43.68,12/13/2024
1638,339,8,3393.68,12/13/2024
3069,1356,5,67.4,12/13/2024
3069,938,2,2.52,12/13/2024
3069,1694,4,67.8,12/13/2024
3069,1380,2,18.76,12/13/2024
3069,1503,4,12.12,12/13/2024
3069,1259,1,11.34,12/13/2024
3069,1590,4,159.8,12/13/2024
3069,174,2,18.96,12/13/2024
4386,1383,7,1085.42,12/13/2024
4386,391,3,13.11,12/13/2024
183,219,2,68.7,12/13/2024
183,660,2,3.13,12/13/2024
183,708,3,22.43,12/13/2024
3736,1391,2,290.34,12/13/2024
3736,633,2,19.15,12/13/2024
1709,1278,1,6.48,12/13/2024
2753,882,2,63.97,12/13/2024
1203,1453,2,6.36,12/13/2024
4994,1299,4,848.54,12/13/2024
4994,648,5,8.7,12/13/2024
4994,1838,3,122.38,12/13/2024
2050,99,7,573.17,12/13/2024
862,1052,3,85.06,12/13/2024
633,646,3,14.04,12/13/2024
633,1465,13,272.61,12/13/2024
161,861,2,11.16,12/13/2024
161,1499,3,62.31,12/13/2024
161,1483,2,159.98,12/13/2024
565,937,3,5.94,12/13/2024
4186,1053,2,9.96,12/13/2024
1157,1483,1,79.99,12/13/2024
4124,557,3,8.94,12/13/2024
4553,1294,2,20.62,12/13/2024
4553,1559,7,124.25,12/13/2024
4553,1769,5,297.55,12/13/2024
4553,128,4,403.56,12/13/2024
4553,196,5,95.2,12/13/2024
193,1605,11,153.82,12/13/2024
662,1124,2,62.02,12/13/2024
1897,299,3,466.32,12/13/2024
1897,312,2,82.64,12/13/2024
4237,321,1,330.59,12/13/2024
3147,1296,3,237.1,12/13/2024
3147,174,3,22.75,12/13/2024
3147,1145,1,6.67,12/13/2024
269,304,3,25.13,12/13/2024
269,1543,2,127.98,12/13/2024
4413,320,7,131.88,12/13/2024
4413,705,3,25.03,12/13/2024
4413,51,3,717.72,12/13/2024
4413,223,5,207.35,12/13/2024
4413,288,3,44.67,12/13/2024
4413,1084,2,209.7,12/13/2024
4327,756,7,115.36,12/13/2024
1227,74,3,362.14,12/13/2024
1227,955,3,31.05,12/13/2024
4012,1241,2,12.96,12/13/2024
4012,1031,5,94.85,12/13/2024
4012,1356,1,13.48,12/13/2024
4012,138,3,14.91,12/13/2024
877,882,1,39.98,12/13/2024
2461,64,5,528.43,12/13/2024
2461,818,7,22.39,12/13/2024
151,774,3,5.74,12/13/2024
4978,1519,4,191.97,12/13/2024
1584,802,3,49.85,12/13/2024
1584,898,1,23.99,12/13/2024
1584,785,8,1087.94,12/13/2024
1584,1772,2,199.98,12/13/2024
1584,1336,4,83.92,12/13/2024
2156,149,3,24.27,12/13/2024
2156,1620,5,2799.96,12/13/2024
870,692,2,9.87,12/13/2024
870,42,4,683.33,12/13/2024
870,1279,7,29.96,12/13/2024
765,1866,3,164.85,12/13/2024
1928,449,3,33.53,12/13/2024
1928,1357,3,36.74,12/13/2024
3463,749,3,102.93,12/13/2024
2722,332,2,71.09,12/13/2024
2791,314,5,60.35,12/13/2024
2791,1434,4,35.52,12/13/2024
2791,488,7,11.2,12/13/2024
4086,1514,14,223.58,12/13/2024
529,1335,9,998.82,12/13/2024
529,1446,5,51.15,12/13/2024
1405,1307,3,40.74,12/13/2024
149,1045,1,3.42,12/13/2024
149,1587,3,151.2,12/13/2024
3230,110,6,1925.88,12/13/2024
3230,442,8,2405.2,12/13/2024
3230,1593,3,83.97,12/13/2024
3230,1512,1,39.89,12/13/2024
3230,728,2,17.38,12/13/2024
1347,688,2,55.26,12/13/2024
1347,1293,1,6.48,12/13/2024
1347,674,3,34.25,12/13/2024
1347,348,2,273.57,12/13/2024
4293,1129,5,46.35,12/13/2024
4293,1251,4,223.92,12/13/2024
4293,1439,2,7.3,12/13/2024
3550,531,2,9.34,12/13/2024
3625,1531,1,18,12/13/2024
1676,1070,2,65.58,12/13/2024
1676,41,4,383.47,12/13/2024
1382,1208,2,10.37,12/13/2024
2419,234,1,13.4,12/13/2024
2419,1046,1,4.98,12/13/2024
2419,900,7,109.69,12/13/2024
3876,815,5,40.2,12/13/2024
3876,834,2,735.98,12/13/2024
3876,453,7,22.75,12/13/2024
849,758,2,119.56,12/13/2024
849,490,5,140.75,12/13/2024
2170,850,2,99.57,12/13/2024
4517,1838,5,271.96,12/13/2024
4517,631,7,18.69,12/13/2024
4517,1075,2,13.36,12/13/2024
4517,1781,2,249.58,12/13/2024
4517,937,7,13.86,12/13/2024
4517,795,4,13.38,12/13/2024
4517,725,14,437.47,12/13/2024
4461,326,1,85.98,12/13/2024
4076,1010,5,16.52,12/13/2024
4681,1162,7,35.56,12/13/2024
4681,1727,2,97.98,12/13/2024
809,999,10,31.5,12/13/2024
809,1432,4,55.6,12/13/2024
2100,1566,1,36.24,12/13/2024
4077,1505,1,79.99,12/13/2024
4077,1835,5,206.1,12/13/2024
139,202,3,25.25,12/13/2024
3219,166,2,91.96,12/13/2024
3219,1825,2,258.58,12/13/2024
3219,1253,4,29.6,12/13/2024
3197,436,2,243.16,12/13/2024
718,667,3,12.72,12/13/2024
718,662,4,11.52,12/13/2024
1801,1496,4,316,12/13/2024
3953,62,4,723.92,12/13/2024
3953,1052,3,106.32,12/13/2024
1948,32,2,141.37,12/13/2024
1596,1259,3,27.22,12/13/2024
3113,1502,5,390.75,12/13/2024
4823,70,1,280.79,12/13/2024
4823,1374,4,68.45,12/13/2024
4823,567,5,88.04,12/13/2024
4823,541,1,15.87,12/13/2024
4823,1360,3,215.59,12/13/2024
3246,1004,2,14.62,12/13/2024
3246,419,2,416.32,12/13/2024
3246,658,5,43,12/13/2024
3246,114,3,182.94,12/13/2024
3246,728,7,60.83,12/13/2024
3246,1558,3,389.97,12/13/2024
1031,412,4,194.32,12/13/2024
4108,1473,7,265.93,12/13/2024
916,828,3,94.74,12/13/2024
916,680,4,60.64,12/13/2024
916,790,5,76.3,12/13/2024
916,676,12,364.8,12/13/2024
871,729,3,79.87,12/13/2024
871,48,1,46.38,12/13/2024
871,1173,2,12.96,12/13/2024
3571,896,3,14.35,12/13/2024
4453,184,4,547.14,12/13/2024
2555,1316,2,41.96,12/13/2024
2555,1049,5,41.7,12/13/2024
4179,1254,5,277.4,12/13/2024
4179,1292,1,5.78,12/13/2024
499,393,6,69.22,12/13/2024
3855,895,3,10.86,12/13/2024
3855,378,7,426.79,12/13/2024
143,1246,4,25.92,12/13/2024
143,1276,4,45.92,12/13/2024
261,635,2,10.72,12/13/2024
2285,638,7,41.86,12/13/2024
4292,227,5,63.2,12/13/2024
4292,1473,3,113.97,12/13/2024
4322,1422,3,123.55,12/13/2024
2002,402,9,490.32,12/13/2024
2626,1068,5,70.08,12/13/2024
2626,812,2,1.27,12/13/2024
2626,375,5,557.59,12/13/2024
3009,814,6,9.02,12/13/2024
3009,665,2,69.46,12/13/2024
3009,1234,2,10.86,12/13/2024
3009,438,3,79.47,12/13/2024
3009,534,6,10.08,12/13/2024
957,21,7,1552.83,12/13/2024
957,749,5,137.24,12/13/2024
957,1606,1,36.51,12/13/2024
957,1631,3,239.98,12/13/2024
4305,358,7,1579.75,12/13/2024
4305,341,4,1071.58,12/13/2024
4305,368,3,613.91,12/13/2024
4305,1199,7,34.86,12/13/2024
4305,1082,4,155.04,12/13/2024
3532,701,5,13.71,12/13/2024
4531,314,2,127.88,12/13/2024
4531,469,2,160.32,12/13/2024
4531,846,4,46,12/13/2024
32,74,1,120.71,12/13/2024
3287,1176,4,23.12,12/13/2024
4592,221,6,532.7,12/13/2024
4592,482,2,4.91,12/13/2024
3902,1587,4,252,12/13/2024
2635,320,8,60.29,12/13/2024
2635,916,1,2.63,12/13/2024
2635,1117,9,23.69,12/13/2024
2635,62,2,253.37,12/13/2024
3194,904,3,5.67,12/13/2024
4345,711,4,76.78,12/13/2024
4345,1462,2,9.18,12/13/2024
1441,1242,5,32.75,12/13/2024
1982,942,2,7.22,12/13/2024
1982,1181,2,49.57,12/13/2024
1982,313,7,54.71,12/13/2024
4806,426,4,176.04,12/13/2024
4806,571,9,16.02,12/13/2024
4806,725,4,185.92,12/13/2024
4806,1691,4,211.17,12/13/2024
4806,1611,2,479.98,12/13/2024
1399,919,2,7.86,12/13/2024
1399,743,2,24.45,12/13/2024
4410,1263,1,6.48,12/13/2024
4410,1091,7,41.86,12/13/2024
4410,1545,9,1619.91,12/13/2024
4410,240,4,113.92,12/13/2024
2134,491,2,39.68,12/13/2024
1303,1529,2,37.6,12/13/2024
1303,1498,2,59.9,12/13/2024
1303,1253,5,37,12/13/2024
4178,970,2,5.76,12/13/2024
4178,480,6,16.68,12/13/2024
3757,1360,7,628.81,12/13/2024
3757,1367,5,56.45,12/13/2024
3728,1317,6,94.2,12/13/2024
3728,869,5,28.4,12/13/2024
4535,6,7,956.66,12/13/2024
2996,1525,9,1115.91,12/13/2024
2996,1821,7,128.74,12/13/2024
2996,1713,10,79.92,12/13/2024
3694,592,5,24.2,12/13/2024
3694,1806,3,359.98,12/13/2024
3922,168,8,211.84,12/13/2024
719,917,2,5.68,12/13/2024
1354,814,5,7.52,12/13/2024
603,1144,2,11.96,12/13/2024
603,344,3,629.06,12/13/2024
2574,74,5,754.45,12/13/2024
1415,24,2,301.96,12/13/2024
4168,1549,5,595,12/13/2024
4168,729,3,79.87,12/13/2024
1809,1627,10,2396.4,12/13/2024
3989,1369,2,63.56,12/13/2024
3989,1584,1,99.99,12/13/2024
2564,1405,3,230.38,12/13/2024
2564,1113,2,9.66,12/13/2024
4926,1540,7,158.93,12/13/2024
4926,665,1,13.02,12/13/2024
4926,349,2,273.06,12/13/2024
4926,931,13,39.31,12/13/2024
2794,796,4,1.34,12/13/2024
2794,704,4,8.27,12/13/2024
2794,301,7,12.54,12/13/2024
2820,950,8,58.48,12/13/2024
3402,205,2,7.4,12/13/2024
577,92,7,366.79,12/13/2024
4785,1738,4,54.37,12/13/2024
1521,865,2,33.96,12/13/2024
1521,445,3,826.11,12/13/2024
3597,270,9,545.85,12/13/2024
737,325,2,145.98,12/13/2024
737,1169,4,35.81,12/13/2024
3596,233,2,7.9,12/13/2024
2428,1856,5,345,12/13/2024
2428,361,2,174.29,12/13/2024
2428,447,4,662.84,12/13/2024
2428,1538,5,95.1,12/13/2024
2428,878,6,26.88,12/13/2024
2428,1728,2,257.98,12/13/2024
812,851,2,17.48,12/13/2024
2005,65,5,492.83,12/13/2024
1163,1360,3,269.49,12/13/2024
2322,800,5,29.12,12/13/2024
3617,947,5,18.75,12/13/2024
3617,1693,6,119.7,12/13/2024
3617,664,3,9.14,12/13/2024
3617,1538,3,57.06,12/13/2024
3617,1556,8,71.6,12/13/2024
3617,1305,8,107.44,12/13/2024
3617,1004,1,7.31,12/13/2024
3617,529,6,59.1,12/13/2024
3617,1399,3,46.53,12/13/2024
3573,433,2,97.84,12/13/2024
1360,1128,3,29.97,12/13/2024
1360,703,3,98.35,12/13/2024
3783,698,5,83.92,12/13/2024
3783,701,2,14.62,12/13/2024
3783,1709,1,136.99,12/13/2024
3783,966,1,3.15,12/13/2024
3385,1073,1,9.11,12/13/2024
3385,1395,4,571.44,12/13/2024
3385,1293,5,32.4,12/13/2024
3385,1339,1,16.91,12/13/2024
4612,213,8,14.27,12/13/2024
4612,19,4,451.14,12/13/2024
4612,392,4,64.86,12/13/2024
1941,67,2,217.58,12/13/2024
1941,1481,5,82.95,12/13/2024
1941,1012,7,87.71,12/13/2024
1941,445,4,1101.48,12/13/2024
2866,321,3,1322.35,12/13/2024
544,565,3,5.46,12/13/2024
3638,1447,1,11.18,12/13/2024
3638,1405,2,153.58,12/13/2024
3769,1334,6,1003.62,12/13/2024
3327,1716,4,35.17,12/13/2024
3327,323,5,1137.75,12/13/2024
3327,708,5,99.68,12/13/2024
3327,604,2,5.56,12/13/2024
866,1361,2,85.52,12/13/2024
866,523,3,9.84,12/13/2024
866,1264,3,20.04,12/13/2024
1341,1753,4,631.96,12/13/2024
1341,1165,4,23.92,12/13/2024
174,1106,6,90.24,12/13/2024
541,1801,7,4548.81,12/13/2024
2416,364,5,300.93,12/13/2024
2416,1715,5,719.96,12/13/2024
448,52,8,647.84,12/13/2024
1095,1374,3,64.17,12/13/2024
1095,850,2,124.46,12/13/2024
2119,842,1,9.58,12/13/2024
4880,900,3,37.61,12/13/2024
3435,1141,2,12.22,12/13/2024
3435,662,4,2.3,12/13/2024
3435,693,4,9.36,12/13/2024
2469,951,2,7.38,12/13/2024
535,1337,4,53.72,12/13/2024
535,1427,5,8187.65,12/13/2024
535,300,8,77.92,12/13/2024
1061,405,4,32.78,12/13/2024
4083,1712,3,196.78,12/13/2024
4083,1480,6,479.94,12/13/2024
2270,1400,4,1117.92,12/13/2024
836,1559,6,106.5,12/13/2024
3901,741,5,45.66,12/13/2024
2079,1564,4,95.97,12/13/2024
2079,127,2,47.99,12/13/2024
89,1311,2,264.32,12/13/2024
360,880,9,604.66,12/13/2024
3279,283,3,129.93,12/13/2024
2077,1013,7,20.16,12/13/2024
2077,991,6,29.46,12/13/2024
2077,434,3,868.59,12/13/2024
2077,1213,2,12.96,12/13/2024
2077,1817,1,5.5,12/13/2024
2077,676,4,121.6,12/13/2024
1118,615,9,42.05,12/13/2024
1118,1541,2,25.49,12/13/2024
1118,846,3,6.9,12/13/2024
1118,815,6,9.65,12/13/2024
1118,1111,2,7.97,12/13/2024
114,1076,2,10.37,12/13/2024
153,1066,5,114.2,12/13/2024
153,671,4,17.96,12/13/2024
153,926,7,12.67,12/13/2024
153,1484,4,339.96,12/13/2024
4807,1419,6,1801.63,12/13/2024
1376,1570,4,46.32,12/13/2024
1685,57,2,181.99,12/13/2024
1685,1715,4,431.98,12/13/2024
1685,1784,1,155.37,12/13/2024
989,105,6,1348.7,12/13/2024
989,121,3,700.15,12/13/2024
2387,237,7,111.89,12/13/2024
741,420,3,143.95,12/13/2024
4547,33,3,173.94,12/13/2024
4547,951,4,14.76,12/13/2024
2985,1422,4,205.92,12/13/2024
2985,7,1,102.83,12/13/2024
4411,550,1,2.3,12/13/2024
4411,1790,5,1879.96,12/13/2024
4411,1140,8,313.02,12/13/2024
4411,957,2,5.04,12/13/2024
2827,307,6,821.88,12/13/2024
2827,644,2,21.96,12/13/2024
2557,1019,4,25.92,12/13/2024
1993,1700,7,705.54,12/13/2024
955,1509,2,50,12/13/2024
4582,316,8,51.71,12/13/2024
4379,423,2,6.99,12/13/2024
1431,42,7,1406.86,12/13/2024
1431,999,5,15.75,12/13/2024
1431,1297,2,323.1,12/13/2024
1391,990,4,9.22,12/13/2024
1391,1194,2,10.37,12/13/2024
933,1474,1,15.02,12/13/2024
933,1339,2,33.82,12/13/2024
3008,1559,4,71,12/13/2024
3291,694,5,25.12,12/13/2024
3291,363,9,2665.62,12/13/2024
3786,1394,8,478.08,12/13/2024
3493,1709,2,164.39,12/13/2024
3493,621,4,13.25,12/13/2024
3013,599,2,2.91,12/13/2024
2568,1583,7,1399.94,12/13/2024
3709,151,5,526.45,12/13/2024
362,903,3,16.23,12/13/2024
362,679,5,319.9,12/13/2024
362,869,2,11.36,12/13/2024
362,437,3,675.12,12/13/2024
4319,304,3,62.82,12/13/2024
4319,1417,8,489.92,12/13/2024
4319,1208,3,19.44,12/13/2024
4319,1049,2,16.68,12/13/2024
4319,1861,13,155.35,12/13/2024
4319,197,3,12.42,12/13/2024
4319,1763,2,187.98,12/13/2024
1074,857,2,6.61,12/13/2024
3439,1347,7,248.57,12/13/2024
3439,211,1,22.23,12/13/2024
2284,1350,1,5.98,12/13/2024
2284,1731,3,246.17,12/13/2024
4554,309,2,14.14,12/13/2024
4554,359,3,601.47,12/13/2024
3375,1796,2,79.1,12/13/2024
3375,703,8,327.84,12/13/2024
3790,888,2,180.96,12/13/2024
3790,835,3,914.97,12/13/2024
3790,1772,3,587.97,12/13/2024
3790,1299,2,530.34,12/13/2024
3790,1127,3,14.94,12/13/2024
2994,378,2,121.94,12/13/2024
2994,1448,7,122.71,12/13/2024
2738,1046,3,14.94,12/13/2024
2738,1669,3,1349.85,12/13/2024
2738,3,1,136.78,12/13/2024
2738,280,4,61.12,12/13/2024
164,663,1,1.17,12/13/2024
2536,596,1,16.99,12/13/2024
339,1511,3,24.67,12/13/2024
339,966,1,2.52,12/13/2024
339,322,5,1218.73,12/13/2024
339,951,2,5.9,12/13/2024
339,1083,3,15.7,12/13/2024
339,146,3,6.1,12/13/2024
2277,86,2,41.57,12/13/2024
567,135,3,230.28,12/13/2024
567,699,6,18.29,12/13/2024
3768,996,2,5.78,12/13/2024
3768,693,13,121.68,12/13/2024
3108,483,3,4.17,12/13/2024
3108,1726,4,67.04,12/13/2024
3108,1325,3,37.32,12/13/2024
3108,967,5,18.45,12/13/2024
746,1151,4,25.92,12/13/2024
3352,1623,4,11199.97,12/13/2024
3352,1735,8,2399.6,12/13/2024
3352,872,5,63.9,12/13/2024
3352,1828,1,52.99,12/13/2024
4988,1538,4,60.86,12/13/2024
4988,1650,7,653,12/13/2024
4988,769,10,11.22,12/13/2024
1677,1053,3,14.94,12/13/2024
4775,141,2,39.96,12/13/2024
4775,80,2,42.62,12/13/2024
4775,123,1,220.96,12/13/2024
1023,277,2,4.93,12/13/2024
1023,839,5,7.23,12/13/2024
1613,1297,2,323.1,12/13/2024
2992,1072,4,19.04,12/13/2024
2992,673,3,13.13,12/13/2024
2992,629,3,64.14,12/13/2024
2992,59,4,858.24,12/13/2024
1698,1488,1,29.99,12/13/2024
2072,1099,6,186.05,12/13/2024
2457,1807,1,36.79,12/13/2024
2457,145,8,18.62,12/13/2024
385,298,3,57.69,12/13/2024
385,674,3,42.81,12/13/2024
385,1034,2,12.96,12/13/2024
385,307,6,821.88,12/13/2024
385,1697,3,104.85,12/13/2024
4642,45,5,424.96,12/13/2024
3055,671,3,10.78,12/13/2024
3055,792,3,11.78,12/13/2024
3055,1022,3,164.88,12/13/2024
3055,30,3,1292.94,12/13/2024
3055,818,2,25.58,12/13/2024
3055,1338,2,261.74,12/13/2024
3055,964,5,14.4,12/13/2024
2483,895,3,10.86,12/13/2024
1271,123,4,883.84,12/13/2024
3283,1799,11,1979.89,12/13/2024
3283,882,2,79.96,12/13/2024
3990,778,2,8.76,12/13/2024
2721,969,1,3.98,12/13/2024
2721,372,3,370.62,12/13/2024
2721,762,2,2.74,12/13/2024
1877,1577,3,79.51,12/13/2024
1877,1052,1,28.35,12/13/2024
4439,96,1,40.78,12/13/2024
4439,438,4,105.96,12/13/2024
324,1089,3,166.44,12/13/2024
324,111,6,785.88,12/13/2024
324,1281,2,26.2,12/13/2024
324,1299,5,1325.85,12/13/2024
3540,1048,3,166.44,12/13/2024
3445,487,5,8.76,12/13/2024
3445,402,1,43.58,12/13/2024
4339,685,7,11.09,12/13/2024
4339,760,2,25.16,12/13/2024
3349,662,5,14.4,12/13/2024
3349,1525,5,619.95,12/13/2024
3349,690,4,89.52,12/13/2024
3349,1659,3,350.97,12/13/2024
3349,1824,1,164.99,12/13/2024
3544,665,9,312.55,12/13/2024
2213,882,3,95.95,12/13/2024
2213,677,2,3.2,12/13/2024
4587,723,5,3.98,12/13/2024
1498,1203,5,15.7,12/13/2024
274,624,4,5.25,12/13/2024
3927,824,3,5.35,12/13/2024
4634,1166,3,15.48,12/13/2024
4634,1802,3,108.58,12/13/2024
2290,186,5,109.9,12/13/2024
526,298,1,15.38,12/13/2024
2662,1225,2,30.35,12/13/2024
546,1672,4,821.3,12/13/2024
546,1651,6,22638.48,12/13/2024
546,1133,4,21.38,12/13/2024
546,575,3,8.02,12/13/2024
546,298,2,30.77,12/13/2024
546,936,3,18.94,12/13/2024
546,209,3,122.35,12/13/2024
531,1171,3,116.28,12/13/2024
3933,1532,6,132.6,12/13/2024
3917,1435,2,16.68,12/13/2024
3917,1095,3,19.44,12/13/2024
3917,1134,4,192.16,12/13/2024
1088,201,7,227.36,12/13/2024
1088,1630,3,1919.98,12/13/2024
4395,683,2,12.83,12/13/2024
3454,264,4,45.89,12/13/2024
3731,559,9,60.12,12/13/2024
134,1852,3,302.38,12/13/2024
848,578,5,13.9,12/13/2024
336,1711,2,129.98,12/13/2024
3381,1468,2,71.98,12/13/2024
1,1761,3,377.97,12/13/2024
3701,1418,2,124.36,12/13/2024
131,237,3,23.98,12/13/2024
257,910,3,8.38,12/13/2024
257,473,5,58.24,12/13/2024
2719,1354,5,81.2,12/13/2024
628,1015,5,14.45,12/13/2024
628,758,2,95.65,12/13/2024
3803,1829,5,359.97,12/13/2024
3803,325,4,350.35,12/13/2024
3184,673,1,1.64,12/13/2024
3184,1806,7,629.96,12/13/2024
2907,525,3,6.63,12/13/2024
2907,1515,4,799.96,12/13/2024
2907,287,1,107.53,12/13/2024
102,1804,2,73.98,12/13/2024
102,496,1,5.58,12/13/2024
1184,1038,4,49.12,12/13/2024
1012,1827,3,377.97,12/13/2024
1012,1113,7,42.28,12/13/2024
1012,45,3,299.97,12/13/2024
1012,1752,2,89.98,12/13/2024
3264,1428,4,477.24,12/13/2024
3264,1586,2,25.98,12/13/2024
2726,885,5,46.72,12/13/2024
586,309,2,35.34,12/13/2024
1331,219,6,257.64,12/13/2024
1331,1794,3,125.98,12/13/2024
4071,1594,1,79.99,12/13/2024
657,343,3,700.06,12/13/2024
4495,1582,4,27.17,12/13/2024
927,701,3,8.23,12/13/2024
4291,95,3,585.55,12/13/2024
645,1309,11,423.28,12/13/2024
680,65,2,225.3,12/13/2024
1534,578,2,5.56,12/13/2024
1534,1561,3,323.37,12/13/2024
1534,1772,5,783.96,12/13/2024
1534,434,5,1447.65,12/13/2024
1534,1091,2,11.96,12/13/2024
2132,1539,3,239.97,12/13/2024
2415,298,4,76.92,12/13/2024
2415,1353,4,481.32,12/13/2024
367,1196,5,48.4,12/13/2024
3337,1576,1,0.99,12/13/2024
3337,689,5,101.84,12/13/2024
4112,768,3,10.33,12/13/2024
4112,802,5,31.16,12/13/2024
4112,1423,2,8.93,12/13/2024
4151,382,1,34.38,12/13/2024
4151,442,8,1924.16,12/13/2024
4398,403,2,32.19,12/13/2024
4398,1556,7,50.12,12/13/2024
4398,1565,3,47.98,12/13/2024
2707,1328,5,54.5,12/13/2024
3976,206,3,19.1,12/13/2024
2193,756,3,49.44,12/13/2024
3672,1272,2,10.37,12/13/2024
2384,1422,3,154.44,12/13/2024
1148,460,7,60.98,12/13/2024
1314,28,2,195.47,12/13/2024
2990,205,8,23.68,12/13/2024
2990,1567,3,2.38,12/13/2024
4149,1011,4,59.2,12/13/2024
3744,505,10,22,12/13/2024
2313,1728,2,257.98,12/13/2024
4525,1811,2,23.99,12/13/2024
1968,1864,4,23.98,12/13/2024
1466,137,4,601.54,12/13/2024
1466,928,2,7.9,12/13/2024
4238,190,5,58.36,12/13/2024
4238,503,7,16.46,12/13/2024
4238,237,5,39.96,12/13/2024
309,388,2,25.96,12/13/2024
309,450,3,36.27,12/13/2024
309,1019,1,6.48,12/13/2024
642,1740,14,1075.09,12/13/2024
642,1709,4,438.37,12/13/2024
642,750,7,18.09,12/13/2024
642,7,3,308.5,12/13/2024
3972,551,4,13.36,12/13/2024
3972,1086,2,39.96,12/13/2024
3972,776,5,145.85,12/13/2024
2527,1718,5,783.96,12/13/2024
4375,529,1,7.88,12/13/2024
3668,161,3,41.37,12/13/2024
1583,1244,3,12.84,12/13/2024
1583,1260,6,25.68,12/13/2024
1097,58,2,47.52,12/13/2024
1442,943,2,9.42,12/13/2024
1442,1286,2,12.96,12/13/2024
1442,19,5,704.9,12/13/2024
1442,77,2,561.57,12/13/2024
1275,1028,9,179.82,12/13/2024
1275,178,6,185.58,12/13/2024
1275,330,3,214.11,12/13/2024
1275,1583,4,999.96,12/13/2024
1275,324,3,653.55,12/13/2024
867,697,5,114.6,12/13/2024
867,113,1,60.74,12/13/2024
867,153,2,124.36,12/13/2024
867,1391,6,1088.76,12/13/2024
2647,796,5,6.72,12/13/2024
2647,361,3,298.78,12/13/2024
1703,1785,3,302.38,12/13/2024
3425,477,2,8.93,12/13/2024
3425,1306,2,47.58,12/13/2024
4223,1217,8,33.79,12/13/2024
4223,29,2,300.53,12/13/2024
4223,764,2,2.72,12/13/2024
4223,864,2,3.26,12/13/2024
2074,1175,6,108.34,12/13/2024
2074,1322,5,55.92,12/13/2024
2074,1197,2,78.3,12/13/2024
581,1335,5,443.92,12/13/2024
581,1711,3,155.98,12/13/2024
3500,525,7,15.47,12/13/2024
3500,718,2,7.16,12/13/2024
3026,460,1,10.89,12/13/2024
3026,1057,3,19.44,12/13/2024
3026,676,5,121.6,12/13/2024
2435,1649,2,695.7,12/13/2024
4366,1353,1,120.33,12/13/2024
4255,106,4,1139.92,12/13/2024
4884,1024,7,229.54,12/13/2024
3518,1360,2,143.73,12/13/2024
3063,1474,3,36.05,12/13/2024
4699,132,8,845.49,12/13/2024
3567,542,3,50.94,12/13/2024
3841,780,3,762.59,12/13/2024
3951,278,6,56.28,12/13/2024
3951,695,3,2690.97,12/13/2024
2065,763,6,7.43,12/13/2024
4588,1321,1,64.78,12/13/2024
2965,1126,4,28.16,12/13/2024
2263,156,1,14.98,12/13/2024
2263,146,4,20.32,12/13/2024
3547,1305,3,40.29,12/13/2024
4188,996,7,20.23,12/13/2024
2141,68,4,1603.14,12/13/2024
2545,65,2,225.3,12/13/2024
3578,1568,4,67.8,12/13/2024
3578,1848,3,377.97,12/13/2024
3578,47,9,1628.82,12/13/2024
3578,1024,7,286.93,12/13/2024
2945,1034,4,20.74,12/13/2024
4739,1341,3,31.44,12/13/2024
4739,465,7,83.79,12/13/2024
4739,491,3,59.52,12/13/2024
4739,1433,4,31.92,12/13/2024
1949,1438,5,14.72,12/13/2024
1949,1354,3,38.98,12/13/2024
3681,189,2,17.09,12/13/2024
571,1181,3,74.35,12/13/2024
571,71,3,314.35,12/13/2024
3512,555,1,4.26,12/13/2024
3543,1363,8,811.28,12/13/2024
4733,933,3,6.03,12/13/2024
4714,124,2,153.57,12/13/2024
4714,62,7,1013.49,12/13/2024
2500,881,2,52.34,12/13/2024
2500,526,2,4.66,12/13/2024
2500,1484,3,254.97,12/13/2024
1748,667,6,25.44,12/13/2024
1748,1429,3,27.93,12/13/2024
755,808,5,8.85,12/13/2024
2182,198,4,6.96,12/13/2024
2713,639,2,17.46,12/13/2024
4690,107,5,307.92,12/13/2024
2849,602,3,6.63,12/13/2024
2849,1212,2,12.96,12/13/2024
2849,1039,5,32.4,12/13/2024
4088,1077,5,23.85,12/13/2024
519,86,2,51.96,12/13/2024
519,645,3,17.94,12/13/2024
3595,1236,2,11.56,12/13/2024
3595,1177,5,26.4,12/13/2024
3595,169,11,69.08,12/13/2024
3595,1739,3,35.88,12/13/2024
795,536,5,49.65,12/13/2024
4708,1611,4,959.97,12/13/2024
4383,121,2,408.42,12/13/2024
1661,1611,2,479.98,12/13/2024
1661,966,4,12.6,12/13/2024
3308,1231,7,184.66,12/13/2024
2708,1161,5,23.12,12/13/2024
2530,1064,7,37.46,12/13/2024
2530,119,3,539.66,12/13/2024
343,1383,2,310.12,12/13/2024
3232,1045,2,8.56,12/13/2024
3232,1341,5,52.4,12/13/2024
3232,972,3,14.94,12/13/2024
4122,946,3,11.22,12/13/2024
1037,390,4,387.14,12/13/2024
179,887,5,41.4,12/13/2024
179,601,4,35,12/13/2024
179,756,3,39.55,12/13/2024
1255,1802,3,135.72,12/13/2024
1255,694,2,12.56,12/13/2024
1255,1747,4,263.96,12/13/2024
3899,579,1,5.95,12/13/2024
2638,928,5,15.8,12/13/2024
2638,212,2,14.37,12/13/2024
2638,284,7,70.45,12/13/2024
4092,1351,2,129.3,12/13/2024
4442,653,3,3.88,12/13/2024
670,940,1,6.08,12/13/2024
676,406,1,19.9,12/13/2024
676,215,1,70.71,12/13/2024
3382,169,3,18.84,12/13/2024
3959,550,3,8.64,12/13/2024
4822,849,4,1633.19,12/13/2024
3671,233,4,19.76,12/13/2024
1683,848,2,6.61,12/13/2024
1683,745,2,7.28,12/13/2024
1683,62,1,144.78,12/13/2024
4719,1772,1,156.79,12/13/2024
4719,1799,3,431.98,12/13/2024
4719,854,1,35.89,12/13/2024
4719,707,7,47.21,12/13/2024
4719,1125,7,248.08,12/13/2024
4719,1054,5,189.7,12/13/2024
4719,708,3,59.81,12/13/2024
3918,55,1,90.99,12/13/2024
3918,129,7,1526.56,12/13/2024
3918,98,3,368.97,12/13/2024
3332,1318,9,305.01,12/13/2024
3332,235,1,18.7,12/13/2024
2749,289,7,38.29,12/13/2024
4190,319,3,26.25,12/13/2024
4190,648,14,64.96,12/13/2024
4190,851,5,43.7,12/13/2024
3506,1497,4,41.6,12/13/2024
3506,1161,5,23.12,12/13/2024
3506,134,2,113.89,12/13/2024
3506,152,2,113.57,12/13/2024
3506,1699,2,7.92,12/13/2024
3506,1733,2,671.98,12/13/2024
2529,1702,1,39.99,12/13/2024
3286,94,3,191.65,12/13/2024
4172,798,1,2.31,12/13/2024
1575,682,4,19.94,12/13/2024
1575,945,4,45.92,12/13/2024
3677,1233,3,20.34,12/13/2024
3677,975,8,39.28,12/13/2024
3551,96,2,81.57,12/13/2024
3551,113,2,97.18,12/13/2024
3551,761,5,24.32,12/13/2024
3551,225,2,18.96,12/13/2024
721,185,6,32.95,12/13/2024
721,1380,4,30.02,12/13/2024
4155,419,3,499.58,12/13/2024
4155,1131,6,31.1,12/13/2024
4155,755,8,13.27,12/13/2024
4155,309,2,28.27,12/13/2024
4155,1321,4,259.14,12/13/2024
3046,837,5,10.8,12/13/2024
1298,328,2,244.01,12/13/2024
1298,1033,4,15.94,12/13/2024
3592,75,7,188.55,12/13/2024
3498,1367,2,22.58,12/13/2024
121,55,6,545.94,12/13/2024
1328,1241,4,20.74,12/13/2024
1328,266,2,43.3,12/13/2024
389,75,4,123.14,12/13/2024
389,767,4,11.26,12/13/2024
4222,1366,3,53.42,12/13/2024
4222,355,1,275.49,12/13/2024
2305,167,4,24.96,12/13/2024
2305,1196,2,19.36,12/13/2024
2305,1320,9,1267.65,12/13/2024
2302,1586,1,12.99,12/13/2024
2302,648,4,18.56,12/13/2024
2302,1360,5,449.15,12/13/2024
2302,736,7,31.25,12/13/2024
2237,468,3,61.44,12/13/2024
3754,766,4,895.92,12/13/2024
1898,836,4,55.36,12/13/2024
4310,1322,5,55.92,12/13/2024
465,867,4,24.9,12/13/2024
465,159,1,3.98,12/13/2024
465,1574,4,95.97,12/13/2024
465,1683,3,206.99,12/13/2024
465,457,2,44.42,12/13/2024
465,642,2,9.01,12/13/2024
1197,784,5,19,12/13/2024
2899,705,4,33.38,12/13/2024
2192,454,1,207.48,12/13/2024
579,666,3,91.68,12/13/2024
3117,395,5,904.9,12/13/2024
380,748,3,34.27,12/13/2024
2086,311,3,191.82,12/13/2024
1947,378,5,243.88,12/13/2024
3504,668,5,12.03,12/13/2024
3504,1633,5,2549.99,12/13/2024
3504,700,2,21.59,12/13/2024
3504,775,6,8.96,12/13/2024
3504,1155,4,20.74,12/13/2024
4437,367,2,344.22,12/13/2024
4692,1384,8,727.3,12/13/2024
4692,320,3,22.61,12/13/2024
4692,1549,7,666.4,12/13/2024
1109,927,3,5.04,12/13/2024
1109,1088,3,92.94,12/13/2024
1109,292,3,66.69,12/13/2024
1109,697,5,91.68,12/13/2024
3303,17,2,327.73,12/13/2024
1641,720,11,52.27,12/13/2024
1641,1121,3,17.94,12/13/2024
4176,188,3,254.35,12/13/2024
90,752,2,8.29,12/13/2024
3121,115,5,504.9,12/13/2024
4705,1827,4,403.17,12/13/2024
1681,4,4,194.32,12/13/2024
1681,506,1,25.99,12/13/2024
4549,114,4,195.14,12/13/2024
3489,1267,4,20.74,12/13/2024
4403,1556,6,53.7,12/13/2024
4403,752,7,36.26,12/13/2024
4403,590,2,56.3,12/13/2024
4403,1272,5,32.4,12/13/2024
4403,308,2,29.16,12/13/2024
2844,330,3,171.29,12/13/2024
4646,298,5,16.72,12/13/2024
3797,1212,2,12.96,12/13/2024
3797,871,2,22.18,12/13/2024
3797,88,8,2054.27,12/13/2024
1263,1737,5,1022.97,12/13/2024
3314,512,5,13.9,12/13/2024
3314,1209,1,26.38,12/13/2024
453,798,7,43.18,12/13/2024
3225,372,2,411.8,12/13/2024
3225,1486,4,360,12/13/2024
4930,253,2,41.96,12/13/2024
4930,466,4,227.84,12/13/2024
4930,1101,2,37.94,12/13/2024
2139,1784,2,517.9,12/13/2024
2139,672,2,5.28,12/13/2024
4360,1612,5,2799.96,12/13/2024
3434,878,2,8.96,12/13/2024
3434,971,10,31.5,12/13/2024
3434,280,2,30.56,12/13/2024
3434,362,2,24.37,12/13/2024
2382,1548,3,119.98,12/13/2024
3362,1102,8,26.88,12/13/2024
1400,1773,3,83.97,12/13/2024
1400,1475,3,104.97,12/13/2024
2952,1313,8,90.8,12/13/2024
2952,1852,8,140.74,12/13/2024
2952,1580,5,214.95,12/13/2024
2952,1112,7,45.36,12/13/2024
2952,1134,6,288.24,12/13/2024
4820,454,4,663.94,12/13/2024
237,1364,7,2934.33,12/13/2024
237,223,3,124.41,12/13/2024
237,598,5,57.75,12/13/2024
2094,1406,2,114.46,12/13/2024
1137,44,2,120.67,12/13/2024
534,1395,3,342.86,12/13/2024
534,271,5,16.74,12/13/2024
534,81,2,981.37,12/13/2024
70,588,8,31.84,12/13/2024
2830,1131,2,12.96,12/13/2024
2830,1823,3,43.18,12/13/2024
4871,776,2,58.34,12/13/2024
4871,1799,3,539.97,12/13/2024
4,657,1,3.93,12/13/2024
3177,832,4,252.78,12/13/2024
3177,1539,2,127.98,12/13/2024
3177,159,2,3.98,12/13/2024
3177,380,2,12.99,12/13/2024
4969,191,5,61,12/13/2024
4969,1706,7,671.93,12/13/2024
1885,679,7,447.86,12/13/2024
1885,1740,5,479.95,12/13/2024
1885,1152,3,166.44,12/13/2024
999,1455,4,31.68,12/13/2024
999,1080,2,10.37,12/13/2024
999,934,8,12.03,12/13/2024
999,393,2,5.77,12/13/2024
3519,963,4,33.12,12/13/2024
3519,20,4,220.27,12/13/2024
3429,671,3,10.78,12/13/2024
3429,32,3,242.35,12/13/2024
3192,1451,6,695.16,12/13/2024
3192,35,1,220.98,12/13/2024
2081,692,7,12.96,12/13/2024
4901,1190,6,25.68,12/13/2024
1750,1007,4,15.71,12/13/2024
3359,1418,6,298.46,12/13/2024
2037,1108,3,21.93,12/13/2024
2037,1372,3,242.94,12/13/2024
2037,1141,1,7.64,12/13/2024
2037,1142,8,51.84,12/13/2024
2037,1299,1,265.17,12/13/2024
2484,1646,3,837.6,12/13/2024
2484,873,5,135.9,12/13/2024
2484,1161,6,34.68,12/13/2024
2484,79,6,532.7,12/13/2024
2484,411,5,43.1,12/13/2024
2484,1442,4,15.88,12/13/2024
1085,105,5,1123.92,12/13/2024
1085,1781,2,249.58,12/13/2024
1085,260,3,48.67,12/13/2024
1085,484,2,60.77,12/13/2024
1085,833,5,78.6,12/13/2024
1085,694,2,3.77,12/13/2024
1085,1359,2,1036.62,12/13/2024
1085,1410,4,563.81,12/13/2024
3804,1768,2,258.53,12/13/2024
3762,1271,4,49.12,12/13/2024
446,292,2,44.46,12/13/2024
446,93,2,241.57,12/13/2024
446,1496,5,395,12/13/2024
446,1870,4,627.17,12/13/2024
108,303,2,13.28,12/13/2024
108,685,3,12.67,12/13/2024
4091,666,5,30.56,12/13/2024
4091,1382,3,77.95,12/13/2024
4091,1865,1,67.99,12/13/2024
4091,859,2,12.22,12/13/2024
4091,1593,2,44.78,12/13/2024
4091,196,3,22.85,12/13/2024
976,424,3,206.43,12/13/2024
4251,783,2,210.39,12/13/2024
4052,1574,5,119.96,12/13/2024
4052,525,6,10.61,12/13/2024
4647,94,7,347.8,12/13/2024
3441,126,4,963.14,12/13/2024
3441,1804,3,88.78,12/13/2024
120,518,5,32.4,12/13/2024
2023,1224,5,32.4,12/13/2024
4213,976,3,31.05,12/13/2024
1433,1525,6,2025.36,12/13/2024
1433,1628,2,1799.99,12/13/2024
1433,1865,2,101.99,12/13/2024
1433,293,7,262.86,12/13/2024
3811,834,2,735.98,12/13/2024
361,1099,3,93.02,12/13/2024
1324,331,2,284.36,12/13/2024
1324,1497,2,26,12/13/2024
4698,1339,5,67.64,12/13/2024
4698,1500,3,119.98,12/13/2024
4312,807,5,5.18,12/13/2024
634,867,2,15.56,12/13/2024
634,900,5,78.35,12/13/2024
634,527,3,59.52,12/13/2024
634,1045,9,38.52,12/13/2024
634,1725,2,239.98,12/13/2024
634,1166,3,19.35,12/13/2024
2424,234,5,67,12/13/2024
2299,114,8,390.27,12/13/2024
2299,1121,13,62.19,12/13/2024
2966,723,6,23.88,12/13/2024
4604,827,2,3.17,12/13/2024
4604,60,5,528.43,12/13/2024
4604,636,3,13.39,12/13/2024
3947,617,7,181.86,12/13/2024
4868,14,2,180.59,12/13/2024
4868,1564,2,47.98,12/13/2024
3254,1288,2,18.76,12/13/2024
2921,187,3,20.94,12/13/2024
2921,158,2,58.68,12/13/2024
2921,404,5,254.9,12/13/2024
3862,839,2,9.64,12/13/2024
3862,1599,3,826.62,12/13/2024
3862,1391,9,1633.14,12/13/2024
3862,1392,3,544.38,12/13/2024
285,665,3,26.05,12/13/2024
285,901,3,74.35,12/13/2024
3984,1858,7,69.93,12/13/2024
4920,997,1,3.75,12/13/2024
4920,717,4,20.93,12/13/2024
4487,1387,3,12.67,12/13/2024
3292,1765,1,65.99,12/13/2024
3975,745,7,6.37,12/13/2024
753,761,3,3.65,12/13/2024
753,1257,6,31.1,12/13/2024
2783,924,3,23.34,12/13/2024
3011,1713,3,29.97,12/13/2024
1452,769,3,3.37,12/13/2024
392,1745,4,95.97,12/13/2024
4085,575,7,18.7,12/13/2024
738,153,3,149.23,12/13/2024
738,1111,4,15.94,12/13/2024
686,1763,8,601.54,12/13/2024
686,1585,1,10.99,12/13/2024
686,155,2,39.88,12/13/2024
686,1160,8,62.24,12/13/2024
686,200,5,53.2,12/13/2024
686,954,8,39.84,12/13/2024
1832,1476,5,349.95,12/13/2024
1832,1794,9,377.93,12/13/2024
4764,861,3,13.39,12/13/2024
4764,668,7,11.23,12/13/2024
516,425,11,207.24,12/13/2024
2204,537,1,1.5,12/13/2024
2204,418,2,34.85,12/13/2024
3807,984,6,75.18,12/13/2024
188,1548,3,149.97,12/13/2024
2903,799,3,931.18,12/13/2024
2903,1768,2,430.88,12/13/2024
4430,1101,5,94.85,12/13/2024
4430,872,4,51.12,12/13/2024
4430,1486,1,90,12/13/2024
111,1137,2,9.41,12/13/2024
111,914,2,4.67,12/13/2024
111,1748,2,318.4,12/13/2024
111,902,6,12.77,12/13/2024
111,1452,2,15.36,12/13/2024
111,1740,3,230.38,12/13/2024
111,1556,1,7.16,12/13/2024
644,1419,1,375.34,12/13/2024
3436,318,5,114.9,12/13/2024
4960,665,3,26.05,12/13/2024
4960,684,1,2.9,12/13/2024
4960,1371,2,32.54,12/13/2024
2300,775,1,3.98,12/13/2024
2335,352,1,181.8,12/13/2024
2426,1355,3,44.94,12/13/2024
2426,655,3,45.58,12/13/2024
4586,112,5,318.43,12/13/2024
4586,1808,7,122.92,12/13/2024
4586,139,3,7.07,12/13/2024
4624,1367,5,56.45,12/13/2024
3089,752,13,13.47,12/13/2024
3070,1866,5,219.8,12/13/2024
3070,93,3,317.06,12/13/2024
4903,1591,3,49.08,12/13/2024
4903,1298,5,324.9,12/13/2024
4903,497,3,18.24,12/13/2024
2630,134,2,113.89,12/13/2024
2630,1762,2,105.58,12/13/2024
2598,917,7,24.85,12/13/2024
3187,185,3,60.31,12/13/2024
3019,569,3,7.06,12/13/2024
3019,1738,2,27.18,12/13/2024
2559,1742,1,107.98,12/13/2024
2559,815,3,19.3,12/13/2024
1536,970,2,4.61,12/13/2024
4695,332,3,79.97,12/13/2024
4695,792,2,2.95,12/13/2024
4697,652,2,3.14,12/13/2024
606,1278,4,20.74,12/13/2024
494,1500,2,99.98,12/13/2024
494,1222,7,733.95,12/13/2024
494,403,3,241.44,12/13/2024
2049,971,4,10.08,12/13/2024
4257,1410,2,281.9,12/13/2024
4257,870,3,201.43,12/13/2024
533,1792,2,135.98,12/13/2024
533,1809,1,44.95,12/13/2024
205,1576,3,2.97,12/13/2024
205,908,3,6.54,12/13/2024
1533,1576,8,7.92,12/13/2024
1414,96,5,203.92,12/13/2024
3485,1612,6,3359.95,12/13/2024
3115,940,3,18.24,12/13/2024
3115,628,6,27.78,12/13/2024
38,632,7,22.96,12/13/2024
38,1743,1,28.99,12/13/2024
38,1220,2,12.96,12/13/2024
38,478,7,22.96,12/13/2024
38,1449,5,4164.05,12/13/2024
4236,1494,2,47.98,12/13/2024
4236,1071,1,4.62,12/13/2024
695,146,3,15.24,12/13/2024
55,741,7,63.92,12/13/2024
3813,554,2,6.56,12/13/2024
3813,391,3,13.11,12/13/2024
1567,1737,3,494.38,12/13/2024
1567,641,5,29.2,12/13/2024
1567,1507,5,248.85,12/13/2024
1567,1566,1,36.24,12/13/2024
2759,615,2,11.68,12/13/2024
86,1442,3,11.91,12/13/2024
86,198,2,3.48,12/13/2024
457,782,8,30.96,12/13/2024
3071,1652,11,1704.89,12/13/2024
4377,678,7,19.19,12/13/2024
4377,471,4,121.79,12/13/2024
3528,1630,3,1919.98,12/13/2024
4337,785,1,51,12/13/2024
4337,1405,1,76.79,12/13/2024
4337,1722,6,539.96,12/13/2024
4337,185,3,60.31,12/13/2024
4337,837,3,1.94,12/13/2024
68,903,3,12.98,12/13/2024
68,1779,2,217.58,12/13/2024
68,1709,3,328.78,12/13/2024
68,732,3,2.29,12/13/2024
68,1574,2,47.98,12/13/2024
1393,685,6,25.34,12/13/2024
1872,725,5,232.4,12/13/2024
2686,269,7,86.45,12/13/2024
4268,93,5,603.92,12/13/2024
4268,1070,2,81.98,12/13/2024
4194,93,2,271.76,12/13/2024
4194,719,3,14.38,12/13/2024
4034,184,5,341.96,12/13/2024
1650,627,9,181.35,12/13/2024
1650,990,3,8.64,12/13/2024
432,474,7,43.51,12/13/2024
432,123,3,662.88,12/13/2024
432,1187,5,25.92,12/13/2024
1069,440,3,68.94,12/13/2024
1069,219,3,128.82,12/13/2024
750,695,5,896.99,12/13/2024
750,692,1,1.23,12/13/2024
750,590,3,67.56,12/13/2024
750,1234,5,21.72,12/13/2024
750,1087,8,262.34,12/13/2024
750,1819,2,148.48,12/13/2024
750,1869,3,241.18,12/13/2024
3260,1477,3,227.98,12/13/2024
3260,1808,3,52.68,12/13/2024
3260,245,1,2.03,12/13/2024
4768,479,4,17.12,12/13/2024
4768,1857,4,431.97,12/13/2024
4768,144,4,129.92,12/13/2024
4768,331,3,568.73,12/13/2024
4768,675,9,117.14,12/13/2024
4768,439,3,203.52,12/13/2024
4768,963,5,51.75,12/13/2024
2410,1070,3,122.97,12/13/2024
2410,329,1,244.61,12/13/2024
2410,1688,3,59.97,12/13/2024
2410,1186,9,81.54,12/13/2024
2410,914,4,11.68,12/13/2024
2410,648,5,29,12/13/2024
965,572,5,50.8,12/13/2024
3892,659,5,16.03,12/13/2024
4679,792,4,15.71,12/13/2024
2440,1564,3,89.97,12/13/2024
4274,26,3,436,12/13/2024
4274,1794,2,83.98,12/13/2024
4309,1715,2,359.98,12/13/2024
4309,366,1,70.56,12/13/2024
4309,789,2,20.88,12/13/2024
4309,732,1,3.81,12/13/2024
2807,1122,9,73.01,12/13/2024
2304,668,2,3.21,12/13/2024
2304,1591,2,26.18,12/13/2024
4444,1277,4,30.44,12/13/2024
4444,162,3,35.28,12/13/2024
1329,1272,3,19.44,12/13/2024
1329,840,2,37.88,12/13/2024
2167,206,3,9.55,12/13/2024
197,39,2,290.67,12/13/2024
751,1208,2,10.37,12/13/2024
751,1165,3,14.35,12/13/2024
1008,22,2,141.96,12/13/2024
1008,735,4,66.05,12/13/2024
2246,1577,5,1287.45,12/13/2024
3290,670,6,25.82,12/13/2024
3290,403,2,160.96,12/13/2024
1605,225,3,28.44,12/13/2024
1605,91,5,364.41,12/13/2024
1605,1701,4,39.96,12/13/2024
1605,100,2,361.76,12/13/2024
1710,1425,9,111.67,12/13/2024
3654,768,6,13.78,12/13/2024
3654,1279,3,10.27,12/13/2024
2876,154,9,24.05,12/13/2024
4979,895,1,2.9,12/13/2024
1198,896,3,17.94,12/13/2024
1198,108,7,384.17,12/13/2024
1198,1855,5,1799.75,12/13/2024
3778,1391,4,580.67,12/13/2024
3778,936,3,18.94,12/13/2024
3778,1850,2,222.38,12/13/2024
3778,757,6,50.45,12/13/2024
3778,326,3,154.76,12/13/2024
2829,1260,2,6.85,12/13/2024
764,1737,4,1091.17,12/13/2024
764,1689,2,219.17,12/13/2024
78,716,1,6.93,12/13/2024
4864,1049,6,40.03,12/13/2024
4931,1335,4,443.92,12/13/2024
4931,785,1,169.99,12/13/2024
4931,1224,4,25.92,12/13/2024
31,1804,1,36.99,12/13/2024
31,1268,6,629.1,12/13/2024
31,1351,3,193.95,12/13/2024
31,565,3,5.46,12/13/2024
1183,206,7,22.29,12/13/2024
4169,281,4,65.42,12/13/2024
1491,1401,2,77.88,12/13/2024
4307,100,2,281.37,12/13/2024
4307,101,2,281.37,12/13/2024
4307,647,8,7.49,12/13/2024
4307,217,4,22.34,12/13/2024
4940,1272,2,10.37,12/13/2024
1704,1108,9,65.79,12/13/2024
1704,785,2,271.98,12/13/2024
1704,503,4,11.76,12/13/2024
1704,1171,2,77.52,12/13/2024
1704,676,2,48.64,12/13/2024
1957,926,1,1.81,12/13/2024
1957,848,2,8.26,12/13/2024
1488,460,5,43.56,12/13/2024
1488,1439,2,5.84,12/13/2024
1477,60,2,271.76,12/13/2024
2245,396,2,262.24,12/13/2024
2245,1237,8,182.72,12/13/2024
2245,1529,7,131.6,12/13/2024
2245,734,4,22.72,12/13/2024
2245,1646,2,558.4,12/13/2024
1500,699,4,15.24,12/13/2024
1500,65,10,1408.1,12/13/2024
4779,1030,4,32.9,12/13/2024
4779,342,2,215.15,12/13/2024
4779,1166,6,30.96,12/13/2024
3775,1397,3,29.79,12/13/2024
3775,236,2,128.9,12/13/2024
3775,1230,9,60.12,12/13/2024
3428,704,3,24.82,12/13/2024
3428,647,6,14.98,12/13/2024
4361,709,2,15.08,12/13/2024
4361,279,3,24.29,12/13/2024
3853,279,2,16.19,12/13/2024
3853,342,2,251.01,12/13/2024
3853,1367,6,54.19,12/13/2024
1386,681,1,4.3,12/13/2024
685,1160,14,108.92,12/13/2024
4171,861,3,16.74,12/13/2024
4171,456,7,2504.74,12/13/2024
1954,1358,2,84.78,12/13/2024
1218,1350,5,29.9,12/13/2024
2618,1052,2,70.88,12/13/2024
2861,537,2,3.76,12/13/2024
2683,804,2,27.26,12/13/2024
791,472,5,56.65,12/13/2024
791,1375,1,14.97,12/13/2024
791,933,2,4.02,12/13/2024
673,1777,2,471.92,12/13/2024
1499,819,4,58.72,12/13/2024
1507,494,3,5.16,12/13/2024
2750,1294,2,16.5,12/13/2024
3531,1494,3,71.98,12/13/2024
3531,278,3,22.51,12/13/2024
3531,738,2,3.44,12/13/2024
3531,695,2,538.19,12/13/2024
3531,1574,2,47.98,12/13/2024
3085,1805,4,492.77,12/13/2024
1492,607,7,286.79,12/13/2024
2732,1282,1,5.08,12/13/2024
3383,1519,1,47.99,12/13/2024
4451,455,2,61.96,12/13/2024
4451,47,2,361.96,12/13/2024
4451,1206,9,278.82,12/13/2024
2412,211,6,133.38,12/13/2024
818,1086,3,47.95,12/13/2024
4653,271,2,16.74,12/13/2024
3261,1233,2,10.85,12/13/2024
3261,1573,2,18.54,12/13/2024
3047,62,1,180.98,12/13/2024
3047,1551,2,99.98,12/13/2024
2389,1596,5,34.95,12/13/2024
2389,676,5,152,12/13/2024
530,1511,9,92.52,12/13/2024
2189,570,2,8.56,12/13/2024
2189,1221,7,45.36,12/13/2024
2189,363,6,1421.66,12/13/2024
288,301,2,8.96,12/13/2024
298,1704,5,579.95,12/13/2024
298,226,4,29.12,12/13/2024
298,359,3,1202.94,12/13/2024
2493,753,4,7.92,12/13/2024
4608,1802,1,36.19,12/13/2024
3206,1352,2,147.18,12/13/2024
1564,121,2,408.42,12/13/2024
1564,112,6,382.12,12/13/2024
1564,1420,5,68.6,12/13/2024
1564,1391,3,435.5,12/13/2024
1564,1068,2,11.17,12/13/2024
3639,1531,4,72,12/13/2024
3639,1489,5,655.9,12/13/2024
3639,60,4,603.92,12/13/2024
1811,340,2,513.02,12/13/2024
1811,467,6,487.92,12/13/2024
1811,732,5,15.24,12/13/2024
1826,1476,3,209.97,12/13/2024
1826,722,3,62.94,12/13/2024
1826,509,9,25.92,12/13/2024
3311,1258,2,10.37,12/13/2024
3311,1512,3,95.74,12/13/2024
2488,1407,4,900.08,12/13/2024
770,1700,2,201.58,12/13/2024
770,667,4,3.39,12/13/2024
770,11,4,193.07,12/13/2024
770,1090,3,15.55,12/13/2024
770,1065,2,11.65,12/13/2024
770,1646,2,418.8,12/13/2024
770,1413,7,509.49,12/13/2024
3603,1,9,825.17,12/13/2024
3603,1253,3,17.76,12/13/2024
3603,509,3,6.91,12/13/2024
2773,1532,3,66.3,12/13/2024
4543,1025,9,30.82,12/13/2024
4543,1773,2,44.78,12/13/2024
4543,431,4,569.54,12/13/2024
1124,349,7,796.43,12/13/2024
1687,668,2,12.83,12/13/2024
1929,1240,7,40.46,12/13/2024
1929,1742,3,404.94,12/13/2024
2283,1535,8,116,12/13/2024
2208,1842,6,657.55,12/13/2024
3785,1515,3,599.97,12/13/2024
3785,1692,3,38.97,12/13/2024
3785,779,8,45.84,12/13/2024
2180,1861,4,38.24,12/13/2024
1342,1504,3,87.17,12/13/2024
4665,570,5,21.4,12/13/2024
2565,1437,5,54.9,12/13/2024
145,1655,4,287.97,12/13/2024
145,554,4,13.12,12/13/2024
145,494,5,10.75,12/13/2024
145,906,2,11.62,12/13/2024
2406,1307,3,40.74,12/13/2024
690,1300,3,83.25,12/13/2024
690,971,3,9.45,12/13/2024
690,988,5,20.65,12/13/2024
690,1187,7,45.36,12/13/2024
2589,213,3,5.35,12/13/2024
2589,94,2,99.37,12/13/2024
2589,551,1,2.67,12/13/2024
3218,1275,8,28.67,12/13/2024
3218,416,8,29.31,12/13/2024
3904,1426,7,105.98,12/13/2024
3904,1448,2,35.06,12/13/2024
3904,58,1,33.94,12/13/2024
3904,974,8,30,12/13/2024
2513,1101,3,45.53,12/13/2024
2513,100,6,844.12,12/13/2024
2513,1724,8,812.74,12/13/2024
2977,708,1,7.48,12/13/2024
251,1311,2,330.4,12/13/2024
251,1818,6,604.75,12/13/2024
3171,1285,7,45.36,12/13/2024
3171,777,2,10.13,12/13/2024
3858,764,4,21.79,12/13/2024
3858,1609,4,439.8,12/13/2024
3012,553,4,8.26,12/13/2024
3012,804,5,25.56,12/13/2024
3012,706,2,4.37,12/13/2024
3012,1017,4,11.52,12/13/2024
2166,1061,2,12.96,12/13/2024
2166,918,2,3.96,12/13/2024
2888,783,3,1577.94,12/13/2024
2276,278,4,15.01,12/13/2024
4158,1574,2,59.98,12/13/2024
4158,1641,6,2395.2,12/13/2024
4158,1525,4,1687.8,12/13/2024
4158,1713,1,7.99,12/13/2024
4847,1247,1,5.18,12/13/2024
3127,591,2,11.68,12/13/2024
3127,614,10,104.8,12/13/2024
1379,1113,3,14.5,12/13/2024
1753,772,1,4.78,12/13/2024
1753,1249,1,4.73,12/13/2024
1763,1304,1,7.89,12/13/2024
1763,1281,5,65.5,12/13/2024
1763,377,8,2430.08,12/13/2024
3152,1084,1,104.85,12/13/2024
1083,509,2,3.9,12/13/2024
1083,359,2,801.96,12/13/2024
1083,124,2,191.96,12/13/2024
1083,961,1,2.61,12/13/2024
4037,545,2,5.96,12/13/2024
3240,1801,3,1169.69,12/13/2024
3970,1449,2,1665.62,12/13/2024
3742,662,1,2.88,12/13/2024
3742,1353,12,1443.96,12/13/2024
640,1439,1,2.92,12/13/2024
1823,1383,3,465.18,12/13/2024
2710,708,3,22.43,12/13/2024
2710,1380,5,37.52,12/13/2024
3770,632,1,2.62,12/13/2024
37,1076,3,15.55,12/13/2024
37,1527,6,64.7,12/13/2024
37,226,3,17.47,12/13/2024
37,1783,1,135.52,12/13/2024
3569,1519,9,431.93,12/13/2024
702,1160,2,12.45,12/13/2024
702,137,5,657.93,12/13/2024
3065,1048,5,277.4,12/13/2024
3065,284,2,25.16,12/13/2024
3065,318,4,91.92,12/13/2024
2010,856,3,29.34,12/13/2024
732,725,3,139.44,12/13/2024
489,970,3,6.91,12/13/2024
489,1367,3,27.1,12/13/2024
489,1335,2,177.57,12/13/2024
4597,1606,2,58.42,12/13/2024
926,1030,2,16.45,12/13/2024
926,1469,2,36.78,12/13/2024
3056,348,6,718.12,12/13/2024
3056,536,4,31.78,12/13/2024
2543,826,5,9.56,12/13/2024
3637,835,2,487.98,12/13/2024
3637,1767,1,5.56,12/13/2024
3637,1388,5,217.85,12/13/2024
1844,596,3,40.78,12/13/2024
1844,1837,8,63.94,12/13/2024
692,240,5,142.4,12/13/2024
692,718,2,7.16,12/13/2024
3076,94,12,681.41,12/13/2024
3076,517,2,3.52,12/13/2024
3076,477,1,5.58,12/13/2024
3076,1504,1,36.32,12/13/2024
803,834,7,2060.74,12/13/2024
3921,418,3,52.27,12/13/2024
3921,471,7,213.14,12/13/2024
3444,1308,2,69.52,12/13/2024
3444,1295,8,763.44,12/13/2024
2393,970,4,9.22,12/13/2024
2393,1701,7,41.96,12/13/2024
2393,1251,2,89.57,12/13/2024
2393,1129,3,22.25,12/13/2024
2393,428,4,334.88,12/13/2024
2393,168,7,148.29,12/13/2024
2393,1071,1,4.62,12/13/2024
2393,1541,7,178.92,12/13/2024
2393,729,7,69.89,12/13/2024
667,835,2,487.98,12/13/2024
667,530,2,47.3,12/13/2024
667,618,1,4.13,12/13/2024
667,765,5,155.12,12/13/2024
554,1162,1,6.48,12/13/2024
554,1445,4,15.52,12/13/2024
1680,792,2,2.95,12/13/2024
1680,945,6,55.1,12/13/2024
3015,1605,6,104.88,12/13/2024
3015,533,5,34.7,12/13/2024
3015,707,4,33.72,12/13/2024
3015,1046,3,14.94,12/13/2024
3465,427,9,638.73,12/13/2024
4157,1343,2,113.57,12/13/2024
3957,1542,1,9.1,12/13/2024
1164,895,3,8.69,12/13/2024
1164,252,4,30.88,12/13/2024
1164,195,3,6.41,12/13/2024
2664,1463,5,33.8,12/13/2024
2551,1818,3,377.97,12/13/2024
4860,1571,10,258.9,12/13/2024
4860,1149,2,24.56,12/13/2024
366,969,7,27.89,12/13/2024
366,687,4,6.46,12/13/2024
366,1808,3,52.68,12/13/2024
366,1430,5,13.88,12/13/2024
366,1586,10,103.92,12/13/2024
366,1008,5,11.52,12/13/2024
366,1114,2,10.37,12/13/2024
366,1332,3,39.07,12/13/2024
1768,871,1,8.87,12/13/2024
1768,816,6,121.1,12/13/2024
3882,112,2,127.37,12/13/2024
3882,1028,3,47.95,12/13/2024
1549,292,2,44.46,12/13/2024
1232,928,4,15.8,12/13/2024
1232,1652,3,464.97,12/13/2024
1232,242,2,181.96,12/13/2024
1232,958,3,12.39,12/13/2024
1232,757,3,84.09,12/13/2024
1232,568,4,79.36,12/13/2024
1232,804,9,153.36,12/13/2024
1232,706,6,43.68,12/13/2024
1232,1408,7,98.21,12/13/2024
1746,632,3,9.84,12/13/2024
1824,811,2,2.69,12/13/2024
3612,1177,6,25.34,12/13/2024
3612,858,5,43.92,12/13/2024
4419,1631,2,59.99,12/13/2024
4419,1614,1,439.99,12/13/2024
4419,1852,5,87.96,12/13/2024
4419,246,4,15.49,12/13/2024
2349,729,7,232.96,12/13/2024
2349,871,6,66.54,12/13/2024
2349,393,3,43.26,12/13/2024
1485,152,2,141.96,12/13/2024
487,1333,5,79.4,12/13/2024
4002,1581,4,163.96,12/13/2024
4183,192,1,37.93,12/13/2024
2112,225,2,15.17,12/13/2024
869,618,6,24.78,12/13/2024
869,691,3,19.14,12/13/2024
869,1622,3,899.97,12/13/2024
869,1221,5,32.4,12/13/2024
3999,536,3,23.83,12/13/2024
247,206,2,6.37,12/13/2024
247,466,3,34.18,12/13/2024
247,1576,7,5.54,12/13/2024
3079,334,3,510.24,12/13/2024
3079,1070,5,204.95,12/13/2024
4119,1479,1,11.54,12/13/2024
4119,306,3,162.6,12/13/2024
439,1147,2,45.68,12/13/2024
439,93,5,603.92,12/13/2024
3693,943,5,23.55,12/13/2024
2351,1450,2,5.04,12/13/2024
2351,1551,5,249.95,12/13/2024
1790,559,5,33.4,12/13/2024
2492,203,4,18.92,12/13/2024
2492,798,2,15.42,12/13/2024
3682,477,8,35.71,12/13/2024
4358,834,5,551.99,12/13/2024
3353,569,3,7.06,12/13/2024
2497,385,2,18.72,12/13/2024
2728,1349,2,360.38,12/13/2024
2728,477,2,11.16,12/13/2024
2728,954,3,14.94,12/13/2024
918,1425,2,41.96,12/13/2024
918,1413,7,636.86,12/13/2024
918,1714,1,499.99,12/13/2024
918,1715,7,1259.93,12/13/2024
918,675,4,65.08,12/13/2024
4162,1168,1,26.38,12/13/2024
4162,232,3,71.97,12/13/2024
1944,1711,2,129.98,12/13/2024
1944,675,2,32.54,12/13/2024
2216,1834,1,10.9,12/13/2024
2216,1494,2,59.98,12/13/2024
2216,424,1,61.93,12/13/2024
2287,857,4,16.52,12/13/2024
2287,1264,9,60.12,12/13/2024
2287,735,3,49.54,12/13/2024
167,928,3,11.85,12/13/2024
2479,1389,5,118.25,12/13/2024
2479,84,3,368.97,12/13/2024
4040,243,2,198.46,12/13/2024
4040,403,4,321.92,12/13/2024
4040,1614,2,879.98,12/13/2024
4040,1444,5,28.4,12/13/2024
4040,135,3,230.28,12/13/2024
4040,1099,3,116.28,12/13/2024
4040,783,2,841.57,12/13/2024
4040,1343,5,354.9,12/13/2024
1965,1141,7,42.78,12/13/2024
1965,136,5,563.43,12/13/2024
1869,527,7,111.1,12/13/2024
1674,591,2,11.68,12/13/2024
1674,1463,2,16.9,12/13/2024
1674,191,2,24.4,12/13/2024
2901,1068,5,87.6,12/13/2024
2572,7,2,241.96,12/13/2024
2572,781,3,8.52,12/13/2024
3323,747,3,1.79,12/13/2024
2690,376,2,99.37,12/13/2024
2690,534,1,1.34,12/13/2024
846,1863,5,119.96,12/13/2024
632,65,9,1013.83,12/13/2024
632,909,2,1.98,12/13/2024
2563,369,6,2003.52,12/13/2024
4510,1422,2,82.37,12/13/2024
200,1465,3,62.91,12/13/2024
4200,920,3,6.91,12/13/2024
4200,1521,3,383.98,12/13/2024
4200,1019,2,10.37,12/13/2024
4200,1516,7,335.94,12/13/2024
902,221,6,665.88,12/13/2024
4933,1786,3,71.98,12/13/2024
3170,1225,2,37.94,12/13/2024
590,1689,2,273.96,12/13/2024
1266,1806,3,269.98,12/13/2024
4105,1223,3,8.9,12/13/2024
4105,1407,4,720.06,12/13/2024
3322,1571,2,41.42,12/13/2024
3054,660,2,3.13,12/13/2024
2376,1383,7,1085.42,12/13/2024
2797,563,1,3.91,12/13/2024
2797,506,3,62.38,12/13/2024
4603,906,5,29.05,12/13/2024
95,709,6,180.96,12/13/2024
952,657,3,4.42,12/13/2024
952,551,6,16.03,12/13/2024
1632,536,3,29.79,12/13/2024
4235,1406,1,57.23,12/13/2024
4235,357,3,333,12/13/2024
4235,574,4,36.44,12/13/2024
3222,1222,3,251.64,12/13/2024
3765,373,3,523.76,12/13/2024
3765,1780,5,1359.96,12/13/2024
2575,109,1,102.59,12/13/2024
2575,1540,1,22.7,12/13/2024
2575,1171,3,93.02,12/13/2024
2575,1433,2,12.77,12/13/2024
2575,860,4,35.01,12/13/2024
2575,1174,1,39.15,12/13/2024
991,516,5,11.76,12/13/2024
991,771,2,5.24,12/13/2024
991,752,3,4.66,12/13/2024
991,104,5,523.92,12/13/2024
991,1703,1,100.79,12/13/2024
991,125,3,146.14,12/13/2024
3764,995,2,25.06,12/13/2024
855,1010,6,19.82,12/13/2024
2510,1798,5,823.96,12/13/2024
2510,1291,2,15.98,12/13/2024
835,359,2,801.96,12/13/2024
835,1811,3,59.97,12/13/2024
835,132,7,1056.86,12/13/2024
3636,677,3,12.82,12/13/2024
3636,27,3,314.35,12/13/2024
3636,1023,2,18.98,12/13/2024
3636,784,6,18.24,12/13/2024
1339,1311,6,991.2,12/13/2024
1339,1614,2,879.98,12/13/2024
1339,724,9,12.96,12/13/2024
405,1337,10,107.44,12/13/2024
3632,121,5,1458.65,12/13/2024
3632,80,1,26.64,12/13/2024
3632,59,2,476.8,12/13/2024
3632,412,2,87.44,12/13/2024
4378,287,3,76.14,12/13/2024
4378,746,2,19.96,12/13/2024
83,1707,5,1049.97,12/13/2024
83,63,3,611.06,12/13/2024
5,911,2,2.37,12/13/2024
5,1283,3,19.01,12/13/2024
328,1729,2,911.98,12/13/2024
328,105,3,674.35,12/13/2024
328,288,9,134.01,12/13/2024
328,1603,3,170.97,12/13/2024
4214,94,3,170.35,12/13/2024
28,811,2,7.18,12/13/2024
28,1443,2,6.28,12/13/2024
28,1431,2,480.74,12/13/2024
28,7,6,617,12/13/2024
28,1398,5,141.4,12/13/2024
3391,1334,3,501.81,12/13/2024
4018,821,4,691.96,12/13/2024
4018,1596,5,34.95,12/13/2024
1359,1149,7,85.96,12/13/2024
1158,286,2,85.3,12/13/2024
3416,698,8,33.57,12/13/2024
4865,295,1,4.95,12/13/2024
4865,1387,5,26.4,12/13/2024
4746,824,3,3.56,12/13/2024
4746,1798,5,823.96,12/13/2024
4746,493,3,10.27,12/13/2024
497,1505,7,447.94,12/13/2024
3878,340,3,480.96,12/13/2024
3878,1795,1,124.79,12/13/2024
442,844,3,40.18,12/13/2024
442,801,3,10.9,12/13/2024
3281,532,4,10.64,12/13/2024
1562,315,5,151.96,12/13/2024
300,1549,2,238,12/13/2024
3738,1571,6,155.34,12/13/2024
1229,1482,9,148.32,12/13/2024
1229,126,1,240.78,12/13/2024
1229,127,7,191.97,12/13/2024
1229,1292,2,11.56,12/13/2024
1229,875,4,11.8,12/13/2024
1229,77,3,842.35,12/13/2024
2258,856,3,23.47,12/13/2024
2258,703,7,86.06,12/13/2024
2258,1792,2,108.78,12/13/2024
2258,1045,3,10.27,12/13/2024
2334,689,5,38.19,12/13/2024
600,1399,4,49.63,12/13/2024
600,1332,4,52.1,12/13/2024
1186,1165,2,9.57,12/13/2024
1186,1422,2,82.37,12/13/2024
1186,315,6,364.7,12/13/2024
1186,224,4,40.26,12/13/2024
624,565,3,4.37,12/13/2024
4850,680,4,12.13,12/13/2024
2766,1809,3,134.85,12/13/2024
13,623,2,8.56,12/13/2024
13,1730,3,239.97,12/13/2024
13,1348,2,356.94,12/13/2024
4704,1555,2,659.9,12/13/2024
4704,70,6,1684.75,12/13/2024
4704,1476,8,559.92,12/13/2024
4638,1608,7,279.94,12/13/2024
4219,746,5,9.98,12/13/2024
3017,1533,5,48.9,12/13/2024
3491,911,3,3.55,12/13/2024
3491,1042,3,15.55,12/13/2024
2854,911,2,2.37,12/13/2024
3955,1543,2,127.98,12/13/2024
1075,1143,2,10.37,12/13/2024
1479,1492,2,47.98,12/13/2024
4392,1330,14,270.34,12/13/2024
1668,461,7,98.11,12/13/2024
1668,1410,4,563.81,12/13/2024
1668,728,4,10.43,12/13/2024
1668,184,4,547.14,12/13/2024
1668,1699,5,14.85,12/13/2024
1668,1800,2,41.99,12/13/2024
1668,174,1,7.58,12/13/2024
1668,41,5,352.45,12/13/2024
3344,1744,3,470.38,12/13/2024
3771,1119,3,19.44,12/13/2024
3771,220,2,9.82,12/13/2024
4911,340,5,801.6,12/13/2024
4911,122,2,161.57,12/13/2024
4911,1037,2,16.1,12/13/2024
4911,774,4,7.66,12/13/2024
4911,57,3,311.98,12/13/2024
4454,1340,4,61.68,12/13/2024
4454,818,4,63.96,12/13/2024
1854,1725,3,359.98,12/13/2024
3746,1177,6,25.34,12/13/2024
3746,1107,5,26.72,12/13/2024
60,1426,2,30.28,12/13/2024
60,1330,3,57.93,12/13/2024
60,309,2,35.34,12/13/2024
60,749,5,137.24,12/13/2024
2670,44,5,241.33,12/13/2024
2670,1142,1,5.18,12/13/2024
2670,506,7,145.54,12/13/2024
2201,616,3,5.47,12/13/2024
2201,1494,2,47.98,12/13/2024
3272,537,5,9.4,12/13/2024
3272,1011,5,74,12/13/2024
3272,1818,2,201.58,12/13/2024
1042,855,3,28.75,12/13/2024
1042,1259,3,27.22,12/13/2024
1042,73,2,197.37,12/13/2024
4631,106,5,1424.9,12/13/2024
3154,226,2,14.56,12/13/2024
3154,664,1,3.05,12/13/2024
4004,1090,5,25.92,12/13/2024
4629,1428,7,835.17,12/13/2024
2214,1292,3,17.34,12/13/2024
4152,1152,1,44.38,12/13/2024
4152,1438,1,2.94,12/13/2024
2014,588,2,6.37,12/13/2024
2014,994,2,48.85,12/13/2024
2014,1149,2,19.65,12/13/2024
2014,113,6,255.11,12/13/2024
256,787,2,17.25,12/13/2024
4661,1820,2,159.98,12/13/2024
3865,1282,2,12.7,12/13/2024
411,289,1,5.47,12/13/2024
411,541,4,79.36,12/13/2024
1940,222,3,22.14,12/13/2024
2576,740,3,11.28,12/13/2024
2576,597,2,4.45,12/13/2024
2576,176,3,44.76,12/13/2024
993,691,6,38.28,12/13/2024
993,1786,5,149.95,12/13/2024
3503,493,3,12.84,12/13/2024
3503,288,3,44.67,12/13/2024
2019,586,3,7.87,12/13/2024
748,593,3,7.87,12/13/2024
2476,567,4,88.04,12/13/2024
2411,782,7,40.64,12/13/2024
4486,718,8,5.73,12/13/2024
4486,1183,10,42.24,12/13/2024
437,1165,9,53.82,12/13/2024
1226,527,4,79.36,12/13/2024
2762,1051,2,13.48,12/13/2024
2762,791,5,29.8,12/13/2024
2762,313,8,414,12/13/2024
2762,656,7,41.33,12/13/2024
4558,272,4,39.92,12/13/2024
2834,929,3,8.94,12/13/2024
2834,1828,2,84.78,12/13/2024
190,332,2,53.32,12/13/2024
190,425,3,56.52,12/13/2024
3191,249,3,22.77,12/13/2024
2248,102,4,287.97,12/13/2024
2248,1620,5,2799.96,12/13/2024
2248,1197,1,48.94,12/13/2024
1829,32,3,257.5,12/13/2024
3051,1359,4,2591.56,12/13/2024
3051,417,5,41.95,12/13/2024
4689,274,5,79.12,12/13/2024
268,177,2,52.96,12/13/2024
455,1428,3,286.34,12/13/2024
1609,177,3,63.55,12/13/2024
1609,1456,3,41.38,12/13/2024
1609,611,6,172.7,12/13/2024
881,26,3,512.94,12/13/2024
881,84,7,860.93,12/13/2024
881,1805,5,769.95,12/13/2024
881,561,1,14.98,12/13/2024
881,153,6,373.08,12/13/2024
4455,48,5,231.92,12/13/2024
215,179,11,63.47,12/13/2024
215,1552,5,345,12/13/2024
2405,377,3,637.9,12/13/2024
2405,1637,3,287.91,12/13/2024
2405,852,3,36.6,12/13/2024
4501,571,1,1.78,12/13/2024
4501,1057,4,25.92,12/13/2024
4501,1508,6,101.94,12/13/2024
897,493,2,6.85,12/13/2024
3688,180,11,474.43,12/13/2024
2822,1092,2,8.45,12/13/2024
2822,1376,4,39.3,12/13/2024
1506,479,4,17.12,12/13/2024
1655,395,3,542.94,12/13/2024
1655,990,3,8.64,12/13/2024
1655,1171,5,193.8,12/13/2024
1655,1244,5,21.4,12/13/2024
1655,1178,2,97.88,12/13/2024
1655,1593,9,251.91,12/13/2024
1655,411,3,25.86,12/13/2024
649,130,3,170.06,12/13/2024
649,1839,3,82.78,12/13/2024
649,56,5,853.93,12/13/2024
3419,27,5,556.66,12/13/2024
3419,1812,4,95.84,12/13/2024
3582,1129,4,29.66,12/13/2024
3582,624,7,9.18,12/13/2024
3582,1740,2,153.58,12/13/2024
3582,815,8,12.86,12/13/2024
3298,1663,3,479.97,12/13/2024
3298,92,4,232.88,12/13/2024
2796,390,6,236.88,12/13/2024
2796,1252,5,29.9,12/13/2024
2796,1557,4,100,12/13/2024
4532,802,3,18.69,12/13/2024
4532,1543,6,383.95,12/13/2024
1445,1425,2,24.82,12/13/2024
144,159,5,24.9,12/13/2024
144,1058,4,21.12,12/13/2024
144,1663,6,767.95,12/13/2024
144,772,3,14.35,12/13/2024
144,1730,3,191.98,12/13/2024
144,968,9,274.77,12/13/2024
144,162,6,70.56,12/13/2024
1302,208,5,204.85,12/13/2024
1282,790,3,9.16,12/13/2024
2808,420,2,23.99,12/13/2024
4498,1056,3,80.88,12/13/2024
4498,1519,10,599.9,12/13/2024
3529,265,3,276.69,12/13/2024
3529,78,2,172.76,12/13/2024
273,583,3,4.22,12/13/2024
273,368,2,409.27,12/13/2024
273,986,11,55.44,12/13/2024
273,1059,4,20.93,12/13/2024
273,1419,6,1801.63,12/13/2024
273,365,1,67.18,12/13/2024
724,1297,5,646.2,12/13/2024
1113,1859,7,72.74,12/13/2024
1113,59,3,572.16,12/13/2024
2152,1540,3,68.11,12/13/2024
4436,705,3,25.03,12/13/2024
4572,1548,1,39.99,12/13/2024
4262,562,9,20.02,12/13/2024
4262,1445,1,3.1,12/13/2024
36,934,5,7.52,12/13/2024
36,493,3,10.27,12/13/2024
36,972,12,47.81,12/13/2024
36,1849,9,978.84,12/13/2024
2397,641,9,13.14,12/13/2024
2397,740,4,10.02,12/13/2024
2397,28,2,156.37,12/13/2024
1542,1617,2,999.98,12/13/2024
4491,1842,6,821.94,12/13/2024
2987,263,4,220.06,12/13/2024
2987,188,4,339.14,12/13/2024
814,767,2,7.04,12/13/2024
814,938,4,5.04,12/13/2024
814,1099,3,116.28,12/13/2024
1653,1771,3,47.98,12/13/2024
2326,1049,9,60.05,12/13/2024
2326,844,1,5.02,12/13/2024
4942,835,3,182.99,12/13/2024
4942,1045,3,10.27,12/13/2024
4079,771,3,7.86,12/13/2024
1878,1770,2,302.38,12/13/2024
1878,771,3,20.95,12/13/2024
1878,657,3,11.78,12/13/2024
4324,5,9,638.82,12/13/2024
2660,965,2,20.7,12/13/2024
2660,1439,3,10.95,12/13/2024
2660,772,3,14.35,12/13/2024
4125,1381,2,221.02,12/13/2024
834,1634,7,3080,12/13/2024
834,1565,4,79.96,12/13/2024
834,1744,3,587.97,12/13/2024
216,1287,5,32.4,12/13/2024
216,1321,5,404.9,12/13/2024
216,686,5,9449.95,12/13/2024
216,653,2,12.94,12/13/2024
4732,470,1,2.26,12/13/2024
4732,441,1,0.44,12/13/2024
4732,1074,8,146.18,12/13/2024
3553,206,2,15.92,12/13/2024
4958,1702,5,159.96,12/13/2024
4958,658,2,13.76,12/13/2024
4648,787,2,4.31,12/13/2024
879,1378,2,13.96,12/13/2024
879,362,3,27.41,12/13/2024
1508,1804,2,73.98,12/13/2024
1508,43,1,160.98,12/13/2024
1508,1161,3,17.34,12/13/2024
1508,554,1,3.28,12/13/2024
1022,956,3,8.86,12/13/2024
1022,1747,3,158.38,12/13/2024
2698,835,5,1219.96,12/13/2024
1502,753,2,3.17,12/13/2024
1502,1155,3,19.44,12/13/2024
1502,1298,7,454.86,12/13/2024
1502,748,8,91.39,12/13/2024
3138,1470,4,19.04,12/13/2024
3484,1195,6,37.44,12/13/2024
3484,1012,3,37.59,12/13/2024
3484,675,2,26.03,12/13/2024
341,465,3,35.91,12/13/2024
3280,192,3,91.03,12/13/2024
3931,574,6,54.66,12/13/2024
337,1408,6,67.34,12/13/2024
337,1640,3,2624.99,12/13/2024
1078,416,4,73.28,12/13/2024
199,684,5,14.48,12/13/2024
959,1046,3,11.95,12/13/2024
959,1220,3,15.55,12/13/2024
358,925,9,45,12/13/2024
358,1625,3,209.97,12/13/2024
2935,757,5,112.12,12/13/2024
2935,1407,7,1575.14,12/13/2024
3029,913,7,25.06,12/13/2024
1970,836,6,6.92,12/13/2024
3356,1337,3,37.39,12/13/2024
3356,274,5,79.12,12/13/2024
2259,989,3,18.9,12/13/2024
4211,691,9,57.42,12/13/2024
3058,599,7,12.74,12/13/2024
3058,514,3,8.82,12/13/2024
3058,64,1,120.78,12/13/2024
1280,287,3,322.59,12/13/2024
2940,675,3,9.76,12/13/2024
2940,1420,1,13.72,12/13/2024
2940,1552,1,55.2,12/13/2024
2940,1372,4,259.14,12/13/2024
2802,983,5,29.24,12/13/2024
2802,1208,3,15.55,12/13/2024
2802,864,3,4.9,12/13/2024
2311,841,4,38.09,12/13/2024
2311,647,3,2.81,12/13/2024
821,1564,2,47.98,12/13/2024
821,684,6,26.06,12/13/2024
330,1059,3,15.7,12/13/2024
4707,570,3,12.84,12/13/2024
3102,1799,3,539.97,12/13/2024
3102,1367,2,22.58,12/13/2024
1630,1010,4,16.52,12/13/2024
1630,766,3,671.94,12/13/2024
4750,1554,7,169.06,12/13/2024
4750,1403,9,168.62,12/13/2024
1591,1241,3,19.44,12/13/2024
679,1373,4,31.92,12/13/2024
679,53,2,433.57,12/13/2024
808,1076,6,31.1,12/13/2024
808,1200,3,54.82,12/13/2024
2815,1378,7,48.86,12/13/2024
2503,734,2,14.2,12/13/2024
2503,1076,2,12.96,12/13/2024
2503,776,2,58.34,12/13/2024
1519,590,2,56.3,12/13/2024
359,1813,5,629.95,12/13/2024
359,1024,3,122.97,12/13/2024
2449,1129,5,46.35,12/13/2024
4815,813,9,14.98,12/13/2024
3380,667,5,4.24,12/13/2024
4893,1505,4,319.96,12/13/2024
4893,1174,3,17.04,12/13/2024
4893,1331,3,344.91,12/13/2024
2369,25,1,81.94,12/13/2024
1873,1591,6,98.16,12/13/2024
3057,792,7,6.87,12/13/2024
3057,746,1,2,12/13/2024
3057,1423,2,8.93,12/13/2024
2593,1250,1,9.99,12/13/2024
4127,1623,3,10499.97,12/13/2024
1178,1262,5,21.12,12/13/2024
1478,322,2,696.42,12/13/2024
1478,1724,3,304.78,12/13/2024
1515,506,2,51.98,12/13/2024
2075,233,5,24.7,12/13/2024
4423,1004,3,21.93,12/13/2024
4694,383,4,394.82,12/13/2024
4694,680,4,18.19,12/13/2024
1373,1004,1,7.31,12/13/2024
1373,1617,2,799.98,12/13/2024
1373,1189,6,41.28,12/13/2024
1373,1168,7,184.66,12/13/2024
547,529,5,49.25,12/13/2024
547,1162,2,10.16,12/13/2024
547,222,2,14.76,12/13/2024
547,804,2,34.08,12/13/2024
547,139,3,17.67,12/13/2024
547,88,5,1604.9,12/13/2024
547,355,1,385.69,12/13/2024
3010,1291,2,15.98,12/13/2024
763,1203,3,9.42,12/13/2024
763,593,2,6.56,12/13/2024
763,1104,2,24.56,12/13/2024
2717,797,3,128.4,12/13/2024
53,894,4,62.28,12/13/2024
950,978,3,9.24,12/13/2024
3802,37,8,482.66,12/13/2024
3802,1628,2,4799.98,12/13/2024
3497,1261,2,37.94,12/13/2024
3497,715,6,18.29,12/13/2024
3497,1642,5,385.8,12/13/2024
3497,1422,2,102.96,12/13/2024
3497,8,3,174.42,12/13/2024
1828,657,2,1.96,12/13/2024
4199,282,3,94.43,12/13/2024
3202,945,4,45.92,12/13/2024
1528,107,1,61.58,12/13/2024
1920,1153,1,22.48,12/13/2024
2803,265,9,332.03,12/13/2024
2803,777,9,11.39,12/13/2024
2803,1035,3,15.55,12/13/2024
2803,1162,6,31.1,12/13/2024
2803,828,1,6.32,12/13/2024
792,1249,3,11.35,12/13/2024
792,1009,9,20.81,12/13/2024
2682,674,4,11.42,12/13/2024
2892,543,7,9.41,12/13/2024
3750,625,1,19.83,12/13/2024
3968,1084,2,209.7,12/13/2024
421,407,4,43.92,12/13/2024
421,707,3,20.23,12/13/2024
2623,1732,3,149.97,12/13/2024
2623,1129,3,27.81,12/13/2024
467,1532,3,66.3,12/13/2024
3151,624,1,1.64,12/13/2024
3151,160,5,1049.2,12/13/2024
3151,298,5,20.9,12/13/2024
2587,819,6,88.08,12/13/2024
2587,137,4,751.92,12/13/2024
784,65,7,887.1,12/13/2024
1531,1864,7,55.94,12/13/2024
1531,559,2,10.69,12/13/2024
1531,1868,2,11.82,12/13/2024
4067,1209,3,63.31,12/13/2024
4067,669,4,96.78,12/13/2024
4067,183,3,10.48,12/13/2024
828,675,2,9.76,12/13/2024
2087,98,2,196.78,12/13/2024
3167,898,2,47.98,12/13/2024
4097,961,5,13.05,12/13/2024
3963,1522,4,63.96,12/13/2024
3282,403,1,80.48,12/13/2024
3021,650,3,11.67,12/13/2024
4596,350,8,863.13,12/13/2024
4596,824,3,3.56,12/13/2024
4596,6,7,956.66,12/13/2024
4596,722,3,12.59,12/13/2024
4596,1580,5,171.96,12/13/2024
4838,324,4,871.4,12/13/2024
1667,282,11,692.47,12/13/2024
2068,172,4,207.76,12/13/2024
4965,1837,9,71.93,12/13/2024
4965,506,1,25.99,12/13/2024
1365,811,1,3.59,12/13/2024
1107,436,2,48.63,12/13/2024
3831,1297,2,323.1,12/13/2024
4526,1639,7,9099.93,12/13/2024
4526,159,2,9.96,12/13/2024
4526,742,5,25.3,12/13/2024
775,1273,2,11.36,12/13/2024
775,75,2,69.26,12/13/2024
41,998,1,3.69,12/13/2024
41,834,3,1103.97,12/13/2024
883,38,2,246.13,12/13/2024
883,950,2,11.7,12/13/2024
883,1614,1,439.99,12/13/2024
3361,1321,1,64.78,12/13/2024
4387,729,5,33.28,12/13/2024
4387,1167,3,14.09,12/13/2024
2858,477,2,11.16,12/13/2024
2858,361,9,896.33,12/13/2024
2858,409,1,189,12/13/2024
3424,1863,3,53.98,12/13/2024
2839,347,5,177.22,12/13/2024
4177,180,3,129.39,12/13/2024
3136,1307,4,54.32,12/13/2024
3392,1733,13,4367.9,12/13/2024
3392,1036,2,49.57,12/13/2024
3392,444,6,161.38,12/13/2024
3392,198,2,2.78,12/13/2024
3392,1026,5,8.72,12/13/2024
277,563,1,3.91,12/13/2024
2036,893,7,59.75,12/13/2024
717,157,4,63.92,12/13/2024
717,1706,5,383.96,12/13/2024
2655,750,3,7.75,12/13/2024
2655,698,2,33.57,12/13/2024
316,1721,7,666.34,12/13/2024
316,342,4,573.73,12/13/2024
316,678,3,21.94,12/13/2024
316,1034,3,19.44,12/13/2024
316,1665,4,447.97,12/13/2024
275,417,2,16.78,12/13/2024
1016,614,2,20.96,12/13/2024
1016,822,3,88.75,12/13/2024
1016,1363,3,304.23,12/13/2024
1288,870,2,167.86,12/13/2024
4888,143,6,82.38,12/13/2024
619,1864,3,23.98,12/13/2024
619,1390,1,33.29,12/13/2024
4452,708,2,14.95,12/13/2024
4452,1799,3,323.98,12/13/2024
4452,732,2,2.29,12/13/2024
4452,638,3,14.35,12/13/2024
4452,1564,3,71.98,12/13/2024
2528,482,3,9.21,12/13/2024
2528,1017,5,18,12/13/2024
3166,1077,9,42.93,12/13/2024
3801,1062,3,15.55,12/13/2024
3801,394,5,17.92,12/13/2024
2980,1520,1,19.99,12/13/2024
2980,779,5,22.92,12/13/2024
973,1563,6,50.88,12/13/2024
973,891,2,27.31,12/13/2024
1522,883,1,7.92,12/13/2024
1522,212,2,14.37,12/13/2024
1128,1468,3,107.97,12/13/2024
1128,1054,3,113.82,12/13/2024
3479,1287,1,5.18,12/13/2024
4261,585,2,16.28,12/13/2024
3412,1391,3,544.38,12/13/2024
2924,848,6,19.82,12/13/2024
2924,1689,6,657.5,12/13/2024
2924,1507,2,99.54,12/13/2024
2924,1551,4,199.96,12/13/2024
2020,70,2,631.78,12/13/2024
2020,290,3,60.72,12/13/2024
4191,817,2,20.72,12/13/2024
4191,1298,8,415.87,12/13/2024
4724,1341,2,16.77,12/13/2024
4724,1568,2,27.12,12/13/2024
2974,1812,4,95.84,12/13/2024
2974,1155,2,12.96,12/13/2024
3872,827,8,19.01,12/13/2024
1538,661,7,1598.06,12/13/2024
1538,598,4,36.96,12/13/2024
4051,1143,2,10.37,12/13/2024
4051,299,1,77.72,12/13/2024
4051,118,2,520.46,12/13/2024
2127,1063,2,111.96,12/13/2024
4982,1830,3,29.16,12/13/2024
3035,539,3,131.94,12/13/2024
3035,518,4,25.92,12/13/2024
3035,1410,4,704.76,12/13/2024
3035,923,3,7.41,12/13/2024
3035,494,10,21.5,12/13/2024
3128,916,4,10.53,12/13/2024
3128,1232,6,20.54,12/13/2024
4710,722,5,104.9,12/13/2024
4710,568,2,39.68,12/13/2024
4710,955,5,51.75,12/13/2024
5006,591,2,11.68,12/13/2024
5006,1541,5,159.75,12/13/2024
2610,443,6,103.97,12/13/2024
773,270,5,303.25,12/13/2024
773,408,3,270.72,12/13/2024
773,118,5,1487.04,12/13/2024
1337,851,2,17.48,12/13/2024
1337,877,2,71.88,12/13/2024
1494,627,3,60.45,12/13/2024
1494,337,3,253.18,12/13/2024
4399,662,5,2.88,12/13/2024
4399,46,4,384.94,12/13/2024
4399,1740,2,153.58,12/13/2024
4399,21,5,913.43,12/13/2024
2579,407,4,43.92,12/13/2024
2579,705,3,25.03,12/13/2024
3038,1230,7,46.76,12/13/2024
3038,28,2,183.97,12/13/2024
3038,1733,3,1259.97,12/13/2024
3038,626,3,68.97,12/13/2024
1830,539,2,70.37,12/13/2024
1830,1717,5,59.96,12/13/2024
523,1382,1,25.98,12/13/2024
523,676,3,27.36,12/13/2024
2452,1783,2,361.38,12/13/2024
4282,98,2,172.19,12/13/2024
4282,247,2,69.01,12/13/2024
2195,882,5,199.9,12/13/2024
2195,442,3,901.95,12/13/2024
2195,299,5,971.5,12/13/2024
1931,556,2,11.33,12/13/2024
348,556,3,21.24,12/13/2024
1639,1535,3,34.8,12/13/2024
1639,1354,3,38.98,12/13/2024
1700,1118,2,9.08,12/13/2024
1700,1050,3,314.55,12/13/2024
1700,657,1,4.91,12/13/2024
4318,1009,2,5.78,12/13/2024
4318,535,6,107.94,12/13/2024
378,1242,3,19.65,12/13/2024
378,1833,3,617.97,12/13/2024
378,406,3,59.7,12/13/2024
3451,799,1,387.99,12/13/2024
636,1855,2,575.92,12/13/2024
636,940,5,30.4,12/13/2024
3064,758,8,478.24,12/13/2024
706,273,3,190.85,12/13/2024
482,762,4,5.48,12/13/2024
1625,1446,5,40.92,12/13/2024
218,518,3,15.55,12/13/2024
3987,411,2,17.24,12/13/2024
3987,34,3,302.94,12/13/2024
3987,1767,5,34.75,12/13/2024
3987,655,6,113.94,12/13/2024
3987,1773,2,55.98,12/13/2024
4736,1186,3,27.18,12/13/2024
3189,126,6,1805.88,12/13/2024
3763,530,3,70.95,12/13/2024
2780,925,4,20,12/13/2024
2780,532,3,7.98,12/13/2024
2780,241,5,24.1,12/13/2024
2780,601,1,8.75,12/13/2024
2780,356,3,842.94,12/13/2024
2697,639,1,2.18,12/13/2024
2697,577,7,27.38,12/13/2024
2697,426,3,26.41,12/13/2024
2684,1151,2,10.37,12/13/2024
2684,1253,4,23.68,12/13/2024
4536,1609,1,109.95,12/13/2024
4536,1362,5,965.85,12/13/2024
4536,531,5,29.2,12/13/2024
4536,1170,5,32.4,12/13/2024
4302,900,5,78.35,12/13/2024
4302,1217,6,31.68,12/13/2024
4302,706,4,29.12,12/13/2024
4302,1318,5,169.45,12/13/2024
1089,165,2,12.56,12/13/2024
1089,1267,1,6.48,12/13/2024
1089,850,3,186.69,12/13/2024
2433,146,5,25.4,12/13/2024
2433,890,2,43.96,12/13/2024
2433,14,5,1279.16,12/13/2024
2433,1378,4,27.92,12/13/2024
4450,91,2,129.57,12/13/2024
4450,770,2,6.37,12/13/2024
3097,1140,5,244.55,12/13/2024
2933,1449,2,1332.5,12/13/2024
4843,208,1,32.78,12/13/2024
4843,1352,2,147.18,12/13/2024
4843,1575,2,54.38,12/13/2024
4843,711,4,76.78,12/13/2024
4843,1204,3,14.35,12/13/2024
4843,396,2,209.79,12/13/2024
1633,848,1,3.3,12/13/2024
4167,599,9,16.38,12/13/2024
4167,880,2,167.96,12/13/2024
4167,6,2,321.57,12/13/2024
4167,1151,2,12.96,12/13/2024
3934,108,3,128.06,12/13/2024
3221,112,1,63.69,12/13/2024
3221,1594,3,239.98,12/13/2024
3221,371,2,344.22,12/13/2024
3221,1194,3,15.55,12/13/2024
3221,303,4,21.25,12/13/2024
3221,1183,2,8.45,12/13/2024
3410,1301,3,333.09,12/13/2024
3410,361,2,248.98,12/13/2024
566,1290,5,24.9,12/13/2024
1838,921,7,15.26,12/13/2024
1838,443,2,43.32,12/13/2024
1838,801,12,43.58,12/13/2024
1838,1124,3,116.28,12/13/2024
1838,727,2,9.3,12/13/2024
1838,1053,3,19.44,12/13/2024
1838,1268,3,314.55,12/13/2024
1618,675,5,16.27,12/13/2024
1618,1452,9,69.12,12/13/2024
1618,791,3,4.47,12/13/2024
2936,328,3,418.3,12/13/2024
599,1614,2,659.99,12/13/2024
599,146,2,8.13,12/13/2024
599,1151,7,36.29,12/13/2024
599,50,6,909.72,12/13/2024
3059,40,9,917.92,12/13/2024
3059,1156,6,38.88,12/13/2024
3900,783,4,631.18,12/13/2024
49,1219,2,12.96,12/13/2024
2088,1194,2,12.96,12/13/2024
2088,648,5,23.2,12/13/2024
213,1155,5,25.92,12/13/2024
213,930,6,21.31,12/13/2024
4281,1696,7,173.66,12/13/2024
4281,395,2,361.96,12/13/2024
4281,1600,3,62.85,12/13/2024
4281,1737,3,818.38,12/13/2024
4281,1371,1,20.34,12/13/2024
4281,232,1,23.99,12/13/2024
4135,330,3,171.29,12/13/2024
2013,176,2,37.3,12/13/2024
2013,703,2,81.96,12/13/2024
2000,741,6,54.79,12/13/2024
2394,1356,1,10.78,12/13/2024
2028,63,1,290.98,12/13/2024
4783,574,4,36.44,12/13/2024
4589,1079,5,21.4,12/13/2024
4589,730,7,48.66,12/13/2024
1722,621,4,16.56,12/13/2024
2957,1409,8,1347.52,12/13/2024
123,1499,3,62.31,12/13/2024
123,146,4,20.32,12/13/2024
2925,919,3,9.43,12/13/2024
99,969,7,34.86,12/13/2024
99,288,6,89.34,12/13/2024
4745,1853,2,269.98,12/13/2024
4745,1266,5,99.9,12/13/2024
4745,313,4,39.08,12/13/2024
3861,1606,4,116.83,12/13/2024
2242,738,2,2.3,12/13/2024
1996,90,2,408.01,12/13/2024
1996,1356,3,40.44,12/13/2024
491,96,3,122.35,12/13/2024
491,859,2,15.28,12/13/2024
1626,1144,2,11.96,12/13/2024
3572,250,3,15.84,12/13/2024
3572,700,3,86.38,12/13/2024
3572,589,3,18.24,12/13/2024
3572,632,4,13.12,12/13/2024
860,1828,2,105.98,12/13/2024
860,366,7,493.92,12/13/2024
4869,667,7,5.94,12/13/2024
3074,897,2,325.86,12/13/2024
1142,125,9,383.61,12/13/2024
1142,1819,2,148.48,12/13/2024
1142,1706,7,537.54,12/13/2024
1142,773,2,1.93,12/13/2024
1142,576,3,6.91,12/13/2024
1142,199,1,7.76,12/13/2024
1142,1833,4,659.17,12/13/2024
4759,992,2,5.76,12/13/2024
4350,351,3,351.22,12/13/2024
4208,135,3,230.28,12/13/2024
4208,1232,3,12.84,12/13/2024
1723,840,3,56.82,12/13/2024
1192,936,4,31.56,12/13/2024
1192,1378,4,27.92,12/13/2024
4804,803,1,8.56,12/13/2024
338,901,2,49.57,12/13/2024
136,66,3,127.87,12/13/2024
1040,888,3,271.44,12/13/2024
1040,1695,3,110.35,12/13/2024
1040,214,5,36.4,12/13/2024
3398,104,4,419.14,12/13/2024
17,1425,6,100.7,12/13/2024
4937,425,3,45.22,12/13/2024
4937,818,6,28.78,12/13/2024
4937,1141,4,24.45,12/13/2024
964,771,6,10.48,12/13/2024
799,287,3,76.14,12/13/2024
4462,556,3,21.24,12/13/2024
4462,711,2,127.96,12/13/2024
3340,1622,2,479.98,12/13/2024
2307,1763,7,657.93,12/13/2024
2307,271,4,33.48,12/13/2024
2307,597,5,13.9,12/13/2024
2307,1327,2,26.86,12/13/2024
4249,842,1,9.58,12/13/2024
942,709,3,113.1,12/13/2024
4308,1188,11,65.78,12/13/2024
1640,1590,6,239.7,12/13/2024
2018,259,3,25.63,12/13/2024
2041,998,8,23.62,12/13/2024
4504,485,2,8.26,12/13/2024
4985,860,7,76.58,12/13/2024
4985,583,5,8.8,12/13/2024
4985,793,6,590.35,12/13/2024
4985,944,3,5.58,12/13/2024
4985,230,3,25.02,12/13/2024
4985,1351,7,452.55,12/13/2024
2163,1434,2,17.76,12/13/2024
2163,1770,2,302.38,12/13/2024
2163,108,3,146.35,12/13/2024
2163,462,2,7.9,12/13/2024
2163,358,3,902.71,12/13/2024
2163,535,3,53.97,12/13/2024
2330,476,8,33.92,12/13/2024
5008,1454,3,21.81,12/13/2024
5008,416,5,91.6,12/13/2024
1425,132,1,150.98,12/13/2024
1425,852,9,137.25,12/13/2024
1425,920,4,11.52,12/13/2024
4380,1237,1,18.27,12/13/2024
4380,1211,4,153.73,12/13/2024
4380,899,2,12.22,12/13/2024
4380,1574,7,167.94,12/13/2024
1262,1839,1,45.99,12/13/2024
1262,1348,3,535.41,12/13/2024
1262,664,2,6.1,12/13/2024
1262,1263,7,45.36,12/13/2024
4908,139,8,47.12,12/13/2024
1840,652,4,31.36,12/13/2024
4712,491,3,47.62,12/13/2024
4712,1167,5,23.48,12/13/2024
2381,428,3,62.79,12/13/2024
2381,928,9,28.44,12/13/2024
1588,1467,3,134.38,12/13/2024
1030,1777,2,589.9,12/13/2024
1030,62,3,542.94,12/13/2024
3711,1613,6,2879.95,12/13/2024
3711,709,3,90.48,12/13/2024
1598,1342,5,77.55,12/13/2024
3752,1438,3,8.83,12/13/2024
3752,1048,4,177.54,12/13/2024
3752,1297,2,258.48,12/13/2024
3752,139,3,14.14,12/13/2024
1719,1399,5,77.55,12/13/2024
1719,1325,2,24.88,12/13/2024
1719,590,5,140.75,12/13/2024
1719,1416,3,36.63,12/13/2024
4407,163,2,17.14,12/13/2024
4165,965,5,51.75,12/13/2024
4165,164,3,123.96,12/13/2024
1195,36,6,586.4,12/13/2024
1195,1321,1,80.98,12/13/2024
3114,1321,3,242.94,12/13/2024
4163,580,4,123.92,12/13/2024
4163,485,3,12.39,12/13/2024
4163,530,2,47.3,12/13/2024
1741,1616,8,1599.92,12/13/2024
1741,871,1,11.09,12/13/2024
3408,672,4,3.17,12/13/2024
3408,61,4,579.14,12/13/2024
1428,723,2,6.37,12/13/2024
1428,1646,2,558.4,12/13/2024
2371,52,2,145.76,12/13/2024
562,1118,3,13.62,12/13/2024
2310,136,3,434.65,12/13/2024
3395,1215,9,440.19,12/13/2024
3395,1458,5,64.4,12/13/2024
3821,1140,5,244.55,12/13/2024
3821,1197,4,195.76,12/13/2024
3459,1137,2,11.76,12/13/2024
3459,1390,5,166.45,12/13/2024
3978,920,1,2.88,12/13/2024
709,1398,2,45.25,12/13/2024
968,522,2,59.9,12/13/2024
968,448,2,23.7,12/13/2024
968,1164,2,7.97,12/13/2024
968,453,7,18.2,12/13/2024
968,1506,3,27.55,12/13/2024
968,100,6,844.12,12/13/2024
968,1310,3,76.75,12/13/2024
1871,985,1,3,12/13/2024
1952,806,9,7.51,12/13/2024
1952,963,2,16.56,12/13/2024
1958,141,4,79.92,12/13/2024
1958,1534,2,69.98,12/13/2024
4877,755,10,11.06,12/13/2024
4877,10,7,623.46,12/13/2024
4877,1362,5,772.68,12/13/2024
2218,398,4,283.14,12/13/2024
2218,1836,4,635.96,12/13/2024
2218,1721,1,118.99,12/13/2024
2218,242,3,272.94,12/13/2024
3585,278,2,15.01,12/13/2024
189,704,4,33.09,12/13/2024
189,1321,1,80.98,12/13/2024
189,1607,12,82.8,12/13/2024
189,1393,2,21.36,12/13/2024
189,765,2,62.05,12/13/2024
2787,916,9,29.61,12/13/2024
2130,1829,9,863.93,12/13/2024
2634,366,4,241.92,12/13/2024
2634,25,4,163.88,12/13/2024
2634,727,2,3.49,12/13/2024
2634,904,7,10.58,12/13/2024
1737,1727,9,440.91,12/13/2024
4953,699,5,5.72,12/13/2024
471,201,2,51.97,12/13/2024
471,1574,3,71.98,12/13/2024
471,133,3,242.35,12/13/2024
471,1048,5,221.92,12/13/2024
471,1217,2,8.45,12/13/2024
4434,656,4,29.52,12/13/2024
4434,115,3,302.94,12/13/2024
4434,134,2,142.36,12/13/2024
4434,113,9,546.66,12/13/2024
4434,215,3,212.13,12/13/2024
3602,586,2,5.25,12/13/2024
3602,1414,2,74.42,12/13/2024
3602,1232,2,6.85,12/13/2024
3602,207,1,8,12/13/2024
2743,418,2,8.71,12/13/2024
2607,1429,7,65.17,12/13/2024
2607,983,2,14.62,12/13/2024
2607,283,4,173.24,12/13/2024
3565,766,5,895.92,12/13/2024
3565,1388,3,130.71,12/13/2024
3565,481,2,11.68,12/13/2024
3565,1499,3,62.31,12/13/2024
163,781,1,0.85,12/13/2024
112,1019,7,36.29,12/13/2024
112,215,2,56.57,12/13/2024
3233,1768,2,344.7,12/13/2024
4400,1703,2,201.58,12/13/2024
3662,353,2,521.96,12/13/2024
1173,528,3,8.22,12/13/2024
922,1258,7,45.36,12/13/2024
1364,1385,7,947.17,12/13/2024
1364,1055,2,61.96,12/13/2024
85,342,3,268.94,12/13/2024
4885,510,1,7.58,12/13/2024
2628,1007,3,14.73,12/13/2024
2198,756,2,9.89,12/13/2024
2198,399,3,671.54,12/13/2024
235,1400,4,1117.92,12/13/2024
235,28,3,275.95,12/13/2024
281,788,7,123.14,12/13/2024
2085,1478,3,15.58,12/13/2024
4365,1125,6,212.64,12/13/2024
4365,1117,3,9.87,12/13/2024
4365,1559,3,53.25,12/13/2024
4365,303,3,19.92,12/13/2024
2022,56,3,658.75,12/13/2024
1530,848,2,8.26,12/13/2024
1530,754,2,29.84,12/13/2024
1530,1575,2,67.98,12/13/2024
884,994,2,61.06,12/13/2024
884,332,1,35.54,12/13/2024
4093,1016,2,9.96,12/13/2024
4093,482,3,9.21,12/13/2024
4093,1429,3,27.93,12/13/2024
4159,928,2,7.9,12/13/2024
4159,1326,4,221.16,12/13/2024
4159,679,2,127.96,12/13/2024
4159,682,3,18.69,12/13/2024
2015,1463,3,25.35,12/13/2024
2015,162,3,35.28,12/13/2024
2062,1201,5,33.4,12/13/2024
2128,1646,3,837.6,12/13/2024
2636,1694,3,40.68,12/13/2024
2883,71,2,209.57,12/13/2024
4499,1524,4,22.37,12/13/2024
3333,653,2,3.88,12/13/2024
3333,1269,3,115.3,12/13/2024
4189,812,2,1.91,12/13/2024
4915,702,7,43.37,12/13/2024
258,1718,4,783.96,12/13/2024
258,666,2,48.9,12/13/2024
258,792,2,7.86,12/13/2024
1977,998,2,5.9,12/13/2024
1977,1440,2,13.71,12/13/2024
166,863,3,182.94,12/13/2024
3289,533,4,27.76,12/13/2024
1035,506,1,25.99,12/13/2024
1104,1540,5,113.52,12/13/2024
1104,1750,3,359.88,12/13/2024
3974,1283,4,25.34,12/13/2024
4552,775,3,11.95,12/13/2024
4552,1436,3,6.24,12/13/2024
4353,1705,8,742.34,12/13/2024
3195,316,1,6.46,12/13/2024
3195,970,5,11.52,12/13/2024
3195,1850,2,222.38,12/13/2024
2986,481,4,23.36,12/13/2024
1728,1009,3,8.67,12/13/2024
1728,1440,3,25.71,12/13/2024
3452,393,7,100.94,12/13/2024
594,94,1,63.88,12/13/2024
693,95,4,683.14,12/13/2024
693,649,3,1.48,12/13/2024
693,1454,7,40.71,12/13/2024
4928,1078,5,279.9,12/13/2024
863,523,5,13.12,12/13/2024
863,33,4,69.58,12/13/2024
863,524,3,4.22,12/13/2024
863,1588,4,58.08,12/13/2024
863,226,9,52.42,12/13/2024
863,185,5,54.92,12/13/2024
863,325,5,364.95,12/13/2024
863,1090,3,85.06,12/13/2024
863,1216,3,27.7,12/13/2024
4443,1195,4,24.96,12/13/2024
1396,180,1,43.13,12/13/2024
1064,814,3,5.64,12/13/2024
4650,711,3,57.58,12/13/2024
4650,1293,6,31.1,12/13/2024
4650,224,3,30.19,12/13/2024
4650,1834,5,43.6,12/13/2024
4650,557,2,4.77,12/13/2024
4650,805,2,10.38,12/13/2024
4650,736,8,13.39,12/13/2024
3530,1831,1,39.59,12/13/2024
3530,227,9,91.01,12/13/2024
1301,1031,2,37.94,12/13/2024
1301,1045,10,42.8,12/13/2024
1301,1421,3,33.63,12/13/2024
584,881,3,62.81,12/13/2024
1483,1215,4,195.64,12/13/2024
1483,1846,2,239.9,12/13/2024
2033,62,3,380.06,12/13/2024
2033,1621,4,1199.98,12/13/2024
2033,238,3,48.58,12/13/2024
1876,1192,3,17.94,12/13/2024
481,1277,3,18.26,12/13/2024
481,443,2,34.66,12/13/2024
481,451,2,81.55,12/13/2024
481,1343,4,227.14,12/13/2024
3141,807,2,10.36,12/13/2024
1330,434,8,463.25,12/13/2024
1330,1539,6,383.95,12/13/2024
2233,708,6,44.86,12/13/2024
2318,1632,7,30.35,12/13/2024
2318,113,3,127.55,12/13/2024
2318,201,3,77.95,12/13/2024
4890,778,4,14.02,12/13/2024
622,1308,2,69.52,12/13/2024
622,537,3,5.64,12/13/2024
2508,738,3,13.78,12/13/2024
243,405,6,245.88,12/13/2024
243,1416,3,36.63,12/13/2024
243,1367,2,22.58,12/13/2024
243,848,3,12.39,12/13/2024
4148,746,5,39.92,12/13/2024
4148,1181,2,61.96,12/13/2024
4148,682,4,19.94,12/13/2024
2950,777,2,3.8,12/13/2024
2950,1071,6,27.74,12/13/2024
2950,1746,4,158.38,12/13/2024
3884,161,2,27.58,12/13/2024
2255,692,3,5.55,12/13/2024
3168,1345,5,243.92,12/13/2024
4619,946,4,14.96,12/13/2024
4260,811,2,7.18,12/13/2024
1112,778,3,10.51,12/13/2024
742,1765,5,263.96,12/13/2024
742,585,11,71.63,12/13/2024
742,489,1,9.33,12/13/2024
107,569,2,5.88,12/13/2024
107,56,5,975.92,12/13/2024
107,484,8,303.84,12/13/2024
107,1321,6,485.88,12/13/2024
171,298,3,12.54,12/13/2024
171,1314,3,8.94,12/13/2024
171,194,3,9.24,12/13/2024
1299,776,3,70.01,12/13/2024
1299,199,4,77.6,12/13/2024
1299,312,9,464.85,12/13/2024
3526,499,7,10.19,12/13/2024
1726,695,2,1793.98,12/13/2024
474,1753,6,758.35,12/13/2024
2093,689,1,20.37,12/13/2024
2093,802,3,49.85,12/13/2024
4075,1730,3,239.97,12/13/2024
3257,68,6,2404.7,12/13/2024
3257,711,11,563.02,12/13/2024
3257,1331,3,344.91,12/13/2024
3257,970,3,8.64,12/13/2024
3433,1816,2,89.99,12/13/2024
3433,1070,7,229.54,12/13/2024
4087,915,2,1.82,12/13/2024
4087,416,5,18.32,12/13/2024
4087,1371,3,48.82,12/13/2024
4087,720,1,1.19,12/13/2024
406,1498,5,119.8,12/13/2024
4321,1309,2,61.57,12/13/2024
4321,553,3,6.19,12/13/2024
4598,649,3,2.21,12/13/2024
3673,902,2,5.32,12/13/2024
3673,56,4,975.92,12/13/2024
3673,1583,9,2249.91,12/13/2024
3673,1355,4,59.92,12/13/2024
2894,797,5,171.2,12/13/2024
2894,543,2,3.36,12/13/2024
605,1066,5,114.2,12/13/2024
2691,125,3,182.67,12/13/2024
2691,1568,6,101.7,12/13/2024
2691,1419,3,1126.02,12/13/2024
2691,1409,6,1263.3,12/13/2024
2252,516,3,8.82,12/13/2024
2252,1101,2,37.94,12/13/2024
2252,515,2,4.2,12/13/2024
2252,1384,2,227.28,12/13/2024
2252,1265,1,47.9,12/13/2024
2252,901,2,61.96,12/13/2024
2252,1400,4,1117.92,12/13/2024
4250,111,2,183.37,12/13/2024
4250,1164,2,7.97,12/13/2024
2178,644,8,26.35,12/13/2024
3210,1353,4,481.32,12/13/2024
3210,1447,1,13.98,12/13/2024
3027,786,6,25.92,12/13/2024
3027,994,3,91.59,12/13/2024
4341,110,3,674.06,12/13/2024
4298,779,4,22.92,12/13/2024
4298,1346,5,269.9,12/13/2024
423,713,8,11.81,12/13/2024
423,1862,2,9.59,12/13/2024
3355,859,3,18.34,12/13/2024
3355,1018,7,36.29,12/13/2024
3355,1756,2,111.98,12/13/2024
3355,723,5,5.97,12/13/2024
3355,795,2,2.51,12/13/2024
1608,613,2,35.96,12/13/2024
1608,682,3,14.95,12/13/2024
4065,620,7,67.14,12/13/2024
4065,76,3,254.06,12/13/2024
2643,48,3,173.94,12/13/2024
2643,1704,2,231.98,12/13/2024
2843,738,2,2.3,12/13/2024
3083,1269,2,96.08,12/13/2024
3083,935,2,3.62,12/13/2024
3083,1084,6,629.1,12/13/2024
3083,1802,2,90.48,12/13/2024
3336,579,2,14.88,12/13/2024
3148,354,1,91.28,12/13/2024
3664,1151,3,19.44,12/13/2024
3664,51,3,897.15,12/13/2024
4283,495,5,57.75,12/13/2024
4283,1046,3,14.94,12/13/2024
3675,521,2,23.1,12/13/2024
894,900,1,12.54,12/13/2024
894,724,2,1.08,12/13/2024
894,934,3,4.51,12/13/2024
1532,1814,3,16.78,12/13/2024
3819,839,7,33.74,12/13/2024
671,1299,5,1325.85,12/13/2024
671,27,3,334,12/13/2024
671,588,5,19.9,12/13/2024
1550,73,9,1268.82,12/13/2024
1550,22,4,283.92,12/13/2024
1550,504,2,5.68,12/13/2024
2948,1419,1,375.34,12/13/2024
2495,1269,2,96.08,12/13/2024
2495,641,2,11.68,12/13/2024
2495,908,2,4.36,12/13/2024
30,983,4,29.24,12/13/2024
2955,722,7,117.49,12/13/2024
2955,165,3,18.84,12/13/2024
2101,621,3,12.42,12/13/2024
1387,1042,2,12.96,12/13/2024
3156,435,1,69.48,12/13/2024
1513,1736,2,85.9,12/13/2024
707,553,7,18.06,12/13/2024
707,1229,3,79.14,12/13/2024
707,235,2,37.4,12/13/2024
1159,694,2,2.51,12/13/2024
1159,939,9,18.86,12/13/2024
2742,1815,1,61.19,12/13/2024
2742,439,1,67.84,12/13/2024
666,125,1,48.71,12/13/2024
666,520,3,17.94,12/13/2024
666,1372,3,242.94,12/13/2024
2342,653,4,7.76,12/13/2024
921,1757,4,467.04,12/13/2024
1096,1736,3,128.85,12/13/2024
1096,1102,2,8.4,12/13/2024
1096,1594,2,199.98,12/13/2024
1096,79,1,110.98,12/13/2024
4667,57,2,207.98,12/13/2024
4667,1175,2,36.11,12/13/2024
4667,292,2,35.57,12/13/2024
4667,1254,2,88.77,12/13/2024
2723,1166,2,12.9,12/13/2024
1357,1562,9,717.12,12/13/2024
1649,677,5,21.36,12/13/2024
1649,795,2,6.69,12/13/2024
1649,1728,6,773.94,12/13/2024
4594,1440,3,20.57,12/13/2024
4594,460,2,4.36,12/13/2024
4594,1470,4,19.04,12/13/2024
704,961,2,5.22,12/13/2024
1850,1398,3,84.84,12/13/2024
1594,935,5,7.24,12/13/2024
308,964,5,14.4,12/13/2024
2462,1224,3,15.55,12/13/2024
2462,123,6,1325.76,12/13/2024
2462,807,2,3.11,12/13/2024
2964,806,3,6.67,12/13/2024
2964,1768,4,689.41,12/13/2024
4830,686,5,1889.99,12/13/2024
1495,851,8,55.94,12/13/2024
1495,1002,8,18.43,12/13/2024
1495,146,5,20.32,12/13/2024
399,675,4,52.06,12/13/2024
3916,389,1,48.78,12/13/2024
3916,639,4,13.09,12/13/2024
2153,1842,1,109.59,12/13/2024
2153,1193,5,56.7,12/13/2024
3992,1483,1,79.99,12/13/2024
2256,1432,5,69.5,12/13/2024
2256,1265,4,191.6,12/13/2024
2552,1027,2,10.56,12/13/2024
658,1541,3,47.79,12/13/2024
1578,1395,5,714.3,12/13/2024
1699,1626,2,2321.9,12/13/2024
1699,1350,3,17.94,12/13/2024
841,841,1,9.52,12/13/2024
841,1793,6,791.96,12/13/2024
841,673,3,4.92,12/13/2024
4898,45,7,209.98,12/13/2024
4972,709,3,33.93,12/13/2024
4972,1302,7,222.32,12/13/2024
4972,1851,6,210.56,12/13/2024
631,244,7,35.17,12/13/2024
631,1788,4,1502.38,12/13/2024
342,228,3,10.11,12/13/2024
342,1577,3,772.47,12/13/2024
342,1446,2,20.46,12/13/2024
3533,1451,3,347.58,12/13/2024
2224,1504,2,72.64,12/13/2024
2224,1577,3,772.47,12/13/2024
2224,272,4,39.92,12/13/2024
4863,844,2,33.48,12/13/2024
4863,1805,3,461.97,12/13/2024
4863,424,2,137.62,12/13/2024
4863,128,3,302.67,12/13/2024
608,1510,3,239.98,12/13/2024
3581,512,3,8.34,12/13/2024
3581,1440,1,8.57,12/13/2024
3581,744,8,119.62,12/13/2024
2554,117,3,212.94,12/13/2024
2554,438,1,26.49,12/13/2024
854,46,5,687.4,12/13/2024
805,324,3,653.55,12/13/2024
805,1568,2,33.9,12/13/2024
3631,1572,5,239.96,12/13/2024
1284,330,4,199.84,12/13/2024
1284,1751,2,716,12/13/2024
1284,828,7,221.06,12/13/2024
2613,1175,3,67.71,12/13/2024
2613,380,4,129.92,12/13/2024
2613,172,9,467.46,12/13/2024
2613,1104,5,61.4,12/13/2024
2613,1349,4,720.76,12/13/2024
2613,837,3,5.18,12/13/2024
2613,514,5,14.7,12/13/2024
4203,727,7,8.13,12/13/2024
4203,1608,2,79.98,12/13/2024
1472,1129,2,18.54,12/13/2024
1259,852,2,24.4,12/13/2024
4824,1210,4,195.64,12/13/2024
1343,1562,5,398.4,12/13/2024
1343,516,3,7.06,12/13/2024
1343,29,9,1352.4,12/13/2024
1611,1183,5,26.4,12/13/2024
1611,1378,6,41.88,12/13/2024
2024,822,9,99.85,12/13/2024
1843,1707,2,699.98,12/13/2024
1843,1298,9,584.82,12/13/2024
1289,788,2,43.98,12/13/2024
1289,1703,3,377.97,12/13/2024
1289,164,3,123.96,12/13/2024
3253,1870,2,391.98,12/13/2024
3640,1521,3,383.98,12/13/2024
3640,339,7,1781.68,12/13/2024
4013,587,5,21.4,12/13/2024
294,1614,1,549.99,12/13/2024
294,430,3,167.53,12/13/2024
294,872,3,38.34,12/13/2024
294,212,6,53.88,12/13/2024
294,1722,2,299.98,12/13/2024
1407,1317,4,62.8,12/13/2024
3823,730,2,13.9,12/13/2024
433,334,5,744.1,12/13/2024
433,1421,5,44.84,12/13/2024
433,371,2,401.59,12/13/2024
3663,761,3,18.24,12/13/2024
4878,19,3,359.5,12/13/2024
4878,1341,1,10.48,12/13/2024
4431,1224,4,20.74,12/13/2024
2553,1585,4,35.17,12/13/2024
2553,1056,3,64.7,12/13/2024
1821,1231,4,105.52,12/13/2024
1392,684,2,5.79,12/13/2024
909,1708,7,466.16,12/13/2024
909,1493,1,10.31,12/13/2024
909,781,3,2.56,12/13/2024
3461,1127,2,7.97,12/13/2024
3461,858,1,8.78,12/13/2024
3930,938,3,3.02,12/13/2024
1043,1420,3,51.45,12/13/2024
4288,461,4,14.02,12/13/2024
4288,364,5,214.95,12/13/2024
4288,1698,4,35.04,12/13/2024
4288,212,3,10.78,12/13/2024
4288,846,2,4.6,12/13/2024
4288,1377,2,35.17,12/13/2024
1352,733,3,19.15,12/13/2024
687,597,2,4.45,12/13/2024
687,1162,1,5.18,12/13/2024
687,1173,3,15.55,12/13/2024
1671,1145,6,40.03,12/13/2024
1671,1596,3,16.78,12/13/2024
210,92,4,186.3,12/13/2024
1427,1481,4,66.36,12/13/2024
3447,615,9,42.05,12/13/2024
3447,542,5,67.92,12/13/2024
468,860,6,52.51,12/13/2024
468,1401,6,186.91,12/13/2024
468,1203,4,10.05,12/13/2024
1496,173,9,17.5,12/13/2024
2444,1246,3,15.55,12/13/2024
2486,811,3,10.78,12/13/2024
3320,1005,1,3.3,12/13/2024
3885,1396,1,35.48,12/13/2024
1150,945,3,34.44,12/13/2024
1150,1655,7,629.93,12/13/2024
1150,644,9,79.06,12/13/2024
588,1414,5,232.55,12/13/2024
588,1551,2,99.98,12/13/2024
588,1238,3,19.44,12/13/2024
588,1162,2,12.96,12/13/2024
710,326,9,464.29,12/13/2024
710,856,7,68.46,12/13/2024
710,1675,4,2799.96,12/13/2024
710,442,2,601.3,12/13/2024
710,1738,1,16.99,12/13/2024
710,1706,3,287.97,12/13/2024
710,1033,9,44.82,12/13/2024
3743,227,8,101.12,12/13/2024
1106,1752,3,107.98,12/13/2024
3909,417,7,58.73,12/13/2024
3909,776,4,93.34,12/13/2024
2494,932,5,17.05,12/13/2024
1423,742,2,8.1,12/13/2024
2150,249,4,30.36,12/13/2024
3377,867,3,23.34,12/13/2024
3377,1294,5,51.55,12/13/2024
1524,1518,2,119.9,12/13/2024
1868,56,6,1317.49,12/13/2024
1868,1433,8,63.84,12/13/2024
1868,811,1,3.59,12/13/2024
4025,247,2,86.26,12/13/2024
4025,1308,4,139.04,12/13/2024
4025,385,4,46.8,12/13/2024
3384,195,4,8.54,12/13/2024
3384,70,3,842.38,12/13/2024
511,1741,3,1214.85,12/13/2024
3310,1318,2,67.78,12/13/2024
4193,1373,5,39.9,12/13/2024
4248,831,1,2.69,12/13/2024
4248,505,3,6.6,12/13/2024
4404,734,4,28.4,12/13/2024
4404,152,3,212.94,12/13/2024
4061,1788,2,1001.58,12/13/2024
4061,53,3,569.06,12/13/2024
4061,275,2,14.22,12/13/2024
1544,1746,2,105.58,12/13/2024
1544,1736,2,68.72,12/13/2024
150,26,8,1367.84,12/13/2024
1943,64,2,301.96,12/13/2024
1603,117,3,170.35,12/13/2024
255,509,2,3.9,12/13/2024
255,1025,3,12.84,12/13/2024
255,1177,3,15.84,12/13/2024
255,137,3,563.94,12/13/2024
255,1425,3,62.94,12/13/2024
255,1348,3,535.41,12/13/2024
2052,81,5,3504.9,12/13/2024
2052,1130,3,144.12,12/13/2024
2052,1084,3,314.55,12/13/2024
900,555,1,3.41,12/13/2024
2944,752,2,2.07,12/13/2024
2944,43,3,328.4,12/13/2024
2456,729,2,53.25,12/13/2024
2053,847,3,4.99,12/13/2024
4394,320,2,37.68,12/13/2024
4394,1825,2,258.58,12/13/2024
4394,475,2,75.84,12/13/2024
2997,1238,7,45.36,12/13/2024
2997,790,3,45.78,12/13/2024
4072,1327,3,40.29,12/13/2024
4072,755,7,38.71,12/13/2024
1254,1419,6,1801.63,12/13/2024
4466,1795,8,748.75,12/13/2024
1009,1500,4,199.96,12/13/2024
1009,50,7,1516.2,12/13/2024
4889,1604,6,167.95,12/13/2024
4889,590,2,45.04,12/13/2024
4909,889,2,23.16,12/13/2024
24,273,5,397.6,12/13/2024
24,1104,7,85.96,12/13/2024
24,632,4,13.12,12/13/2024
24,654,3,45.66,12/13/2024
699,862,3,158.13,12/13/2024
699,1834,5,43.6,12/13/2024
1761,1427,3,3930.07,12/13/2024
1761,920,1,2.3,12/13/2024
1761,1715,3,431.98,12/13/2024
1761,1550,7,41.72,12/13/2024
1362,288,7,104.23,12/13/2024
1362,1403,3,70.26,12/13/2024
829,628,2,9.26,12/13/2024
829,1358,2,105.98,12/13/2024
829,909,1,1.24,12/13/2024
829,976,2,20.7,12/13/2024
829,1176,5,28.9,12/13/2024
829,873,1,27.18,12/13/2024
1556,1383,3,465.18,12/13/2024
1204,1416,3,36.63,12/13/2024
2407,1420,3,51.45,12/13/2024
2407,952,3,7.83,12/13/2024
2407,556,5,35.4,12/13/2024
2407,1121,5,29.9,12/13/2024
4970,851,2,17.48,12/13/2024
3499,1168,3,79.14,12/13/2024
4137,534,5,8.4,12/13/2024
3720,134,7,498.26,12/13/2024
493,5,3,212.94,12/13/2024
3139,397,7,706.86,12/13/2024
3139,1821,5,114.95,12/13/2024
3139,692,7,43.19,12/13/2024
4771,1254,3,166.44,12/13/2024
2012,701,5,36.56,12/13/2024
2012,765,6,186.14,12/13/2024
2012,29,2,353.57,12/13/2024
4301,1087,2,81.98,12/13/2024
3300,701,2,14.62,12/13/2024
3300,328,5,697.16,12/13/2024
3300,178,1,30.93,12/13/2024
3300,657,7,27.5,12/13/2024
195,128,6,605.34,12/13/2024
3426,335,1,210.01,12/13/2024
1867,416,3,54.96,12/13/2024
769,317,3,164.22,12/13/2024
769,7,3,362.94,12/13/2024
769,1574,2,59.98,12/13/2024
1959,1415,3,332.94,12/13/2024
1959,708,2,39.87,12/13/2024
1860,1461,2,13.68,12/13/2024
3739,755,3,3.32,12/13/2024
2467,789,1,10.44,12/13/2024
2573,333,2,136.46,12/13/2024
2573,1755,3,333.58,12/13/2024
2573,652,2,12.54,12/13/2024
4502,388,8,20.77,12/13/2024
4777,1535,3,43.5,12/13/2024
889,919,4,12.58,12/13/2024
4720,1500,5,249.95,12/13/2024
4720,1271,4,49.12,12/13/2024
1225,378,3,182.91,12/13/2024
4266,816,2,107.65,12/13/2024
1127,94,2,99.37,12/13/2024
1127,253,2,33.57,12/13/2024
2168,1217,2,10.56,12/13/2024
4790,1285,6,38.88,12/13/2024
4795,1126,5,35.2,12/13/2024
3969,1031,3,45.53,12/13/2024
74,1712,3,196.78,12/13/2024
74,641,2,2.92,12/13/2024
74,367,1,200.8,12/13/2024
74,1547,4,46.69,12/13/2024
74,574,3,21.86,12/13/2024
3760,1137,2,11.76,12/13/2024
3760,1251,3,167.94,12/13/2024
3760,414,1,3.89,12/13/2024
4792,1661,4,52.44,12/13/2024
3689,149,4,32.36,12/13/2024
3689,467,5,406.6,12/13/2024
3324,187,4,27.92,12/13/2024
3324,330,7,399.67,12/13/2024
4685,647,4,3.74,12/13/2024
1621,59,3,715.2,12/13/2024
3755,1590,4,159.8,12/13/2024
3755,1556,5,44.75,12/13/2024
176,130,6,340.12,12/13/2024
698,1229,4,105.52,12/13/2024
4740,1527,1,13.48,12/13/2024
3857,1361,2,85.52,12/13/2024
872,194,2,6.16,12/13/2024
872,1149,3,36.84,12/13/2024
416,1387,3,15.84,12/13/2024
416,979,3,44.4,12/13/2024
2937,875,9,21.24,12/13/2024
2937,770,8,9.55,12/13/2024
2937,45,3,89.99,12/13/2024
4892,1070,4,163.96,12/13/2024
552,1169,2,17.9,12/13/2024
552,123,5,966.7,12/13/2024
552,1054,6,182.11,12/13/2024
3828,1423,1,4.46,12/13/2024
945,364,1,51.59,12/13/2024
3704,953,8,50.4,12/13/2024
3642,1078,2,89.57,12/13/2024
2999,288,1,14.89,12/13/2024
2999,1792,8,543.92,12/13/2024
1803,864,2,4.08,12/13/2024
1803,989,3,18.9,12/13/2024
1922,349,10,2275.5,12/13/2024
1922,1555,6,1979.7,12/13/2024
1922,965,6,62.1,12/13/2024
4285,80,2,37.3,12/13/2024
4351,189,2,8.54,12/13/2024
4717,161,5,68.95,12/13/2024
4717,1296,3,296.37,12/13/2024
4717,1787,2,39.98,12/13/2024
3430,112,3,191.06,12/13/2024
3430,605,5,13.04,12/13/2024
3430,780,6,1525.19,12/13/2024
2060,1013,4,9.22,12/13/2024
2060,1448,2,28.05,12/13/2024
3563,147,2,64.96,12/13/2024
3563,859,4,30.56,12/13/2024
2537,86,9,187.06,12/13/2024
4980,222,2,11.81,12/13/2024
4980,314,1,9.66,12/13/2024
4980,1212,4,20.74,12/13/2024
4980,676,3,27.36,12/13/2024
4980,321,7,2314.12,12/13/2024
4980,803,4,34.24,12/13/2024
4980,269,2,19.76,12/13/2024
3495,1255,2,15.96,12/13/2024
1047,595,5,16.9,12/13/2024
1047,298,6,25.08,12/13/2024
1493,575,2,6.68,12/13/2024
381,1155,3,19.44,12/13/2024
1058,1693,2,31.92,12/13/2024
1879,698,2,33.57,12/13/2024
2055,311,1,63.94,12/13/2024
2055,696,5,60.6,12/13/2024
2055,1444,4,22.72,12/13/2024
46,195,4,10.68,12/13/2024
46,1161,3,17.34,12/13/2024
46,1185,1,3.38,12/13/2024
1690,707,4,26.98,12/13/2024
3039,1022,7,307.78,12/13/2024
1420,1379,5,244.55,12/13/2024
1420,864,6,12.24,12/13/2024
1420,1524,2,13.98,12/13/2024
1420,1545,5,899.95,12/13/2024
4356,864,1,1.63,12/13/2024
4356,1867,5,267.96,12/13/2024
966,1541,1,31.95,12/13/2024
2993,1391,4,725.84,12/13/2024
2993,801,3,10.9,12/13/2024
2993,677,2,8.54,12/13/2024
1463,787,3,32.34,12/13/2024
1463,1255,5,39.9,12/13/2024
4738,1086,9,143.86,12/13/2024
2069,1281,4,41.92,12/13/2024
2069,1778,2,329.58,12/13/2024
4512,639,8,87.28,12/13/2024
175,92,6,279.46,12/13/2024
175,1207,2,8,12/13/2024
2289,764,5,27.24,12/13/2024
596,1591,1,16.36,12/13/2024
596,1304,2,15.78,12/13/2024
596,626,2,45.98,12/13/2024
4846,31,8,198.27,12/13/2024
2825,1349,5,720.76,12/13/2024
2042,162,6,70.56,12/13/2024
2042,405,2,81.96,12/13/2024
284,392,4,64.86,12/13/2024
1815,1854,1,151.19,12/13/2024
3958,1804,3,88.78,12/13/2024
3958,1015,4,11.56,12/13/2024
3958,1337,1,15.58,12/13/2024
3758,1218,3,85.06,12/13/2024
4891,307,2,273.96,12/13/2024
4891,296,3,306.9,12/13/2024
1038,1213,3,15.55,12/13/2024
1038,347,7,347.36,12/13/2024
1038,1090,2,10.37,12/13/2024
3488,1591,6,98.16,12/13/2024
3488,614,3,31.44,12/13/2024
310,850,7,348.49,12/13/2024
310,1346,4,172.74,12/13/2024
2254,1060,3,15.54,12/13/2024
2254,1629,6,105.55,12/13/2024
2458,1139,5,25.92,12/13/2024
2458,923,8,15.81,12/13/2024
2458,1156,2,10.37,12/13/2024
4027,1748,3,358.2,12/13/2024
4027,1711,14,545.92,12/13/2024
3859,671,9,40.41,12/13/2024
4095,1756,3,167.98,12/13/2024
4095,1606,3,109.53,12/13/2024
4095,1007,2,9.82,12/13/2024
4082,644,3,26.35,12/13/2024
4252,985,6,22.5,12/13/2024
4252,969,2,9.96,12/13/2024
4252,741,7,213.08,12/13/2024
4252,3,6,1025.88,12/13/2024
72,1203,7,21.98,12/13/2024
4644,227,5,63.2,12/13/2024
2398,453,12,39,12/13/2024
2693,750,3,2.91,12/13/2024
1978,13,5,556.66,12/13/2024
3449,1468,2,71.98,12/13/2024
3449,1472,2,79.98,12/13/2024
3276,798,4,24.67,12/13/2024
3276,646,1,3.74,12/13/2024
4630,1776,5,445.96,12/13/2024
4630,1566,1,36.24,12/13/2024
4630,917,3,10.65,12/13/2024
3000,1204,4,87.92,12/13/2024
3000,757,1,22.42,12/13/2024
3000,709,3,90.48,12/13/2024
3000,1361,1,42.76,12/13/2024
4130,724,7,10.08,12/13/2024
4130,1610,3,101.34,12/13/2024
2523,1809,5,224.75,12/13/2024
4842,389,6,73.18,12/13/2024
4842,1287,4,20.74,12/13/2024
4842,1844,2,39.98,12/13/2024
402,809,2,15.36,12/13/2024
940,1280,7,36.29,12/13/2024
940,1763,2,150.38,12/13/2024
4660,1795,3,280.78,12/13/2024
4660,1565,2,31.98,12/13/2024
4701,646,3,11.23,12/13/2024
2874,1093,5,26.4,12/13/2024
4825,524,2,3.52,12/13/2024
2531,1578,5,1649.95,12/13/2024
2531,176,6,111.9,12/13/2024
4529,41,5,599.16,12/13/2024
1902,1399,3,46.53,12/13/2024
450,207,2,31.98,12/13/2024
3140,397,2,161.57,12/13/2024
3140,1162,1,4.06,12/13/2024
3140,752,4,6.22,12/13/2024
3401,480,4,8.9,12/13/2024
1590,386,5,1640.7,12/13/2024
1590,1486,3,270,12/13/2024
45,191,2,19.52,12/13/2024
45,717,5,9.81,12/13/2024
45,251,3,213.22,12/13/2024
2757,834,2,588.78,12/13/2024
4951,553,1,2.06,12/13/2024
3919,1081,2,6.37,12/13/2024
1444,1562,1,99.6,12/13/2024
1444,719,13,62.3,12/13/2024
1444,492,3,10.71,12/13/2024
2137,881,1,20.94,12/13/2024
4585,1817,6,33,12/13/2024
4585,1548,5,249.95,12/13/2024
4242,1428,3,357.93,12/13/2024
4242,1506,5,57.4,12/13/2024
4242,830,2,331.96,12/13/2024
4242,260,2,40.56,12/13/2024
2332,1456,5,86.2,12/13/2024
4767,1283,6,38.02,12/13/2024
4014,1341,1,8.38,12/13/2024
4014,570,2,6.85,12/13/2024
3417,905,5,19.6,12/13/2024
3417,294,2,68.46,12/13/2024
3119,806,6,13.34,12/13/2024
3119,336,8,1478.27,12/13/2024
4210,1371,1,16.27,12/13/2024
2838,194,3,9.24,12/13/2024
555,787,10,32.34,12/13/2024
555,1068,4,56.06,12/13/2024
555,873,5,108.72,12/13/2024
555,16,5,181.47,12/13/2024
103,1051,3,16.18,12/13/2024
2047,96,3,122.35,12/13/2024
400,56,3,585.55,12/13/2024
400,1287,3,19.44,12/13/2024
2608,455,5,123.92,12/13/2024
3123,154,5,13.36,12/13/2024
3123,1379,2,78.26,12/13/2024
3123,4,7,102.02,12/13/2024
3236,1419,2,750.68,12/13/2024
4187,979,3,44.4,12/13/2024
4187,1339,5,84.55,12/13/2024
4187,1204,3,17.94,12/13/2024
2032,731,3,128.4,12/13/2024
26,682,1,1.87,12/13/2024
2927,1728,1,103.19,12/13/2024
2927,1531,2,36,12/13/2024
2927,1572,4,239.96,12/13/2024
2927,1371,2,40.68,12/13/2024
3789,82,4,419.14,12/13/2024
101,856,3,23.47,12/13/2024
1554,811,4,3.59,12/13/2024
3496,1864,3,23.98,12/13/2024
3496,952,3,6.26,12/13/2024
3496,422,3,20.81,12/13/2024
3496,112,3,218.35,12/13/2024
4089,1313,2,18.16,12/13/2024
76,1438,2,7.36,12/13/2024
76,976,4,41.4,12/13/2024
76,2,4,411.33,12/13/2024
990,691,4,7.66,12/13/2024
3153,1590,2,63.92,12/13/2024
4094,511,2,6.56,12/13/2024
4094,959,3,7.83,12/13/2024
4094,1600,2,41.9,12/13/2024
4094,84,6,664.15,12/13/2024
4094,1275,2,8.96,12/13/2024
3367,197,1,3.31,12/13/2024
3367,417,3,20.14,12/13/2024
3367,892,3,8.86,12/13/2024
3367,1751,4,859.2,12/13/2024
4696,1029,2,61.96,12/13/2024
2480,878,4,17.92,12/13/2024
1682,190,5,145.9,12/13/2024
4947,1125,2,56.7,12/13/2024
4947,1767,2,11.12,12/13/2024
4279,1030,4,32.9,12/13/2024
4279,1023,3,22.78,12/13/2024
845,1749,3,239.97,12/13/2024
845,469,2,160.32,12/13/2024
845,1736,3,128.85,12/13/2024
4616,1578,4,1319.96,12/13/2024
3149,127,10,239.96,12/13/2024
3149,294,2,54.77,12/13/2024
3149,496,3,13.39,12/13/2024
3149,1188,5,23.92,12/13/2024
3149,1480,4,255.97,12/13/2024
1864,671,6,21.55,12/13/2024
1864,473,4,58.24,12/13/2024
2432,1064,12,80.28,12/13/2024
3889,563,2,9.78,12/13/2024
4134,926,1,1.81,12/13/2024
1355,1225,2,37.94,12/13/2024
1293,1688,5,79.96,12/13/2024
3535,1269,3,115.3,12/13/2024
4010,1749,4,2479.96,12/13/2024
4715,1494,6,179.94,12/13/2024
4715,1556,3,26.85,12/13/2024
4715,1561,3,323.37,12/13/2024
4715,1028,3,59.94,12/13/2024
4715,712,3,64.14,12/13/2024
4715,663,3,11.67,12/13/2024
4715,1112,2,12.96,12/13/2024
1065,727,3,17.43,12/13/2024
4939,57,2,181.99,12/13/2024
4939,770,2,1.59,12/13/2024
4939,1429,3,22.34,12/13/2024
2247,327,6,455.97,12/13/2024
2247,648,6,10.44,12/13/2024
2247,730,2,5.21,12/13/2024
2872,1356,5,67.4,12/13/2024
3822,224,2,25.16,12/13/2024
3822,1796,4,126.56,12/13/2024
700,473,3,43.68,12/13/2024
700,1569,7,139.93,12/13/2024
4336,575,1,2.67,12/13/2024
4336,1430,6,16.66,12/13/2024
4336,1577,3,79.51,12/13/2024
4336,1257,7,36.29,12/13/2024
4336,45,1,67.99,12/13/2024
3110,245,2,10.16,12/13/2024
1125,277,2,6.16,12/13/2024
1125,590,2,56.3,12/13/2024
4382,1020,1,6.48,12/13/2024
4382,1299,5,1325.85,12/13/2024
4382,1016,3,14.94,12/13/2024
3475,688,1,34.54,12/13/2024
3475,1613,5,2999.95,12/13/2024
3475,659,4,64.12,12/13/2024
3954,497,4,19.46,12/13/2024
3954,1648,2,209.99,12/13/2024
3954,579,5,29.76,12/13/2024
3954,109,1,89.77,12/13/2024
3954,1613,2,959.98,12/13/2024
3954,1142,3,15.55,12/13/2024
3954,1736,1,34.36,12/13/2024
602,1087,3,98.38,12/13/2024
602,794,4,29.94,12/13/2024
602,1205,3,17.47,12/13/2024
602,1754,1,36.74,12/13/2024
602,1750,2,179.94,12/13/2024
2268,314,6,383.64,12/13/2024
2268,425,3,56.52,12/13/2024
3556,603,2,6.56,12/13/2024
3556,114,5,243.92,12/13/2024
3556,1027,9,47.52,12/13/2024
4080,141,1,19.98,12/13/2024
2656,488,5,8,12/13/2024
212,277,2,6.16,12/13/2024
2923,1365,4,83.56,12/13/2024
2923,1734,3,546.06,12/13/2024
2923,1360,3,269.49,12/13/2024
1467,921,5,10.9,12/13/2024
785,715,2,6.1,12/13/2024
1942,1313,3,34.05,12/13/2024
1942,1410,2,352.38,12/13/2024
744,98,2,245.98,12/13/2024
744,840,1,18.94,12/13/2024
4762,803,7,59.91,12/13/2024
4001,1718,2,391.98,12/13/2024
4001,1757,3,437.85,12/13/2024
1586,749,2,68.62,12/13/2024
3824,1435,3,25.02,12/13/2024
3824,492,3,10.71,12/13/2024
116,610,2,55.98,12/13/2024
116,895,5,14.48,12/13/2024
116,1553,3,142.49,12/13/2024
1981,1402,1,14.16,12/13/2024
1981,1266,5,79.92,12/13/2024
1363,793,6,590.35,12/13/2024
2240,189,2,17.09,12/13/2024
2240,98,1,98.39,12/13/2024
2919,525,5,11.05,12/13/2024
1684,414,2,7.78,12/13/2024
3133,1555,2,659.9,12/13/2024
1411,1532,3,53.04,12/13/2024
3212,1525,2,843.9,12/13/2024
3212,1530,9,1496.16,12/13/2024
2438,1411,2,117.96,12/13/2024
2599,555,5,21.3,12/13/2024
2599,419,5,1040.8,12/13/2024
2599,540,6,29.34,12/13/2024
3321,191,2,19.52,12/13/2024
823,1415,4,443.92,12/13/2024
4577,1517,5,499.95,12/13/2024
4577,498,1,3.04,12/13/2024
4577,122,2,201.96,12/13/2024
4577,167,11,68.64,12/13/2024
2038,1557,4,100,12/13/2024
2038,1545,2,359.98,12/13/2024
327,194,2,6.16,12/13/2024
327,353,9,2348.82,12/13/2024
3784,1015,6,13.87,12/13/2024
3784,72,3,273.55,12/13/2024
4639,345,9,815.29,12/13/2024
344,1502,3,234.45,12/13/2024
344,360,6,1256.22,12/13/2024
344,771,2,17.46,12/13/2024
1732,814,7,10.53,12/13/2024
1260,666,5,152.8,12/13/2024
3273,735,5,82.56,12/13/2024
3273,1477,3,284.97,12/13/2024
3068,297,3,60.84,12/13/2024
648,123,6,1325.76,12/13/2024
648,59,3,572.16,12/13/2024
569,1207,9,28.8,12/13/2024
2943,480,4,11.12,12/13/2024
2133,255,4,7.04,12/13/2024
1664,896,3,17.94,12/13/2024
3207,730,5,34.76,12/13/2024
3351,288,5,74.45,12/13/2024
861,185,14,192.22,12/13/2024
4161,1131,3,19.44,12/13/2024
3645,1278,5,32.4,12/13/2024
3645,874,5,57.9,12/13/2024
3645,1387,2,10.56,12/13/2024
3645,23,5,1194.16,12/13/2024
3004,1087,1,40.99,12/13/2024
4271,503,1,2.94,12/13/2024
2396,709,4,45.24,12/13/2024
2396,615,4,18.69,12/13/2024
2396,1205,2,11.65,12/13/2024
2396,1490,3,112.78,12/13/2024
2396,345,5,377.45,12/13/2024
2396,954,4,15.94,12/13/2024
2396,1861,3,28.68,12/13/2024
1831,234,2,21.44,12/13/2024
1831,1343,9,511.06,12/13/2024
2348,501,2,18.66,12/13/2024
2348,685,7,11.09,12/13/2024
2348,1368,1,66.69,12/13/2024
2348,1418,2,99.49,12/13/2024
2353,1004,2,14.62,12/13/2024
2353,839,14,53.98,12/13/2024
2353,1558,3,389.97,12/13/2024
1340,251,4,355.36,12/13/2024
1340,1851,3,140.38,12/13/2024
3369,883,2,15.84,12/13/2024
3369,1092,2,8.45,12/13/2024
2417,1247,2,12.96,12/13/2024
443,1739,6,57.41,12/13/2024
443,1607,4,27.6,12/13/2024
329,144,3,38.98,12/13/2024
2372,914,7,20.44,12/13/2024
2372,1159,2,109.92,12/13/2024
2345,691,1,6.38,12/13/2024
2345,1114,1,6.48,12/13/2024
740,1262,3,15.84,12/13/2024
740,1722,7,1049.93,12/13/2024
740,455,5,154.9,12/13/2024
1209,751,3,98.35,12/13/2024
393,912,5,14.32,12/13/2024
393,266,6,129.89,12/13/2024
393,853,7,48.94,12/13/2024
1048,82,3,275.06,12/13/2024
4433,498,9,27.36,12/13/2024
4433,1110,5,44.75,12/13/2024
4433,1857,1,134.99,12/13/2024
4433,1027,5,26.4,12/13/2024
4433,62,3,542.94,12/13/2024
2108,332,2,71.09,12/13/2024
3329,654,9,27.4,12/13/2024
3329,816,1,13.46,12/13/2024
2365,979,1,11.84,12/13/2024
3776,1204,6,35.88,12/13/2024
2097,865,3,40.75,12/13/2024
2097,1604,5,139.96,12/13/2024
4253,603,1,2.62,12/13/2024
4253,349,1,136.53,12/13/2024
4253,1555,1,263.96,12/13/2024
654,1445,3,11.64,12/13/2024
3524,844,3,40.18,12/13/2024
4480,177,3,79.44,12/13/2024
4480,1428,3,357.93,12/13/2024
4480,94,2,127.76,12/13/2024
4480,1621,7,2799.94,12/13/2024
4480,1221,3,19.44,12/13/2024
3106,1807,1,36.79,12/13/2024
4295,1826,3,5.94,12/13/2024
3122,1347,5,177.55,12/13/2024
1114,1525,5,619.95,12/13/2024
1114,1830,3,29.16,12/13/2024
1114,887,7,57.96,12/13/2024
1114,460,3,29.4,12/13/2024
3338,1332,5,81.4,12/13/2024
1316,908,5,8.72,12/13/2024
1316,1473,3,91.18,12/13/2024
1316,1548,4,159.97,12/13/2024
2736,1285,2,12.96,12/13/2024
42,1381,3,331.54,12/13/2024
853,1584,9,899.91,12/13/2024
932,1803,7,946.34,12/13/2024
3137,1553,3,178.11,12/13/2024
3137,452,3,1089.75,12/13/2024
3137,994,2,61.06,12/13/2024
3137,28,4,459.92,12/13/2024
3137,1189,4,27.52,12/13/2024
3674,22,9,638.82,12/13/2024
3674,1446,3,30.69,12/13/2024
3674,284,2,25.16,12/13/2024
154,648,3,13.92,12/13/2024
578,1196,2,19.36,12/13/2024
578,252,2,19.3,12/13/2024
2571,818,3,38.38,12/13/2024
4927,1035,2,12.96,12/13/2024
4927,177,1,26.48,12/13/2024
4927,1686,2,532.72,12/13/2024
4927,1230,4,26.72,12/13/2024
4927,1075,3,20.04,12/13/2024
4927,1384,7,795.48,12/13/2024
4927,277,7,21.56,12/13/2024
1918,1781,2,249.58,12/13/2024
1918,1540,3,68.11,12/13/2024
1918,1607,3,16.56,12/13/2024
2913,1717,5,74.95,12/13/2024
550,331,3,355.45,12/13/2024
2103,993,3,44.4,12/13/2024
2103,1010,5,20.65,12/13/2024
1991,50,4,866.4,12/13/2024
1475,597,2,5.56,12/13/2024
734,462,4,3.16,12/13/2024
734,1617,5,1999.96,12/13/2024
1051,298,3,46.15,12/13/2024
1450,1629,3,32.98,12/13/2024
4537,1353,4,481.32,12/13/2024
4537,733,1,6.38,12/13/2024
3961,395,3,542.94,12/13/2024
3961,185,4,54.92,12/13/2024
1610,136,10,1448.82,12/13/2024
1029,1411,6,353.88,12/13/2024
4256,1850,3,333.58,12/13/2024
2472,1012,6,60.14,12/13/2024
3335,1559,6,85.2,12/13/2024
1525,971,1,3.15,12/13/2024
1525,1174,4,22.72,12/13/2024
851,138,3,14.91,12/13/2024
851,434,4,1158.12,12/13/2024
1582,1618,1,599.99,12/13/2024
1972,1355,2,23.97,12/13/2024
2352,72,7,638.29,12/13/2024
2352,843,1,13.21,12/13/2024
1775,653,3,15.53,12/13/2024
1882,1084,1,104.85,12/13/2024
77,572,3,30.48,12/13/2024
77,65,1,112.65,12/13/2024
4476,1666,3,71.98,12/13/2024
1537,525,1,2.21,12/13/2024
1537,884,4,15.52,12/13/2024
1537,1073,4,36.44,12/13/2024
3620,16,6,217.76,12/13/2024
3620,1460,6,39.07,12/13/2024
3620,787,7,22.64,12/13/2024
3620,596,7,95.14,12/13/2024
3093,277,5,12.32,12/13/2024
3093,792,3,4.42,12/13/2024
3600,925,7,35,12/13/2024
3600,99,1,72.78,12/13/2024
3600,433,2,97.84,12/13/2024
3600,313,1,51.75,12/13/2024
3600,776,2,46.67,12/13/2024
305,1383,9,1395.54,12/13/2024
305,158,4,117.36,12/13/2024
305,948,3,18.9,12/13/2024
305,1099,2,77.52,12/13/2024
767,126,2,421.37,12/13/2024
276,1715,4,575.97,12/13/2024
276,1061,2,10.37,12/13/2024
1629,1701,2,15.98,12/13/2024
4756,587,3,10.27,12/13/2024
3081,1330,4,61.79,12/13/2024
3081,32,3,206,12/13/2024
2474,1162,3,12.19,12/13/2024
2474,402,2,87.17,12/13/2024
2474,568,2,31.74,12/13/2024
2089,164,4,132.22,12/13/2024
4484,1209,4,105.52,12/13/2024
4484,166,2,91.96,12/13/2024
4484,1749,3,1487.98,12/13/2024
1468,1238,3,19.44,12/13/2024
4369,1547,1,11.67,12/13/2024
302,1766,4,279.96,12/13/2024
302,681,3,12.91,12/13/2024
302,677,4,17.09,12/13/2024
302,963,9,93.15,12/13/2024
302,970,4,11.52,12/13/2024
3146,1428,2,238.62,12/13/2024
3146,474,1,7.77,12/13/2024
3146,330,5,285.48,12/13/2024
3146,719,4,19.17,12/13/2024
194,460,3,26.14,12/13/2024
4019,1050,4,419.4,12/13/2024
4019,128,1,90.8,12/13/2024
4019,133,2,181.76,12/13/2024
4019,578,2,5.56,12/13/2024
2043,373,2,581.96,12/13/2024
2043,131,1,29.98,12/13/2024
949,1558,4,519.96,12/13/2024
2359,952,3,6.26,12/13/2024
2359,99,5,363.92,12/13/2024
825,797,5,64.2,12/13/2024
825,731,3,38.52,12/13/2024
825,1588,5,72.6,12/13/2024
3471,1841,4,57.57,12/13/2024
1237,1315,5,83.7,12/13/2024
1261,1151,5,32.4,12/13/2024
1261,232,2,47.98,12/13/2024
1145,1810,4,415.97,12/13/2024
1145,1345,5,304.9,12/13/2024
1145,238,4,80.96,12/13/2024
1145,1301,7,777.21,12/13/2024
1145,1119,5,32.4,12/13/2024
1145,73,2,225.57,12/13/2024
1145,191,3,36.6,12/13/2024
1087,456,2,715.64,12/13/2024
1087,1299,3,795.51,12/13/2024
1087,1614,1,549.99,12/13/2024
1087,708,3,74.76,12/13/2024
1087,300,3,29.22,12/13/2024
4284,773,2,9.64,12/13/2024
970,1350,7,33.49,12/13/2024
970,1452,3,23.04,12/13/2024
970,764,1,1.36,12/13/2024
970,222,5,14.76,12/13/2024
4950,41,2,239.67,12/13/2024
903,345,2,301.96,12/13/2024
1566,1111,2,7.97,12/13/2024
1725,1109,2,109.92,12/13/2024
1725,1246,3,19.44,12/13/2024
1725,496,2,11.16,12/13/2024
4239,438,3,79.47,12/13/2024
4239,616,2,4.56,12/13/2024
4239,90,5,1133.35,12/13/2024
2603,615,1,4.67,12/13/2024
2603,725,6,104.58,12/13/2024
2505,68,4,1603.14,12/13/2024
2135,336,7,1293.49,12/13/2024
2540,286,3,127.95,12/13/2024
3404,1394,1,59.76,12/13/2024
3469,737,7,108.08,12/13/2024
3469,812,3,9.54,12/13/2024
1196,540,3,11.74,12/13/2024
621,679,7,447.86,12/13/2024
621,1204,3,17.94,12/13/2024
621,405,6,245.88,12/13/2024
2215,1134,4,192.16,12/13/2024
2228,68,2,801.57,12/13/2024
2228,1024,9,368.91,12/13/2024
2228,98,9,885.53,12/13/2024
2260,310,2,28.28,12/13/2024
2260,1427,3,4912.59,12/13/2024
4215,645,3,14.35,12/13/2024
4215,1572,3,179.97,12/13/2024
3834,1361,1,42.76,12/13/2024
1435,1146,2,45.68,12/13/2024
2752,740,2,25.06,12/13/2024
2414,1130,1,38.43,12/13/2024
2414,1356,2,21.57,12/13/2024
2414,1575,3,81.58,12/13/2024
3995,845,1,2.78,12/13/2024
2823,1390,3,99.87,12/13/2024
786,993,3,44.4,12/13/2024
786,1289,5,21.4,12/13/2024
2765,275,4,71.12,12/13/2024
2765,1711,4,259.96,12/13/2024
2983,876,1,9.78,12/13/2024
1419,831,9,24.19,12/13/2024
2627,202,3,31.56,12/13/2024
4952,1028,3,59.94,12/13/2024
4952,1193,4,45.36,12/13/2024
4952,1027,5,26.4,12/13/2024
4952,955,4,41.4,12/13/2024
4952,1568,1,16.95,12/13/2024
4545,737,2,24.7,12/13/2024
4545,406,3,59.7,12/13/2024
4545,246,3,14.52,12/13/2024
4545,665,3,104.18,12/13/2024
2556,1342,3,46.53,12/13/2024
245,1459,3,25.5,12/13/2024
4409,1314,5,14.9,12/13/2024
4409,984,7,87.71,12/13/2024
4409,79,2,199.76,12/13/2024
4409,1389,4,94.6,12/13/2024
4409,49,6,4228.7,12/13/2024
4409,19,5,2003.92,12/13/2024
4409,1766,3,209.97,12/13/2024
4409,1555,2,659.9,12/13/2024
4409,1254,2,110.96,12/13/2024
4409,1694,4,67.8,12/13/2024
2172,353,2,313.18,12/13/2024
3740,511,7,22.96,12/13/2024
3809,1609,10,1099.5,12/13/2024
4241,327,8,1215.92,12/13/2024
185,950,1,7.31,12/13/2024
185,213,4,8.92,12/13/2024
5009,8,3,87.21,12/13/2024
5009,1257,3,15.55,12/13/2024
5009,1729,2,683.99,12/13/2024
5009,1423,3,13.39,12/13/2024
5009,1524,3,16.78,12/13/2024
5009,1555,2,527.92,12/13/2024
1751,146,5,25.4,12/13/2024
1751,1723,3,177.48,12/13/2024
1751,1786,3,71.98,12/13/2024
3248,1829,1,95.99,12/13/2024
3248,1005,4,13.22,12/13/2024
3052,1504,12,435.84,12/13/2024
3052,503,2,5.88,12/13/2024
2489,1746,4,211.17,12/13/2024
62,169,1,6.28,12/13/2024
62,1538,5,95.1,12/13/2024
62,1293,4,25.92,12/13/2024
62,1416,4,48.84,12/13/2024
1014,807,5,25.9,12/13/2024
4017,893,4,42.68,12/13/2024
4017,1594,3,299.97,12/13/2024
4017,396,2,262.24,12/13/2024
4017,725,6,234.36,12/13/2024
4907,1135,4,20.74,12/13/2024
4205,515,5,10.5,12/13/2024
655,156,2,23.97,12/13/2024
655,21,4,521.96,12/13/2024
2120,1385,5,676.55,12/13/2024
2120,455,5,154.9,12/13/2024
2120,899,4,30.56,12/13/2024
2120,110,3,770.35,12/13/2024
3814,250,4,21.12,12/13/2024
495,1730,9,575.93,12/13/2024
495,414,2,7.78,12/13/2024
495,1228,4,123.92,12/13/2024
3183,1462,3,17.22,12/13/2024
3183,1323,6,226.56,12/13/2024
3183,1809,3,107.88,12/13/2024
2756,1087,2,81.98,12/13/2024
510,1050,1,104.85,12/13/2024
510,721,2,8.7,12/13/2024
510,1164,4,19.92,12/13/2024
510,264,3,43.02,12/13/2024
3094,14,1,240.78,12/13/2024
1384,454,2,414.96,12/13/2024
2251,1319,5,387.72,12/13/2024
2850,1349,2,360.38,12/13/2024
2850,1233,2,13.56,12/13/2024
3124,1856,10,552,12/13/2024
226,326,5,429.9,12/13/2024
226,659,2,32.06,12/13/2024
226,130,2,161.96,12/13/2024
226,1397,2,19.86,12/13/2024
1938,1035,2,12.96,12/13/2024
3066,1232,6,20.54,12/13/2024
2702,178,6,185.58,12/13/2024
2702,765,2,77.56,12/13/2024
2702,1377,4,87.92,12/13/2024
2702,1087,6,245.94,12/13/2024
2702,658,1,8.6,12/13/2024
2702,34,5,504.9,12/13/2024
4983,825,7,2357.49,12/13/2024
4983,1746,7,369.54,12/13/2024
4983,107,3,184.75,12/13/2024
2674,1354,5,64.96,12/13/2024
2674,1463,2,13.52,12/13/2024
2674,104,5,458.43,12/13/2024
2674,390,4,387.14,12/13/2024
2674,354,3,328.59,12/13/2024
4225,73,3,338.35,12/13/2024
4225,1018,4,25.92,12/13/2024
4225,1163,4,91.36,12/13/2024
289,231,3,87.96,12/13/2024
289,730,2,5.21,12/13/2024
4922,751,1,12.29,12/13/2024
2960,233,4,19.76,12/13/2024
813,108,2,109.76,12/13/2024
3400,1736,3,128.85,12/13/2024
3393,286,3,127.95,12/13/2024
1273,1066,3,68.52,12/13/2024
1273,1324,3,74.94,12/13/2024
1273,1676,6,2548.56,12/13/2024
1273,888,3,271.44,12/13/2024
1273,1846,3,287.88,12/13/2024
2621,1270,5,14.9,12/13/2024
2621,1801,8,4158.91,12/13/2024
35,166,2,91.96,12/13/2024
35,203,7,33.11,12/13/2024
35,1219,3,19.44,12/13/2024
35,1152,1,55.48,12/13/2024
620,440,5,91.92,12/13/2024
4677,422,2,17.34,12/13/2024
4677,1468,2,71.98,12/13/2024
382,875,3,7.08,12/13/2024
4855,1604,2,69.98,12/13/2024
3591,397,8,646.27,12/13/2024
3591,1162,2,10.37,12/13/2024
3525,927,5,8.4,12/13/2024
3525,1823,5,71.96,12/13/2024
2588,598,2,18.48,12/13/2024
4540,603,3,9.84,12/13/2024
4946,51,1,239.24,12/13/2024
1716,250,4,21.12,12/13/2024
2891,1437,5,54.9,12/13/2024
1193,245,3,15.24,12/13/2024
4467,433,2,19.57,12/13/2024
4467,799,4,310.39,12/13/2024
2188,256,3,42.6,12/13/2024
2188,655,6,113.94,12/13/2024
2188,1382,4,129.92,12/13/2024
2188,583,3,5.28,12/13/2024
3256,1751,3,859.2,12/13/2024
3256,1638,3,506.28,12/13/2024
1980,212,2,14.37,12/13/2024
3722,71,3,314.35,12/13/2024
3722,1111,7,27.89,12/13/2024
987,243,3,238.15,12/13/2024
2544,336,3,692.94,12/13/2024
878,772,9,16.15,12/13/2024
878,695,5,1345.49,12/13/2024
2518,1055,7,173.49,12/13/2024
1512,495,5,57.75,12/13/2024
1512,402,5,272.4,12/13/2024
2071,1182,3,11.95,12/13/2024
2071,319,4,28,12/13/2024
2071,727,7,12.2,12/13/2024
1912,704,1,2.07,12/13/2024
1912,1281,8,83.84,12/13/2024
100,869,2,11.36,12/13/2024
100,1065,5,36.4,12/13/2024
458,1605,2,27.97,12/13/2024
1252,1347,4,142.04,12/13/2024
1252,563,3,14.67,12/13/2024
960,1622,5,1199.96,12/13/2024
960,1102,3,12.6,12/13/2024
960,1121,3,17.94,12/13/2024
1056,969,6,23.9,12/13/2024
1482,1432,8,88.96,12/13/2024
4126,52,8,518.27,12/13/2024
4126,217,1,6.98,12/13/2024
4126,1662,1,343.2,12/13/2024
4144,1004,3,17.54,12/13/2024
1072,1295,2,152.69,12/13/2024
1072,921,2,3.49,12/13/2024
1072,1438,2,5.89,12/13/2024
3223,711,3,153.55,12/13/2024
3223,1385,2,270.62,12/13/2024
2498,1502,6,468.9,12/13/2024
2498,1566,2,72.48,12/13/2024
2498,1439,3,10.95,12/13/2024
2498,314,3,191.82,12/13/2024
3890,1336,9,151.06,12/13/2024
4348,224,5,25.16,12/13/2024
4601,807,6,6.22,12/13/2024
4601,586,9,23.62,12/13/2024
4601,1474,2,24.03,12/13/2024
4601,952,1,2.09,12/13/2024
4601,769,6,4.49,12/13/2024
995,300,3,29.22,12/13/2024
1296,1139,1,6.48,12/13/2024
4977,753,2,1.19,12/13/2024
2801,115,3,272.65,12/13/2024
2801,1546,2,212.8,12/13/2024
2801,1079,9,38.52,12/13/2024
2801,1504,2,72.64,12/13/2024
2801,1313,4,45.4,12/13/2024
2801,1189,2,13.76,12/13/2024
2801,102,1,80.99,12/13/2024
2801,657,3,11.78,12/13/2024
2801,908,2,4.36,12/13/2024
2801,121,11,2888.13,12/13/2024
2801,1801,2,1299.66,12/13/2024
2801,68,5,2254.41,12/13/2024
2801,1697,3,104.85,12/13/2024
2801,1520,3,59.97,12/13/2024
4872,344,2,314.53,12/13/2024
1426,555,4,13.63,12/13/2024
252,412,2,19.43,12/13/2024
252,1591,5,65.44,12/13/2024
2481,974,2,6,12/13/2024
2481,812,3,1.91,12/13/2024
2083,126,7,1474.8,12/13/2024
2083,424,2,110.1,12/13/2024
2083,910,6,16.75,12/13/2024
2083,56,9,1537.07,12/13/2024
2083,110,2,449.37,12/13/2024
2225,771,6,41.9,12/13/2024
4544,1764,4,2279.96,12/13/2024
4544,969,3,14.94,12/13/2024
3670,1730,3,191.98,12/13/2024
3670,536,3,23.83,12/13/2024
3670,314,8,409.22,12/13/2024
3670,16,2,72.59,12/13/2024
3854,1309,2,61.57,12/13/2024
1356,1242,4,20.96,12/13/2024
3725,1556,5,44.75,12/13/2024
3725,1116,2,11.96,12/13/2024
3725,726,1,3.91,12/13/2024
2073,113,6,328,12/13/2024
4333,737,4,49.41,12/13/2024
4044,1559,3,53.25,12/13/2024
4044,934,2,3.76,12/13/2024
729,125,14,767.21,12/13/2024
3723,1087,5,163.96,12/13/2024
2445,366,2,161.28,12/13/2024
2425,547,4,192.8,12/13/2024
880,1479,3,27.7,12/13/2024
880,378,6,73.16,12/13/2024
4628,1201,6,32.06,12/13/2024
388,7,2,205.67,12/13/2024
4381,1309,3,115.44,12/13/2024
3214,1109,5,274.8,12/13/2024
3214,1379,4,195.64,12/13/2024
3214,1728,2,257.98,12/13/2024
3214,568,6,119.04,12/13/2024
3826,1064,3,20.07,12/13/2024
417,581,4,11.76,12/13/2024
2917,581,4,11.76,12/13/2024
2917,689,2,40.74,12/13/2024
2669,1818,2,201.58,12/13/2024
2835,117,6,340.7,12/13/2024
4524,11,5,354.9,12/13/2024
156,41,10,1198.33,12/13/2024
3586,1377,4,87.92,12/13/2024
3833,201,2,51.97,12/13/2024
3833,1374,3,51.34,12/13/2024
3833,1303,1,332.7,12/13/2024
3833,309,3,42.41,12/13/2024
1762,873,3,81.54,12/13/2024
1762,1602,12,167.28,12/13/2024
2654,1362,4,772.68,12/13/2024
61,1857,3,323.98,12/13/2024
61,956,4,11.81,12/13/2024
61,1328,3,26.16,12/13/2024
61,690,5,33.57,12/13/2024
61,285,3,4.99,12/13/2024
61,230,3,20.02,12/13/2024
61,1546,2,170.24,12/13/2024
1361,1174,3,117.46,12/13/2024
1234,1276,2,22.96,12/13/2024
18,1201,2,13.36,12/13/2024
2344,674,3,34.25,12/13/2024
2344,524,2,3.52,12/13/2024
4207,714,5,26.7,12/13/2024
4207,1563,2,21.2,12/13/2024
4207,1364,2,838.38,12/13/2024
1574,54,4,1690.04,12/13/2024
1574,1376,7,85.96,12/13/2024
1574,863,2,121.96,12/13/2024
1574,1132,4,23.92,12/13/2024
1574,1310,2,63.96,12/13/2024
1574,1700,5,629.95,12/13/2024
1574,1782,3,113.73,12/13/2024
1574,641,2,14.6,12/13/2024
1574,1415,8,887.84,12/13/2024
2367,122,5,403.92,12/13/2024
1310,566,10,106.8,12/13/2024
1318,1389,3,70.95,12/13/2024
1318,800,6,34.94,12/13/2024
1318,541,6,119.04,12/13/2024
3952,1846,4,383.84,12/13/2024
2584,251,9,799.56,12/13/2024
2982,1341,3,31.44,12/13/2024
2914,1018,5,25.92,12/13/2024
2914,777,5,6.33,12/13/2024
2914,1031,5,75.88,12/13/2024
3072,1843,2,329.99,12/13/2024
3072,1306,3,71.38,12/13/2024
1465,1073,7,63.77,12/13/2024
1465,1738,3,50.97,12/13/2024
1465,1130,2,96.08,12/13/2024
1422,1615,4,1439.97,12/13/2024
1422,1588,3,43.56,12/13/2024
1989,73,5,563.92,12/13/2024
2220,1727,8,235.15,12/13/2024
3721,241,2,7.71,12/13/2024
2221,1073,7,51.02,12/13/2024
2221,936,4,25.25,12/13/2024
2221,91,1,56.69,12/13/2024
3772,1310,2,51.17,12/13/2024
3196,799,9,2793.53,12/13/2024
3196,1395,7,1000.02,12/13/2024
3196,186,3,65.94,12/13/2024
3805,940,3,18.24,12/13/2024
3805,471,2,76.12,12/13/2024
356,859,1,7.64,12/13/2024
1604,142,3,68.16,12/13/2024
1604,867,8,62.24,12/13/2024
4414,1864,3,29.97,12/13/2024
2640,1726,6,125.7,12/13/2024
2640,1740,2,191.98,12/13/2024
2640,1314,7,20.86,12/13/2024
4962,948,9,56.7,12/13/2024
3610,142,4,72.7,12/13/2024
3610,487,7,12.26,12/13/2024
3610,1413,3,218.35,12/13/2024
1241,35,1,66.29,12/13/2024
1241,55,4,291.17,12/13/2024
580,1804,3,88.78,12/13/2024
2447,1839,4,110.38,12/13/2024
2447,1469,3,55.18,12/13/2024
3363,510,4,30.32,12/13/2024
4910,103,2,177.57,12/13/2024
4910,1155,3,19.44,12/13/2024
4910,1258,11,71.28,12/13/2024
4910,834,5,1471.96,12/13/2024
4910,1690,5,79.96,12/13/2024
2380,898,3,57.58,12/13/2024
4672,829,4,26.34,12/13/2024
1249,305,3,166.5,12/13/2024
1249,1349,2,360.38,12/13/2024
4599,819,1,11.74,12/13/2024
3627,178,8,247.44,12/13/2024
434,676,2,18.24,12/13/2024
2734,1463,3,25.35,12/13/2024
971,546,6,119.04,12/13/2024
971,222,3,22.14,12/13/2024
971,1524,2,13.98,12/13/2024
3231,665,1,43.41,12/13/2024
3231,285,3,6.24,12/13/2024
3231,413,2,465.16,12/13/2024
3231,1255,1,7.98,12/13/2024
16,465,1,2.39,12/13/2024
758,1224,9,58.32,12/13/2024
758,1867,3,200.97,12/13/2024
1484,195,8,21.36,12/13/2024
3587,949,4,9.86,12/13/2024
1248,768,1,3.44,12/13/2024
3623,1431,2,384.59,12/13/2024
1244,899,3,22.92,12/13/2024
1471,781,4,11.36,12/13/2024
1617,761,3,14.59,12/13/2024
2884,963,4,41.4,12/13/2024
2205,832,7,442.37,12/13/2024
4008,846,3,34.5,12/13/2024
4556,836,5,28.85,12/13/2024
558,1026,2,3.49,12/13/2024
558,1086,9,143.86,12/13/2024
1005,1781,2,311.98,12/13/2024
1005,671,5,22.45,12/13/2024
2857,1732,1,39.99,12/13/2024
2857,136,9,1159.06,12/13/2024
2857,611,5,179.9,12/13/2024
3799,1499,7,116.31,12/13/2024
4617,197,3,12.42,12/13/2024
4617,1595,3,428.4,12/13/2024
4617,295,5,24.75,12/13/2024
4617,962,7,87.71,12/13/2024
4617,1312,2,69.52,12/13/2024
4617,1692,2,20.78,12/13/2024
4617,640,3,12.82,12/13/2024
3846,956,2,5.9,12/13/2024
1019,239,2,63.82,12/13/2024
1019,1411,3,141.55,12/13/2024
1712,863,5,304.9,12/13/2024
1712,65,5,563.24,12/13/2024
2090,355,2,661.18,12/13/2024
2029,1720,3,239.98,12/13/2024
2,360,3,502.49,12/13/2024
2,703,6,196.7,12/13/2024
4438,120,4,915.14,12/13/2024
4438,208,8,327.76,12/13/2024
3679,77,2,701.96,12/13/2024
1480,1804,3,88.78,12/13/2024
1480,629,3,64.14,12/13/2024
502,760,1,33.55,12/13/2024
506,434,6,1737.18,12/13/2024
506,1320,5,704.25,12/13/2024
506,1218,4,141.76,12/13/2024
806,696,3,36.36,12/13/2024
2963,261,3,25.83,12/13/2024
4340,751,3,24.59,12/13/2024
4340,851,2,13.98,12/13/2024
4132,1727,5,195.96,12/13/2024
4055,1029,3,74.35,12/13/2024
2969,1198,1,6.68,12/13/2024
2695,1443,7,17.58,12/13/2024
2695,104,1,104.78,12/13/2024
2695,1266,3,47.95,12/13/2024
2695,53,3,650.35,12/13/2024
2695,1001,8,629.18,12/13/2024
2695,1031,1,15.18,12/13/2024
165,286,3,127.95,12/13/2024
3198,1362,3,579.51,12/13/2024
3198,1717,1,14.99,12/13/2024
9,484,4,151.92,12/13/2024
9,1001,2,196.62,12/13/2024
9,1134,3,144.12,12/13/2024
9,1255,2,15.96,12/13/2024
4028,1837,5,39.96,12/13/2024
4028,1174,6,34.08,12/13/2024
3996,1131,2,10.37,12/13/2024
280,750,3,7.75,12/13/2024
505,899,2,15.28,12/13/2024
65,1629,3,65.97,12/13/2024
928,1201,5,33.4,12/13/2024
928,862,4,210.84,12/13/2024
782,1322,1,13.98,12/13/2024
782,242,3,272.94,12/13/2024
782,664,5,19.05,12/13/2024
782,424,4,247.72,12/13/2024
782,1390,2,66.58,12/13/2024
782,622,3,43.92,12/13/2024
782,220,3,14.73,12/13/2024
782,824,5,29.7,12/13/2024
413,1149,4,49.12,12/13/2024
413,762,5,18.28,12/13/2024
2740,162,4,47.04,12/13/2024
2740,1865,5,339.96,12/13/2024
3661,1808,4,87.8,12/13/2024
3661,98,2,221.38,12/13/2024
3661,1639,4,5199.96,12/13/2024
4522,1379,4,156.51,12/13/2024
1416,1590,3,119.85,12/13/2024
1416,654,2,30.44,12/13/2024
1416,716,2,69.28,12/13/2024
1416,1744,3,587.97,12/13/2024
2908,975,5,24.55,12/13/2024
864,654,1,12.18,12/13/2024
864,1325,3,37.32,12/13/2024
864,1448,2,35.06,12/13/2024
4030,306,5,108.4,12/13/2024
4022,1783,2,361.38,12/13/2024
4481,815,1,2.41,12/13/2024
4374,417,1,8.39,12/13/2024
4374,1803,2,337.98,12/13/2024
142,1316,5,83.92,12/13/2024
3579,713,5,19.68,12/13/2024
3579,1280,4,25.92,12/13/2024
3579,1170,1,6.48,12/13/2024
3579,1841,6,86.35,12/13/2024
1010,590,2,56.3,12/13/2024
4212,574,7,51.02,12/13/2024
3022,709,5,150.8,12/13/2024
3022,1647,1,1039.99,12/13/2024
3022,1238,8,51.84,12/13/2024
3702,1835,1,41.22,12/13/2024
3702,1431,1,240.37,12/13/2024
3702,1769,2,119.02,12/13/2024
4929,729,5,133.12,12/13/2024
1759,196,5,38.08,12/13/2024
1910,22,2,113.57,12/13/2024
3658,204,4,83.92,12/13/2024
3658,508,3,6.63,12/13/2024
3658,1525,3,371.97,12/13/2024
106,70,2,561.58,12/13/2024
106,1324,5,99.92,12/13/2024
2694,949,2,4.93,12/13/2024
4559,222,2,14.76,12/13/2024
3816,1594,1,99.99,12/13/2024
3816,1406,5,286.15,12/13/2024
4343,924,8,49.79,12/13/2024
2123,40,5,299.97,12/13/2024
2123,1691,4,158.38,12/13/2024
4743,703,4,32.78,12/13/2024
4743,1574,2,47.98,12/13/2024
4743,1533,8,62.59,12/13/2024
4743,683,1,4.28,12/13/2024
428,1092,2,10.56,12/13/2024
428,1331,2,229.94,12/13/2024
1429,850,5,311.15,12/13/2024
1429,1220,2,12.96,12/13/2024
2151,1108,2,14.62,12/13/2024
2151,990,2,5.76,12/13/2024
2151,912,6,21.48,12/13/2024
2151,243,4,396.92,12/13/2024
2151,1420,1,17.15,12/13/2024
2151,651,2,23.12,12/13/2024
3437,593,2,5.25,12/13/2024
3839,1824,5,824.95,12/13/2024
3839,977,8,24.64,12/13/2024
3839,484,6,227.88,12/13/2024
3319,2,2,241.96,12/13/2024
3319,663,1,3.89,12/13/2024
3319,195,3,8.01,12/13/2024
1546,1723,3,177.48,12/13/2024
3879,89,2,569.57,12/13/2024
3879,1374,7,149.73,12/13/2024
4035,119,5,899.43,12/13/2024
4035,521,5,46.2,12/13/2024
4035,1041,3,47.95,12/13/2024
4035,1837,1,7.99,12/13/2024
4035,1211,2,76.86,12/13/2024
3827,749,3,102.93,12/13/2024
3827,1591,6,98.16,12/13/2024
3652,809,5,11.52,12/13/2024
3699,1222,1,83.88,12/13/2024
1880,1802,4,108.58,12/13/2024
1880,946,2,5.98,12/13/2024
2321,1437,2,21.96,12/13/2024
2321,84,3,368.97,12/13/2024
2321,618,3,12.39,12/13/2024
2321,1335,3,332.94,12/13/2024
691,1522,7,111.93,12/13/2024
1458,116,8,454.27,12/13/2024
3105,1061,3,19.44,12/13/2024
2368,1623,4,8399.98,12/13/2024
2368,820,1,6.29,12/13/2024
2368,1019,2,10.37,12/13/2024
2368,1838,3,122.38,12/13/2024
757,1354,2,25.98,12/13/2024
757,335,6,945.04,12/13/2024
757,764,7,14.3,12/13/2024
757,184,3,410.35,12/13/2024
1080,1137,5,23.52,12/13/2024
1080,1802,5,180.96,12/13/2024
4802,319,4,35,12/13/2024
4802,1295,5,477.15,12/13/2024
4802,1848,3,302.38,12/13/2024
4789,322,4,974.99,12/13/2024
772,104,5,589.41,12/13/2024
1715,533,5,34.7,12/13/2024
1715,1390,3,99.87,12/13/2024
1715,1101,2,37.94,12/13/2024
1715,954,5,24.9,12/13/2024
1715,262,3,82.26,12/13/2024
1487,911,6,7.1,12/13/2024
4819,313,5,103.5,12/13/2024
4819,981,1,2.46,12/13/2024
4819,1328,1,8.72,12/13/2024
1551,670,2,10.76,12/13/2024
1551,1163,2,45.68,12/13/2024
1551,635,1,6.7,12/13/2024
4376,1747,3,158.38,12/13/2024
1134,494,2,3.44,12/13/2024
4021,1398,2,56.56,12/13/2024
4021,250,7,36.96,12/13/2024
132,1779,1,135.99,12/13/2024
132,616,7,15.96,12/13/2024
4879,537,2,3.76,12/13/2024
4879,569,5,14.7,12/13/2024
4879,579,5,37.2,12/13/2024
4879,1564,3,89.97,12/13/2024
4879,104,2,261.96,12/13/2024
4879,1011,5,74,12/13/2024
4673,303,2,13.28,12/13/2024
1000,1402,6,84.96,12/13/2024
3869,1533,7,68.46,12/13/2024
2703,1303,5,2079.4,12/13/2024
2703,1703,5,629.95,12/13/2024
2703,314,6,72.42,12/13/2024
905,1747,2,131.98,12/13/2024
905,1591,7,114.52,12/13/2024
609,962,10,100.24,12/13/2024
1907,452,3,871.8,12/13/2024
587,31,4,61.96,12/13/2024
3616,742,3,4.55,12/13/2024
3616,453,2,5.2,12/13/2024
3616,1577,1,205.99,12/13/2024
3616,1080,3,15.55,12/13/2024
3616,1703,5,503.96,12/13/2024
3616,423,7,24.47,12/13/2024
3616,24,2,241.57,12/13/2024
3616,1552,2,110.4,12/13/2024
3082,340,2,384.77,12/13/2024
3082,1661,6,78.66,12/13/2024
3082,1259,4,45.36,12/13/2024
1066,442,4,962.08,12/13/2024
1066,674,3,12.84,12/13/2024
1066,1168,14,295.46,12/13/2024
4935,1286,5,32.4,12/13/2024
589,147,4,103.94,12/13/2024
1923,47,2,289.57,12/13/2024
1923,1397,5,39.72,12/13/2024
1923,1815,4,244.77,12/13/2024
3033,1528,2,24,12/13/2024
3033,1143,3,15.55,12/13/2024
3033,1591,2,26.18,12/13/2024
844,187,3,20.94,12/13/2024
844,642,9,135.09,12/13/2024
844,1565,14,279.86,12/13/2024
844,643,6,90.06,12/13/2024
363,1725,6,539.96,12/13/2024
363,1739,7,50.23,12/13/2024
363,683,3,19.24,12/13/2024
3374,1303,3,1247.64,12/13/2024
2507,525,3,5.3,12/13/2024
4591,1116,4,19.14,12/13/2024
4591,291,4,332.83,12/13/2024
2851,1149,5,279.9,12/13/2024
2851,698,3,50.35,12/13/2024
2851,1259,3,34.02,12/13/2024
4147,573,6,23.88,12/13/2024
4147,1013,4,11.52,12/13/2024
4147,1087,7,286.93,12/13/2024
4147,1728,2,206.38,12/13/2024
4799,99,3,218.35,12/13/2024
4799,188,5,529.9,12/13/2024
4799,536,10,99.3,12/13/2024
4799,402,2,108.96,12/13/2024
4799,831,1,2.69,12/13/2024
3568,849,4,5443.96,12/13/2024
3568,128,3,302.67,12/13/2024
3568,1096,7,56.07,12/13/2024
2155,986,2,10.08,12/13/2024
2155,1772,1,59.99,12/13/2024
2155,699,5,5.72,12/13/2024
2155,694,5,9.42,12/13/2024
2597,1617,4,1999.96,12/13/2024
561,1424,4,216.4,12/13/2024
56,1009,3,6.94,12/13/2024
56,656,3,4.43,12/13/2024
4758,517,5,8.8,12/13/2024
4758,1595,1,142.8,12/13/2024
4758,1505,5,399.95,12/13/2024
353,695,3,2152.78,12/13/2024
353,19,10,4007.84,12/13/2024
802,354,3,328.59,12/13/2024
802,1329,3,98.35,12/13/2024
923,1836,1,158.99,12/13/2024
923,92,5,291.1,12/13/2024
4760,1104,6,73.68,12/13/2024
4760,258,2,139.92,12/13/2024
4760,1809,3,107.88,12/13/2024
4760,1390,1,33.29,12/13/2024
4954,765,5,58.17,12/13/2024
4954,960,2,5.04,12/13/2024
4954,1055,1,24.78,12/13/2024
177,64,6,634.12,12/13/2024
177,1205,3,17.47,12/13/2024
4494,86,6,155.88,12/13/2024
1146,55,4,327.56,12/13/2024
4031,1201,2,13.36,12/13/2024
4031,1369,5,158.9,12/13/2024
451,1510,4,319.97,12/13/2024
451,1409,3,505.32,12/13/2024
451,1158,1,3.81,12/13/2024
451,665,1,8.68,12/13/2024
451,994,1,24.42,12/13/2024
1666,137,9,1522.64,12/13/2024
2653,880,5,419.9,12/13/2024
2653,999,1,3.15,12/13/2024
3697,444,5,33.62,12/13/2024
761,681,3,16.14,12/13/2024
761,357,2,194.25,12/13/2024
761,558,3,8.64,12/13/2024
761,129,4,872.32,12/13/2024
3431,835,4,243.99,12/13/2024
3431,571,5,7.12,12/13/2024
7,534,2,2.69,12/13/2024
7,93,3,317.06,12/13/2024
7,850,3,149.35,12/13/2024
7,1477,3,227.98,12/13/2024
2661,1248,2,11.96,12/13/2024
2648,1320,4,563.4,12/13/2024
2648,1681,8,319.92,12/13/2024
3278,1489,8,1049.44,12/13/2024
3278,117,3,170.35,12/13/2024
1510,1743,6,173.94,12/13/2024
54,1715,7,1007.94,12/13/2024
2793,1202,1,6.68,12/13/2024
2793,562,3,8.34,12/13/2024
2793,248,3,101.94,12/13/2024
2448,1572,3,179.97,12/13/2024
2905,596,6,101.94,12/13/2024
2905,1792,4,271.96,12/13/2024
2905,255,5,8.8,12/13/2024
2905,603,6,19.68,12/13/2024
2905,32,3,302.94,12/13/2024
2905,775,3,14.94,12/13/2024
2905,1451,2,231.72,12/13/2024
745,1010,3,9.91,12/13/2024
847,495,3,34.65,12/13/2024
847,1699,5,19.8,12/13/2024
2116,722,2,33.57,12/13/2024
1418,535,7,125.93,12/13/2024
3938,652,5,11.76,12/13/2024
3938,1133,1,5.34,12/13/2024
797,745,1,1.37,12/13/2024
797,1171,2,62.02,12/13/2024
637,279,3,60.72,12/13/2024
637,1197,3,146.82,12/13/2024
637,131,8,239.84,12/13/2024
637,959,6,15.66,12/13/2024
3737,1345,3,146.35,12/13/2024
2455,937,3,5.94,12/13/2024
2455,1100,7,45.36,12/13/2024
2455,1831,4,211.17,12/13/2024
2455,133,6,484.7,12/13/2024
2455,1652,3,371.98,12/13/2024
4390,1375,6,89.82,12/13/2024
2781,815,3,19.3,12/13/2024
898,78,2,191.96,12/13/2024
898,734,3,21.3,12/13/2024
898,1763,5,469.95,12/13/2024
898,258,3,209.88,12/13/2024
2061,41,2,239.67,12/13/2024
2061,947,6,22.5,12/13/2024
2061,1109,4,219.84,12/13/2024
4999,1293,5,32.4,12/13/2024
4999,610,6,209.94,12/13/2024
4999,1449,5,4164.05,12/13/2024
4999,11,3,212.94,12/13/2024
376,187,6,41.88,12/13/2024
376,973,8,58.48,12/13/2024
1344,351,1,102.44,12/13/2024
1344,134,4,199.3,12/13/2024
548,1640,4,6999.96,12/13/2024
469,1213,2,12.96,12/13/2024
1269,1688,14,279.86,12/13/2024
1133,713,5,7.38,12/13/2024
1771,63,3,698.35,12/13/2024
1771,329,5,1747.25,12/13/2024
4643,402,1,54.48,12/13/2024
2744,1515,1,199.99,12/13/2024
3691,802,11,68.54,12/13/2024
3691,1870,4,627.17,12/13/2024
3691,994,5,122.12,12/13/2024
2878,526,3,6.99,12/13/2024
2878,690,6,107.42,12/13/2024
113,363,8,1421.66,12/13/2024
3376,722,6,125.88,12/13/2024
3376,1512,2,79.78,12/13/2024
3376,993,9,133.2,12/13/2024
4468,1709,4,438.37,12/13/2024
4468,1844,7,139.94,12/13/2024
4468,410,4,133.47,12/13/2024
4584,358,3,564.19,12/13/2024
4584,402,2,87.17,12/13/2024
4837,741,7,42.62,12/13/2024
4837,1616,2,319.98,12/13/2024
4837,945,5,45.92,12/13/2024
4837,177,2,21.18,12/13/2024
4837,1021,4,20.74,12/13/2024
4837,108,5,213.43,12/13/2024
3523,1850,3,333.58,12/13/2024
3523,1495,1,31.99,12/13/2024
3523,1310,2,51.17,12/13/2024
3523,902,5,10.64,12/13/2024
3523,219,2,68.7,12/13/2024
3523,326,9,386.91,12/13/2024
1177,625,2,39.66,12/13/2024
1177,466,2,113.92,12/13/2024
1177,711,7,447.86,12/13/2024
4047,330,5,356.85,12/13/2024
4047,877,7,251.58,12/13/2024
1945,1109,5,219.84,12/13/2024
3252,163,5,42.85,12/13/2024
3252,978,2,6.16,12/13/2024
3252,1459,2,17,12/13/2024
3252,1605,5,87.4,12/13/2024
4020,754,2,29.84,12/13/2024
647,702,2,49.57,12/13/2024
1511,484,7,265.86,12/13/2024
1270,171,4,67.96,12/13/2024
914,599,6,10.92,12/13/2024
914,1657,2,83.9,12/13/2024
914,462,5,19.75,12/13/2024
914,1489,3,393.54,12/13/2024
595,271,7,46.87,12/13/2024
3707,1328,1,10.9,12/13/2024
3707,1028,4,79.92,12/13/2024
3707,1178,3,146.82,12/13/2024
3888,724,2,3.6,12/13/2024
119,154,6,20.04,12/13/2024
4415,1407,1,180.02,12/13/2024
4415,172,2,41.55,12/13/2024
4415,603,5,13.12,12/13/2024
1652,1400,4,1117.92,12/13/2024
3605,1593,4,111.96,12/13/2024
2895,498,5,12.16,12/13/2024
4991,778,4,17.52,12/13/2024
4991,429,6,155.88,12/13/2024
4011,665,11,477.51,12/13/2024
3685,1022,3,164.88,12/13/2024
4703,1522,3,47.97,12/13/2024
4670,821,3,415.18,12/13/2024
4670,819,3,35.23,12/13/2024
4670,1022,1,54.96,12/13/2024
3717,1214,2,16.34,12/13/2024
3717,65,2,225.3,12/13/2024
3717,698,3,50.35,12/13/2024
1504,209,4,163.14,12/13/2024
1504,677,4,6.41,12/13/2024
1320,1779,2,217.58,12/13/2024
1320,935,3,5.43,12/13/2024
1320,1832,3,143.98,12/13/2024
1887,1819,7,519.68,12/13/2024
780,980,3,7.83,12/13/2024
1103,123,4,883.84,12/13/2024
1103,78,3,230.35,12/13/2024
2470,731,8,273.92,12/13/2024
4063,519,3,9.91,12/13/2024
2970,221,6,266.35,12/13/2024
2970,293,3,56.33,12/13/2024
2970,1591,3,39.26,12/13/2024
2970,568,6,95.23,12/13/2024
2244,925,6,30,12/13/2024
2244,1142,4,25.92,12/13/2024
2244,254,4,159.92,12/13/2024
2176,473,3,34.94,12/13/2024
2873,1466,5,149.95,12/13/2024
2873,501,2,23.32,12/13/2024
2873,636,3,16.74,12/13/2024
4995,923,6,14.82,12/13/2024
2145,910,3,10.47,12/13/2024
2145,998,3,11.07,12/13/2024
2145,653,4,20.7,12/13/2024
3718,1218,5,177.2,12/13/2024
2737,202,6,50.5,12/13/2024
1555,764,3,6.13,12/13/2024
1555,100,4,643.14,12/13/2024
1555,1143,4,20.74,12/13/2024
241,1152,4,177.54,12/13/2024
241,392,2,32.43,12/13/2024
1349,1004,2,11.7,12/13/2024
2059,475,3,113.76,12/13/2024
2059,1362,3,579.51,12/13/2024
2059,1315,9,150.66,12/13/2024
2059,642,4,48.03,12/13/2024
536,1361,3,102.62,12/13/2024
536,119,2,359.77,12/13/2024
536,496,3,13.39,12/13/2024
4729,66,3,122.14,12/13/2024
1558,1192,6,35.88,12/13/2024
3034,1510,6,479.95,12/13/2024
3034,520,5,23.92,12/13/2024
3981,1848,5,629.95,12/13/2024
2804,744,1,14.95,12/13/2024
2804,1165,3,17.94,12/13/2024
2804,1851,2,116.98,12/13/2024
2548,108,2,121.96,12/13/2024
2548,391,2,8.74,12/13/2024
2548,1206,2,61.96,12/13/2024
2548,723,2,7.96,12/13/2024
2548,424,4,275.24,12/13/2024
3296,225,5,47.4,12/13/2024
3296,109,4,512.96,12/13/2024
3296,1765,6,395.94,12/13/2024
3296,1329,2,81.96,12/13/2024
4111,607,1,32.78,12/13/2024
2818,1413,3,272.94,12/13/2024
2688,73,2,253.76,12/13/2024
2385,950,5,29.24,12/13/2024
2385,1377,2,35.17,12/13/2024
2385,1664,3,1362.9,12/13/2024
2816,93,3,317.06,12/13/2024
2816,529,2,15.76,12/13/2024
2816,226,5,14.56,12/13/2024
122,757,7,196.21,12/13/2024
3593,556,5,35.4,12/13/2024
3584,1268,5,419.4,12/13/2024
3584,651,3,13.01,12/13/2024
2001,773,2,7.71,12/13/2024
2001,660,1,4.18,12/13/2024
2001,1040,6,38.88,12/13/2024
876,1184,4,17.64,12/13/2024
4663,1401,3,93.46,12/13/2024
4992,1548,9,449.91,12/13/2024
4645,28,3,344.94,12/13/2024
4645,222,2,14.76,12/13/2024
4645,774,2,12.76,12/13/2024
4645,1004,8,58.48,12/13/2024
3220,165,4,20.1,12/13/2024
3220,1464,3,37.75,12/13/2024
3220,336,1,138.59,12/13/2024
3220,1298,5,259.92,12/13/2024
3220,1257,4,20.74,12/13/2024
1039,283,3,129.93,12/13/2024
1039,1123,7,69.93,12/13/2024
1601,539,4,140.74,12/13/2024
2080,847,5,8.32,12/13/2024
2678,272,1,9.98,12/13/2024
500,722,3,62.94,12/13/2024
1403,1305,2,21.49,12/13/2024
1403,1719,3,239.98,12/13/2024
1403,180,2,34.5,12/13/2024
1688,185,2,20.1,12/13/2024
1688,655,1,3.8,12/13/2024
1688,218,5,7.88,12/13/2024
1847,347,1,35.45,12/13/2024
1847,1669,2,269.97,12/13/2024
1847,1529,3,45.12,12/13/2024
1847,1587,2,100.8,12/13/2024
1847,131,2,47.97,12/13/2024
615,1548,2,99.98,12/13/2024
313,1127,2,9.96,12/13/2024
4057,773,1,3.86,12/13/2024
1165,1048,3,98.38,12/13/2024
1165,176,3,22.38,12/13/2024
3923,653,2,3.88,12/13/2024
3923,1657,1,12.59,12/13/2024
3923,91,2,113.37,12/13/2024
3923,790,4,18.31,12/13/2024
3923,175,8,127.94,12/13/2024
3923,1643,2,241.17,12/13/2024
540,285,3,6.24,12/13/2024
540,913,5,17.9,12/13/2024
540,849,3,3266.38,12/13/2024
4081,796,5,1.68,12/13/2024
4081,303,3,7.97,12/13/2024
4081,130,2,113.37,12/13/2024
4081,205,2,2.96,12/13/2024
4796,444,5,168.1,12/13/2024
1517,860,9,98.46,12/13/2024
1517,342,2,358.58,12/13/2024
1994,1354,2,32.48,12/13/2024
1994,1623,5,17499.95,12/13/2024
1994,834,2,735.98,12/13/2024
1994,792,7,34.37,12/13/2024
1994,542,2,33.96,12/13/2024
2327,1747,3,197.97,12/13/2024
4831,423,4,17.48,12/13/2024
975,575,3,8.02,12/13/2024
2522,354,1,146.04,12/13/2024
2357,1602,2,27.88,12/13/2024
3651,994,5,152.65,12/13/2024
3651,142,1,22.72,12/13/2024
1018,597,4,11.12,12/13/2024
2968,386,5,1640.7,12/13/2024
2968,1819,5,371.2,12/13/2024
1660,756,3,14.83,12/13/2024
2070,1607,3,20.7,12/13/2024
2070,931,3,11.34,12/13/2024
2070,1307,5,67.9,12/13/2024
2070,83,4,1059.12,12/13/2024
568,51,2,478.48,12/13/2024
4688,1096,4,32.04,12/13/2024
2671,1756,1,55.99,12/13/2024
4702,1211,2,76.86,12/13/2024
22,156,4,59.92,12/13/2024
4506,21,6,1565.88,12/13/2024
4506,696,7,106.05,12/13/2024
4981,1342,4,62.04,12/13/2024
4981,1824,3,494.97,12/13/2024
4981,1352,4,367.96,12/13/2024
4981,1153,2,44.96,12/13/2024
4981,863,3,182.94,12/13/2024
3390,1288,3,28.14,12/13/2024
3390,967,2,7.38,12/13/2024
3390,921,5,10.9,12/13/2024
3390,1501,11,274.89,12/13/2024
3390,990,8,23.04,12/13/2024
3390,112,3,218.35,12/13/2024
3575,1057,2,10.37,12/13/2024
4581,827,2,12.67,12/13/2024
4581,1821,5,91.96,12/13/2024
4581,1484,3,254.97,12/13/2024
4581,1811,2,31.98,12/13/2024
4581,359,9,2887.06,12/13/2024
4581,1241,2,12.96,12/13/2024
4581,1183,9,47.52,12/13/2024
2391,1016,3,11.95,12/13/2024
1616,1290,1,4.98,12/13/2024
291,787,5,10.78,12/13/2024
291,1500,3,119.98,12/13/2024
4571,1012,2,25.06,12/13/2024
4571,355,3,1652.94,12/13/2024
4402,317,6,131.38,12/13/2024
4402,1202,1,5.34,12/13/2024
1294,68,5,2003.92,12/13/2024
1294,1263,5,32.4,12/13/2024
1294,334,9,1913.4,12/13/2024
1294,1379,3,146.73,12/13/2024
1294,1163,5,114.2,12/13/2024
1067,88,8,2567.84,12/13/2024
3275,1570,4,37.06,12/13/2024
3275,1822,2,259.9,12/13/2024
3201,1282,3,19.05,12/13/2024
3201,666,3,73.34,12/13/2024
4096,1739,8,95.68,12/13/2024
4096,1069,7,50.96,12/13/2024
4096,484,3,113.94,12/13/2024
4096,1241,4,25.92,12/13/2024
4096,245,4,20.32,12/13/2024
4096,1778,2,411.98,12/13/2024
4096,1456,2,34.48,12/13/2024
4096,1215,5,244.55,12/13/2024
3245,842,3,10.78,12/13/2024
4496,98,7,602.65,12/13/2024
4496,691,6,7.66,12/13/2024
1335,1539,7,559.93,12/13/2024
4883,1613,5,2399.96,12/13/2024
3032,925,4,16,12/13/2024
3032,449,2,5.59,12/13/2024
3032,1411,5,235.92,12/13/2024
4936,1393,1,10.68,12/13/2024
3795,735,2,41.28,12/13/2024
2323,1788,2,1001.58,12/13/2024
4886,222,2,14.76,12/13/2024
321,806,3,2.5,12/13/2024
4794,48,2,115.96,12/13/2024
4173,1418,3,186.54,12/13/2024
4853,1512,4,159.56,12/13/2024
859,1800,2,55.98,12/13/2024
517,1311,1,132.16,12/13/2024
517,754,6,17.9,12/13/2024
517,1099,4,124.03,12/13/2024
290,77,5,1403.92,12/13/2024
1780,1452,3,28.8,12/13/2024
838,703,2,24.59,12/13/2024
3235,451,7,356.79,12/13/2024
3006,865,1,16.98,12/13/2024
1253,1001,5,491.55,12/13/2024
1253,892,2,7.38,12/13/2024
1304,1185,7,23.66,12/13/2024
1304,11,12,681.41,12/13/2024
2319,953,3,18.9,12/13/2024
2325,1403,4,93.68,12/13/2024
2325,973,3,21.93,12/13/2024
2325,1805,7,862.34,12/13/2024
2325,1086,1,19.98,12/13/2024
736,1760,1,13.49,12/13/2024
736,1787,2,23.99,12/13/2024
736,175,2,31.98,12/13/2024
736,506,2,41.58,12/13/2024
3548,1513,3,95.98,12/13/2024
2161,150,2,84.27,12/13/2024
331,1146,2,36.54,12/13/2024
2092,1589,4,479.72,12/13/2024
2956,679,2,102.37,12/13/2024
2956,1444,5,28.4,12/13/2024
2956,1348,4,713.88,12/13/2024
2956,1237,3,68.52,12/13/2024
1321,1840,5,623.96,12/13/2024
573,845,4,11.12,12/13/2024
1793,27,5,523.92,12/13/2024
1141,909,2,2.48,12/13/2024
1194,1381,2,221.02,12/13/2024
1194,108,3,128.06,12/13/2024
3657,705,7,58.41,12/13/2024
3657,332,3,79.97,12/13/2024
1606,1654,2,479.99,12/13/2024
1187,713,3,11.81,12/13/2024
1187,844,4,53.57,12/13/2024
1187,1700,5,503.96,12/13/2024
1007,893,2,21.34,12/13/2024
2590,800,5,36.4,12/13/2024
2590,313,1,51.75,12/13/2024
1669,1342,1,15.51,12/13/2024
1669,1174,3,146.82,12/13/2024
1669,1224,2,12.96,12/13/2024
4046,548,3,7.8,12/13/2024
2581,864,5,10.2,12/13/2024
2581,579,3,22.32,12/13/2024
2581,839,5,24.1,12/13/2024
2581,1473,2,75.98,12/13/2024
2581,750,2,6.46,12/13/2024
2581,1107,9,60.12,12/13/2024
936,1843,3,824.97,12/13/2024
2704,138,5,24.85,12/13/2024
3874,1304,2,12.62,12/13/2024
3874,1467,2,89.58,12/13/2024
3874,1777,2,471.92,12/13/2024
3874,696,4,18.18,12/13/2024
3734,568,2,31.74,12/13/2024
969,956,2,5.9,12/13/2024
969,299,4,621.76,12/13/2024
4568,1786,2,59.98,12/13/2024
3903,1234,9,48.87,12/13/2024
3791,1055,5,154.9,12/13/2024
564,911,4,5.92,12/13/2024
564,1037,3,30.18,12/13/2024
1956,839,5,24.1,12/13/2024
1956,1775,1,8.78,12/13/2024
1956,428,4,376.74,12/13/2024
1956,656,4,29.52,12/13/2024
1956,638,2,11.96,12/13/2024
1956,685,5,26.4,12/13/2024
3967,434,5,1158.12,12/13/2024
4103,415,2,1.39,12/13/2024
915,448,3,44.43,12/13/2024
915,1802,5,226.2,12/13/2024
915,153,3,186.54,12/13/2024
915,484,7,265.86,12/13/2024
915,477,5,27.9,12/13/2024
1665,474,4,31.08,12/13/2024
3142,805,4,13.84,12/13/2024
3142,1274,4,175.87,12/13/2024
4605,1162,2,12.96,12/13/2024
3288,435,3,208.44,12/13/2024
3288,1458,2,25.76,12/13/2024
868,104,4,366.74,12/13/2024
410,164,7,289.24,12/13/2024
410,665,2,69.46,12/13/2024
322,1034,1,5.18,12/13/2024
1348,72,2,205.16,12/13/2024
238,189,2,8.54,12/13/2024
1523,683,2,12.83,12/13/2024
1523,106,3,598.46,12/13/2024
1523,144,1,25.98,12/13/2024
4276,671,5,17.96,12/13/2024
4276,1450,2,5.04,12/13/2024
4276,419,1,208.16,12/13/2024
3622,8,3,148.26,12/13/2024
192,433,3,146.76,12/13/2024
192,1482,2,32.96,12/13/2024
192,1718,3,587.97,12/13/2024
192,1033,3,14.94,12/13/2024
4668,998,7,25.83,12/13/2024
303,1136,3,15.55,12/13/2024
303,1459,1,6.8,12/13/2024
303,255,3,4.22,12/13/2024
303,1693,9,143.64,12/13/2024
303,1018,6,31.1,12/13/2024
303,1088,9,223.06,12/13/2024
4730,1782,6,227.46,12/13/2024
4730,651,4,46.24,12/13/2024
3438,961,2,5.22,12/13/2024
4682,1233,5,33.9,12/13/2024
2400,1380,3,28.14,12/13/2024
2400,1531,2,36,12/13/2024
2400,580,3,92.94,12/13/2024
2400,112,3,245.65,12/13/2024
2400,697,3,55.01,12/13/2024
2400,819,3,35.23,12/13/2024
3190,129,3,523.39,12/13/2024
296,1622,2,479.98,12/13/2024
4041,1263,2,12.96,12/13/2024
4041,606,3,17.94,12/13/2024
2881,1368,2,166.72,12/13/2024
2881,704,3,24.82,12/13/2024
2881,153,2,124.36,12/13/2024
4989,1616,5,599.97,12/13/2024
4989,94,4,198.74,12/13/2024
4989,1462,2,9.18,12/13/2024
2639,1161,2,9.25,12/13/2024
598,361,1,99.59,12/13/2024
598,1517,4,399.96,12/13/2024
2008,1061,3,15.55,12/13/2024
507,574,2,14.58,12/13/2024
2731,833,5,209.6,12/13/2024
2731,501,2,23.32,12/13/2024
2731,1036,1,30.98,12/13/2024
2731,1466,4,119.96,12/13/2024
2731,112,5,363.92,12/13/2024
2731,754,3,35.81,12/13/2024
2731,804,9,122.69,12/13/2024
2731,375,7,892.14,12/13/2024
2731,1315,3,50.22,12/13/2024
2731,410,2,83.42,12/13/2024
2731,759,2,5.87,12/13/2024
1233,742,3,12.14,12/13/2024
2594,874,3,27.79,12/13/2024
3365,1445,2,6.21,12/13/2024
4185,460,3,32.67,12/13/2024
91,1349,7,1261.33,12/13/2024
2439,1286,6,38.88,12/13/2024
1926,657,2,1.96,12/13/2024
1926,1227,9,82.66,12/13/2024
514,1121,1,5.98,12/13/2024
2714,1292,2,9.25,12/13/2024
1886,512,2,4.45,12/13/2024
1886,1267,1,5.18,12/13/2024
1886,539,5,175.92,12/13/2024
1886,824,4,4.75,12/13/2024
1886,1435,2,13.34,12/13/2024
2760,858,5,54.9,12/13/2024
1806,639,7,22.91,12/13/2024
1806,382,9,309.46,12/13/2024
1806,589,4,19.46,12/13/2024
1806,335,3,472.52,12/13/2024
1806,1525,3,1012.68,12/13/2024
1806,768,5,17.22,12/13/2024
3175,583,2,3.52,12/13/2024
3175,1783,9,1626.19,12/13/2024
3048,779,5,8.6,12/13/2024
3048,1428,2,190.9,12/13/2024
4913,1390,3,99.87,12/13/2024
885,541,4,79.36,12/13/2024
3179,1750,1,119.96,12/13/2024
1046,1052,3,106.32,12/13/2024
1046,402,3,163.44,12/13/2024
1046,629,2,42.76,12/13/2024
1046,1294,5,51.55,12/13/2024
4464,1517,6,479.95,12/13/2024
1736,666,6,146.69,12/13/2024
1736,821,2,276.78,12/13/2024
1736,777,5,25.32,12/13/2024
3695,1218,9,318.96,12/13/2024
1123,1218,6,212.64,12/13/2024
697,876,3,23.47,12/13/2024
2378,1038,2,19.65,12/13/2024
223,641,3,6.57,12/13/2024
3759,1409,2,421.1,12/13/2024
3389,62,6,760.12,12/13/2024
3389,316,3,38.78,12/13/2024
3389,1508,9,122.33,12/13/2024
1842,1859,2,25.98,12/13/2024
1842,624,2,3.28,12/13/2024
1842,1331,4,459.88,12/13/2024
1842,1445,2,7.76,12/13/2024
1842,611,2,71.96,12/13/2024
1842,1437,5,54.9,12/13/2024
1842,648,2,9.28,12/13/2024
4515,356,6,1685.88,12/13/2024
4515,718,2,5.73,12/13/2024
525,1029,2,61.96,12/13/2024
525,796,1,1.34,12/13/2024
2912,1091,3,17.94,12/13/2024
3161,730,2,13.9,12/13/2024
4303,766,1,67.19,12/13/2024
4133,1116,7,41.86,12/13/2024
4133,22,2,141.96,12/13/2024
1162,154,3,10.02,12/13/2024
1162,1134,3,144.12,12/13/2024
2056,1248,3,17.94,12/13/2024
2056,628,3,13.89,12/13/2024
4563,1117,5,16.45,12/13/2024
4563,159,4,19.92,12/13/2024
2745,1585,4,35.17,12/13/2024
2745,1204,7,123.09,12/13/2024
3624,326,3,257.94,12/13/2024
3624,1790,4,1879.96,12/13/2024
3624,185,2,27.46,12/13/2024
3624,1752,2,89.98,12/13/2024
3624,123,3,828.6,12/13/2024
1635,839,5,7.23,12/13/2024
1635,1328,2,17.44,12/13/2024
1635,833,4,62.88,12/13/2024
1635,7,3,290.35,12/13/2024
3387,1540,4,113.52,12/13/2024
3387,266,5,135.3,12/13/2024
265,211,5,111.15,12/13/2024
4905,1784,5,776.85,12/13/2024
4905,751,1,12.29,12/13/2024
4905,364,3,154.76,12/13/2024
4905,1424,1,43.28,12/13/2024
2316,1036,3,92.94,12/13/2024
2316,461,3,52.56,12/13/2024
1663,1741,3,971.88,12/13/2024
2810,94,2,141.96,12/13/2024
3656,354,2,182.55,12/13/2024
456,1254,2,88.77,12/13/2024
888,475,7,53.09,12/13/2024
4428,166,6,275.88,12/13/2024
4428,828,5,157.9,12/13/2024
3342,1003,1,4.91,12/13/2024
2191,1377,4,87.92,12/13/2024
2191,1094,1,5.98,12/13/2024
1412,1850,2,222.38,12/13/2024
1412,925,4,16,12/13/2024
472,1284,3,21.84,12/13/2024
472,647,5,15.6,12/13/2024
264,901,8,247.84,12/13/2024
264,848,3,9.91,12/13/2024
2611,1312,2,69.52,12/13/2024
222,576,4,11.52,12/13/2024
222,51,3,717.72,12/13/2024
222,1389,10,236.5,12/13/2024
222,376,3,170.35,12/13/2024
5003,91,2,145.76,12/13/2024
3316,1468,3,107.97,12/13/2024
4906,1468,5,143.96,12/13/2024
4906,1618,5,2399.96,12/13/2024
4906,1181,3,74.35,12/13/2024
4906,402,8,87.17,12/13/2024
4906,1305,3,32.23,12/13/2024
3467,759,2,2.2,12/13/2024
3467,789,3,9.4,12/13/2024
4635,1745,3,89.97,12/13/2024
84,555,3,12.78,12/13/2024
2297,1557,2,40,12/13/2024
3815,727,5,23.24,12/13/2024
3388,122,9,908.82,12/13/2024
3470,1430,2,5.55,12/13/2024
3470,575,3,8.02,12/13/2024
3470,80,4,74.59,12/13/2024
3470,253,2,16.78,12/13/2024
3470,412,4,38.86,12/13/2024
2712,1865,3,203.98,12/13/2024
2712,356,3,674.35,12/13/2024
1967,811,4,5.39,12/13/2024
1967,592,8,30.98,12/13/2024
1858,1407,6,1350.12,12/13/2024
1858,770,4,15.92,12/13/2024
2443,313,2,19.54,12/13/2024
214,587,5,21.4,12/13/2024
214,953,2,12.6,12/13/2024
4469,520,2,11.96,12/13/2024
4469,1856,2,138,12/13/2024
1764,1757,1,116.76,12/13/2024
1764,326,7,331.02,12/13/2024
2021,276,5,756.8,12/13/2024
228,214,3,8.74,12/13/2024
1285,498,2,6.08,12/13/2024
3549,183,2,17.46,12/13/2024
3549,1657,11,369.16,12/13/2024
2366,599,2,2.91,12/13/2024
2366,1136,4,20.74,12/13/2024
2366,1121,2,9.57,12/13/2024
4566,1037,3,30.18,12/13/2024
4566,681,12,51.65,12/13/2024
4566,646,3,11.23,12/13/2024
3898,975,3,14.73,12/13/2024
842,478,5,16.4,12/13/2024
842,1212,4,25.92,12/13/2024
1476,516,3,8.82,12/13/2024
1476,725,2,62.5,12/13/2024
1476,1484,4,339.96,12/13/2024
1476,702,2,49.57,12/13/2024
3893,835,3,274.49,12/13/2024
4741,1695,3,137.94,12/13/2024
3067,1568,3,40.68,12/13/2024
1851,1839,3,110.38,12/13/2024
1851,443,7,151.62,12/13/2024
1851,140,4,30.8,12/13/2024
3357,1088,5,123.92,12/13/2024
3357,1555,5,1319.8,12/13/2024
672,744,6,89.71,12/13/2024
672,1277,3,22.83,12/13/2024
3875,737,2,30.88,12/13/2024
3875,413,2,465.16,12/13/2024
3875,1233,4,27.12,12/13/2024
2280,256,8,113.6,12/13/2024
2280,1142,2,12.96,12/13/2024
2280,665,2,69.46,12/13/2024
473,576,3,8.64,12/13/2024
2724,1635,3,341.99,12/13/2024
1729,169,7,43.96,12/13/2024
1729,869,7,39.76,12/13/2024
3537,225,7,66.36,12/13/2024
3537,782,6,92.88,12/13/2024
3537,314,2,24.14,12/13/2024
3181,81,9,4416.17,12/13/2024
4941,556,7,49.56,12/13/2024
3727,1343,5,354.9,12/13/2024
4259,953,3,15.12,12/13/2024
4259,16,5,302.45,12/13/2024
4259,1378,8,44.67,12/13/2024
1576,1516,2,119.98,12/13/2024
1576,1578,3,989.97,12/13/2024
1964,982,4,9.22,12/13/2024
2509,1237,3,68.52,12/13/2024
2517,436,3,364.74,12/13/2024
2517,174,5,47.4,12/13/2024
2517,1325,4,49.76,12/13/2024
2517,597,2,5.56,12/13/2024
2517,1084,6,629.1,12/13/2024
2517,503,5,14.7,12/13/2024
2517,1287,7,45.36,12/13/2024
2517,1703,1,125.99,12/13/2024
3542,515,7,14.7,12/13/2024
3925,1834,5,32.7,12/13/2024
3925,883,4,31.68,12/13/2024
3247,617,7,181.86,12/13/2024
4296,79,2,155.37,12/13/2024
3270,754,3,13.43,12/13/2024
3270,1425,4,67.14,12/13/2024
2217,1251,2,89.57,12/13/2024
2217,257,8,315.78,12/13/2024
2058,15,2,273.67,12/13/2024
2058,423,4,17.48,12/13/2024
4656,1458,2,20.61,12/13/2024
4656,745,3,4.1,12/13/2024
1394,1865,5,339.96,12/13/2024
1394,170,7,63.98,12/13/2024
248,1584,10,799.92,12/13/2024
2582,1760,2,35.98,12/13/2024
2582,1558,3,389.97,12/13/2024
1820,1577,7,185.53,12/13/2024
1620,780,2,2541.98,12/13/2024
3983,1641,5,599.99,12/13/2024
3920,742,3,3.04,12/13/2024
4184,518,5,25.92,12/13/2024
4184,164,2,66.11,12/13/2024
3825,1573,4,46.36,12/13/2024
2478,1607,1,6.9,12/13/2024
2478,298,3,57.69,12/13/2024
684,1650,3,559.71,12/13/2024
2532,1318,9,305.01,12/13/2024
2532,841,2,50.78,12/13/2024
2532,1015,9,26.01,12/13/2024
3005,1645,2,649,12/13/2024
1916,163,7,59.99,12/13/2024
1447,279,1,20.24,12/13/2024
157,530,2,37.84,12/13/2024
157,915,6,5.47,12/13/2024
822,1330,5,77.24,12/13/2024
730,346,4,292.1,12/13/2024
730,189,2,8.54,12/13/2024
730,34,6,424.12,12/13/2024
730,839,3,2.89,12/13/2024
730,1295,5,381.72,12/13/2024
4805,113,2,97.18,12/13/2024
4805,1039,2,10.37,12/13/2024
452,339,3,890.84,12/13/2024
2374,1531,4,72,12/13/2024
2374,134,2,113.89,12/13/2024
2374,862,3,158.13,12/13/2024
3050,943,3,14.13,12/13/2024
1084,835,5,64.75,12/13/2024
1619,647,2,1.87,12/13/2024
1619,744,2,11.21,12/13/2024
1619,531,8,37.38,12/13/2024
2034,1751,1,286.4,12/13/2024
3098,622,3,43.92,12/13/2024
2200,331,1,142.18,12/13/2024
3960,1214,3,19.61,12/13/2024
3960,753,7,4.16,12/13/2024
2800,1772,5,979.95,12/13/2024
2800,266,5,135.3,12/13/2024
4146,1223,3,8.9,12/13/2024
4146,1587,2,100.8,12/13/2024
4845,204,2,41.96,12/13/2024
4845,999,3,9.45,12/13/2024
4854,469,5,400.8,12/13/2024
4854,700,1,28.79,12/13/2024
4264,305,2,111,12/13/2024
4264,1641,4,1279.97,12/13/2024
4264,1299,7,1856.19,12/13/2024
2465,174,6,22.75,12/13/2024
3095,1731,1,61.54,12/13/2024
3095,765,7,81.44,12/13/2024
1132,181,2,67.36,12/13/2024
1132,142,3,54.53,12/13/2024
985,1525,2,843.9,12/13/2024
985,23,2,449.57,12/13/2024
4104,1425,1,15.51,12/13/2024
727,134,3,192.19,12/13/2024
1585,576,2,5.76,12/13/2024
206,58,2,67.88,12/13/2024
206,984,13,162.89,12/13/2024
206,163,3,25.71,12/13/2024
789,1310,6,191.88,12/13/2024
4164,370,6,721.88,12/13/2024
4164,1821,4,73.57,12/13/2024
4164,542,1,13.58,12/13/2024
4164,52,1,64.78,12/13/2024
374,432,3,176.77,12/13/2024
3641,653,6,38.82,12/13/2024
3641,778,5,21.9,12/13/2024
3621,1514,7,111.79,12/13/2024
3842,1819,8,445.44,12/13/2024
2499,1010,5,16.52,12/13/2024
3881,1116,5,29.9,12/13/2024
1327,810,8,116.4,12/13/2024
1935,517,1,1.41,12/13/2024
1935,188,2,169.57,12/13/2024
4229,1766,6,251.96,12/13/2024
4229,373,3,523.76,12/13/2024
2699,1080,3,19.44,12/13/2024
2699,52,3,194.35,12/13/2024
2699,790,3,36.62,12/13/2024
2124,1854,3,340.18,12/13/2024
2124,941,8,12.67,12/13/2024
2124,768,2,6.89,12/13/2024
2124,1371,2,32.54,12/13/2024
2124,94,7,347.8,12/13/2024
4038,836,3,15.57,12/13/2024
930,964,2,4.61,12/13/2024
105,1728,2,257.98,12/13/2024
4835,1322,11,153.78,12/13/2024
4835,1371,3,61.02,12/13/2024
4835,1464,7,110.11,12/13/2024
4835,936,1,7.89,12/13/2024
2814,642,3,36.02,12/13/2024
4917,542,4,54.34,12/13/2024
404,1340,6,92.52,12/13/2024
1281,587,3,10.27,12/13/2024
1784,1307,3,40.74,12/13/2024
1784,1013,5,14.4,12/13/2024
1784,1745,5,149.95,12/13/2024
1784,1463,2,16.9,12/13/2024
1784,1167,3,17.61,12/13/2024
1784,409,2,378,12/13/2024
1784,1137,3,17.64,12/13/2024
1784,1418,6,373.08,12/13/2024
1784,267,14,1336.44,12/13/2024
1784,1864,3,29.97,12/13/2024
2984,56,2,390.37,12/13/2024
2984,287,5,101.52,12/13/2024
3997,1036,3,74.35,12/13/2024
3767,1203,5,15.7,12/13/2024
3767,527,3,59.52,12/13/2024
3767,1189,5,34.4,12/13/2024
1863,353,2,313.18,12/13/2024
1863,110,3,866.65,12/13/2024
509,447,6,795.41,12/13/2024
304,1111,9,35.86,12/13/2024
304,1550,4,23.84,12/13/2024
1852,247,1,43.13,12/13/2024
1852,1184,7,30.87,12/13/2024
4160,1448,4,70.12,12/13/2024
807,40,5,509.96,12/13/2024
807,208,3,122.91,12/13/2024
807,114,2,97.57,12/13/2024
807,126,3,722.35,12/13/2024
3840,970,5,11.52,12/13/2024
2160,253,8,167.84,12/13/2024
263,371,1,172.11,12/13/2024
39,1500,2,99.98,12/13/2024
3215,1744,1,156.79,12/13/2024
3215,1532,2,35.36,12/13/2024
3215,171,1,13.59,12/13/2024
4546,123,2,386.68,12/13/2024
4546,1477,5,379.96,12/13/2024
4546,1735,3,539.91,12/13/2024
4546,1294,5,41.24,12/13/2024
4546,821,1,51.9,12/13/2024
4546,1381,5,552.56,12/13/2024
4546,737,5,23.16,12/13/2024
4546,1404,2,126.08,12/13/2024
4546,1641,3,449.1,12/13/2024
3509,378,4,195.1,12/13/2024
3509,280,3,36.67,12/13/2024
1731,66,2,85.25,12/13/2024
1731,281,2,32.71,12/13/2024
4347,664,3,11.43,12/13/2024
4347,654,2,30.44,12/13/2024
4347,1220,2,12.96,12/13/2024
4347,1207,4,16,12/13/2024
4347,460,3,32.67,12/13/2024
713,944,3,4.46,12/13/2024
713,682,5,9.35,12/13/2024
1436,664,3,9.14,12/13/2024
1436,773,6,23.14,12/13/2024
1436,546,5,99.2,12/13/2024
756,677,5,21.36,12/13/2024
1406,278,5,46.9,12/13/2024
4984,646,5,18.72,12/13/2024
4984,374,2,236.53,12/13/2024
1063,989,3,18.9,12/13/2024
130,1133,2,10.69,12/13/2024
130,1296,3,237.1,12/13/2024
3360,1090,1,5.18,12/13/2024
3360,1087,2,65.58,12/13/2024
3360,305,1,22.2,12/13/2024
3360,1050,5,419.4,12/13/2024
3101,292,5,88.92,12/13/2024
2930,485,3,9.91,12/13/2024
2930,112,5,318.43,12/13/2024
2930,739,5,5.8,12/13/2024
2930,1777,6,1415.76,12/13/2024
3501,1819,2,148.48,12/13/2024
2286,996,4,9.25,12/13/2024
2286,1359,2,1036.62,12/13/2024
1306,1759,2,569.64,12/13/2024
1306,678,1,9.14,12/13/2024
1306,184,7,1196.86,12/13/2024
1306,8,9,523.26,12/13/2024
4429,1616,4,639.97,12/13/2024
4429,1209,2,52.76,12/13/2024
1312,1526,9,538.92,12/13/2024
1756,579,2,14.88,12/13/2024
1756,1279,8,34.24,12/13/2024
1756,1338,2,261.74,12/13/2024
2292,407,8,87.84,12/13/2024
3787,183,4,34.92,12/13/2024
459,1046,3,14.94,12/13/2024
459,226,2,14.56,12/13/2024
815,747,4,3.58,12/13/2024
815,1352,2,147.18,12/13/2024
2317,1611,5,1499.95,12/13/2024
1841,476,4,13.57,12/13/2024
777,120,9,2573.82,12/13/2024
777,835,2,609.98,12/13/2024
777,528,2,5.48,12/13/2024
777,1870,2,391.98,12/13/2024
777,1854,4,755.96,12/13/2024
777,924,4,31.12,12/13/2024
777,1083,1,6.54,12/13/2024
2082,872,1,12.78,12/13/2024
180,836,4,18.46,12/13/2024
370,112,7,445.8,12/13/2024
3511,630,1,2.48,12/13/2024
3511,807,5,25.9,12/13/2024
4424,1091,5,29.9,12/13/2024
4424,1583,9,2249.91,12/13/2024
4424,358,4,1053.16,12/13/2024
3939,1212,2,12.96,12/13/2024
908,275,6,106.68,12/13/2024
4813,1787,6,119.94,12/13/2024
4974,1260,3,10.27,12/13/2024
4974,351,5,512.19,12/13/2024
4974,414,2,1.56,12/13/2024
3213,806,2,4.45,12/13/2024
3213,265,3,276.69,12/13/2024
3213,909,4,4.96,12/13/2024
3213,613,4,71.92,12/13/2024
3213,244,3,18.84,12/13/2024
3213,1490,3,140.97,12/13/2024
3213,1870,3,470.38,12/13/2024
4821,498,2,6.08,12/13/2024
4821,1778,1,164.79,12/13/2024
2600,885,2,23.36,12/13/2024
4753,654,4,12.18,12/13/2024
203,1743,2,46.38,12/13/2024
203,1391,2,362.92,12/13/2024
4976,1067,2,9.25,12/13/2024
4976,1707,9,1889.95,12/13/2024
4976,1399,5,62.04,12/13/2024
4976,243,5,396.92,12/13/2024
4976,1361,7,239.46,12/13/2024
4976,632,5,13.12,12/13/2024
5001,819,2,29.36,12/13/2024
5001,382,5,214.9,12/13/2024
5001,770,4,15.92,12/13/2024
5001,1491,5,146.45,12/13/2024
5001,1426,1,15.14,12/13/2024
5001,1008,2,5.76,12/13/2024
5001,1612,2,1399.98,12/13/2024
2680,754,2,8.95,12/13/2024
2680,713,6,8.86,12/13/2024
2680,125,2,85.25,12/13/2024
314,884,7,21.73,12/13/2024
314,118,5,1487.04,12/13/2024
4751,855,6,71.88,12/13/2024
4751,277,3,9.24,12/13/2024
4751,1165,6,35.88,12/13/2024
4751,734,3,17.04,12/13/2024
4751,799,3,931.18,12/13/2024
1808,221,3,266.35,12/13/2024
1808,132,4,483.14,12/13/2024
4882,98,2,196.78,12/13/2024
4882,48,5,231.92,12/13/2024
4971,1455,3,29.7,12/13/2024
2880,171,2,13.59,12/13/2024
1799,1125,2,70.88,12/13/2024
4784,1395,1,114.29,12/13/2024
4784,790,8,36.62,12/13/2024
4784,34,8,242.35,12/13/2024
4784,1696,2,49.62,12/13/2024
4784,188,6,508.7,12/13/2024
4784,1861,6,57.36,12/13/2024
4784,90,5,906.68,12/13/2024
51,1722,6,719.95,12/13/2024
51,1857,7,755.94,12/13/2024
51,842,5,11.98,12/13/2024
51,811,1,0.9,12/13/2024
2267,309,3,21.2,12/13/2024
490,874,3,34.74,12/13/2024
490,1850,6,833.94,12/13/2024
490,786,3,12.96,12/13/2024
490,1034,4,25.92,12/13/2024
182,45,7,349.96,12/13/2024
182,496,5,22.32,12/13/2024
3988,1229,6,158.28,12/13/2024
3988,830,3,497.94,12/13/2024
4278,431,3,533.94,12/13/2024
4278,1078,3,167.94,12/13/2024
4278,250,6,31.68,12/13/2024
1785,56,1,170.79,12/13/2024
4519,37,4,198.74,12/13/2024
3949,1512,2,63.82,12/13/2024
4713,67,4,435.17,12/13/2024
4713,4,1,48.58,12/13/2024
3614,1520,3,47.98,12/13/2024
3614,1112,4,20.74,12/13/2024
424,569,9,26.46,12/13/2024
424,1104,4,49.12,12/13/2024
424,925,3,15,12/13/2024
14,1401,5,194.7,12/13/2024
14,374,4,591.32,12/13/2024
14,504,1,2.84,12/13/2024
1181,1415,2,221.96,12/13/2024
1181,1485,4,236,12/13/2024
436,1465,2,41.94,12/13/2024
436,1747,1,52.79,12/13/2024
2296,137,3,563.94,12/13/2024
1102,386,8,2625.12,12/13/2024
1102,638,3,17.94,12/13/2024
1695,1410,3,422.86,12/13/2024
1366,117,2,127.76,12/13/2024
725,1714,7,3499.93,12/13/2024
725,1008,5,14.4,12/13/2024
725,1070,3,122.97,12/13/2024
725,526,4,9.32,12/13/2024
725,703,3,122.94,12/13/2024
3269,179,3,17.31,12/13/2024
1326,626,7,128.74,12/13/2024
2614,149,9,58.25,12/13/2024
2614,66,2,71.25,12/13/2024
2614,500,3,7.87,12/13/2024
2614,54,3,887.27,12/13/2024
3193,722,7,146.86,12/13/2024
3193,678,4,36.56,12/13/2024
1644,1763,3,225.58,12/13/2024
397,523,2,5.25,12/13/2024
397,486,3,38.26,12/13/2024
397,1037,5,40.24,12/13/2024
397,1677,5,29.93,12/13/2024
397,1206,6,148.7,12/13/2024
397,1596,10,55.92,12/13/2024
2511,1039,2,12.96,12/13/2024
1733,253,3,25.18,12/13/2024
1733,217,2,5.58,12/13/2024
1733,1349,9,1297.37,12/13/2024
3217,1311,2,264.32,12/13/2024
4069,1090,4,25.92,12/13/2024
4069,593,7,22.96,12/13/2024
414,1131,3,19.44,12/13/2024
4416,1077,2,9.54,12/13/2024
4416,906,1,5.81,12/13/2024
4416,509,2,5.76,12/13/2024
992,138,3,14.91,12/13/2024
575,649,9,6.64,12/13/2024
2377,1129,2,18.54,12/13/2024
2377,785,5,679.96,12/13/2024
3829,331,1,189.58,12/13/2024
3829,1841,5,71.96,12/13/2024
4297,1742,5,539.92,12/13/2024
4297,90,4,725.34,12/13/2024
4297,630,3,7.44,12/13/2024
293,390,1,39.48,12/13/2024
1290,409,5,850.5,12/13/2024
1290,271,9,75.33,12/13/2024
4475,439,6,325.63,12/13/2024
4475,1547,2,23.34,12/13/2024
4475,988,5,16.52,12/13/2024
716,870,5,335.72,12/13/2024
716,1752,7,251.94,12/13/2024
716,86,7,127.3,12/13/2024
4967,93,8,1207.84,12/13/2024
4967,740,1,12.53,12/13/2024
4967,594,1,34.58,12/13/2024
4967,126,1,300.98,12/13/2024
4967,69,3,258.75,12/13/2024
2911,527,3,59.52,12/13/2024
2911,887,7,57.96,12/13/2024
2911,35,2,441.96,12/13/2024
2911,1193,6,68.04,12/13/2024
4680,1644,6,703.71,12/13/2024
4680,754,4,17.9,12/13/2024
4680,746,4,11.98,12/13/2024
4680,1508,5,67.96,12/13/2024
1602,118,3,892.22,12/13/2024
4230,1647,2,1299.99,12/13/2024
2301,781,2,4.54,12/13/2024
2301,54,4,1352.03,12/13/2024
826,367,9,1548.99,12/13/2024
826,887,3,19.87,12/13/2024
3025,1507,3,119.45,12/13/2024
3025,1386,2,118.16,12/13/2024
1081,577,4,19.56,12/13/2024
899,238,4,80.96,12/13/2024
899,1241,4,25.92,12/13/2024
4247,384,2,106.96,12/13/2024
4247,293,4,187.76,12/13/2024
3915,679,4,76.78,12/13/2024
3741,787,5,53.9,12/13/2024
79,314,3,76.73,12/13/2024
79,791,7,10.43,12/13/2024
4904,546,5,99.2,12/13/2024
3588,573,5,15.92,12/13/2024
612,144,4,129.92,12/13/2024
4622,676,1,30.4,12/13/2024
4622,1613,9,5399.91,12/13/2024
4622,1302,3,119.1,12/13/2024
1207,1075,6,40.08,12/13/2024
1207,1086,3,59.94,12/13/2024
1207,1558,2,259.98,12/13/2024
1207,26,1,170.98,12/13/2024
1207,229,3,38.97,12/13/2024
1207,1239,5,154.9,12/13/2024
1207,375,4,446.07,12/13/2024
3478,404,3,152.94,12/13/2024
522,1533,3,23.47,12/13/2024
418,1215,4,195.64,12/13/2024
418,1182,3,14.94,12/13/2024
418,1525,4,1687.8,12/13/2024
418,3,2,341.96,12/13/2024
418,122,6,605.88,12/13/2024
1068,454,1,186.73,12/13/2024
1068,780,3,3812.97,12/13/2024
1025,759,9,26.42,12/13/2024
1025,1788,1,625.99,12/13/2024
2792,328,9,1568.61,12/13/2024
2792,805,1,17.3,12/13/2024
2792,1592,8,160,12/13/2024
4856,420,3,179.94,12/13/2024
4856,373,3,872.94,12/13/2024
4856,1213,2,12.96,12/13/2024
33,1000,6,88.8,12/13/2024
33,1719,4,319.97,12/13/2024
1997,131,7,167.89,12/13/2024
2981,1048,5,163.96,12/13/2024
2981,717,4,5.23,12/13/2024
3836,1618,2,1199.98,12/13/2024
3836,1386,1,73.85,12/13/2024
3836,1440,3,25.71,12/13/2024
3836,920,6,17.28,12/13/2024
3836,358,2,526.58,12/13/2024
1932,1067,2,11.56,12/13/2024
1932,1766,3,209.97,12/13/2024
1932,365,4,447.84,12/13/2024
1932,1579,3,479.97,12/13/2024
1932,558,3,8.64,12/13/2024
2805,531,2,11.68,12/13/2024
480,1508,3,40.78,12/13/2024
480,654,3,13.7,12/13/2024
4445,1808,5,87.8,12/13/2024
3583,201,3,77.95,12/13/2024
3583,1352,2,147.18,12/13/2024
3583,1041,3,47.95,12/13/2024
592,410,6,250.26,12/13/2024
4726,1508,3,40.78,12/13/2024
1457,1253,5,29.6,12/13/2024
1457,750,2,1.94,12/13/2024
4919,1495,4,159.96,12/13/2024
906,527,3,59.52,12/13/2024
906,851,2,17.48,12/13/2024
906,829,2,13.17,12/13/2024
4895,379,3,40.74,12/13/2024
1323,119,1,179.89,12/13/2024
1924,456,1,286.26,12/13/2024
1924,1426,2,24.22,12/13/2024
1924,1381,3,331.54,12/13/2024
4458,531,3,17.52,12/13/2024
1805,496,4,17.86,12/13/2024
4533,1545,3,431.98,12/13/2024
2909,112,4,291.14,12/13/2024
3606,854,4,114.85,12/13/2024
3667,1075,2,10.69,12/13/2024
2735,1072,4,15.23,12/13/2024
3494,621,3,12.42,12/13/2024
4523,1139,3,19.44,12/13/2024
81,788,4,70.37,12/13/2024
2988,517,9,12.67,12/13/2024
3619,1823,5,89.95,12/13/2024
646,1117,2,6.58,12/13/2024
646,1477,1,94.99,12/13/2024
1432,1808,2,35.12,12/13/2024
2922,1119,4,25.92,12/13/2024
2219,723,2,7.96,12/13/2024
2219,1854,3,566.97,12/13/2024
2219,603,3,9.84,12/13/2024
910,1601,2,25.49,12/13/2024
1545,938,6,7.56,12/13/2024
1239,260,3,60.84,12/13/2024
1239,1407,2,450.04,12/13/2024
1239,805,2,34.6,12/13/2024
1239,1781,3,467.97,12/13/2024
1239,843,2,33.02,12/13/2024
1572,189,2,17.09,12/13/2024
1607,537,2,3.01,12/13/2024
2824,1180,7,268.24,12/13/2024
2824,1561,5,431.16,12/13/2024
3062,1834,4,43.6,12/13/2024
3062,312,3,154.95,12/13/2024
2619,1208,3,15.55,12/13/2024
653,1229,2,42.21,12/13/2024
3277,1235,2,10.37,12/13/2024
3926,578,1,2.22,12/13/2024
843,887,9,74.52,12/13/2024
4814,615,3,17.52,12/13/2024
4814,89,5,1779.9,12/13/2024
4814,539,5,219.9,12/13/2024
1691,545,3,7.15,12/13/2024
3880,1230,5,26.72,12/13/2024
2569,1801,2,1039.73,12/13/2024
2569,440,2,45.96,12/13/2024
1818,661,2,456.59,12/13/2024
1818,1628,5,4499.99,12/13/2024
1818,1487,3,59.98,12/13/2024
2519,864,3,6.12,12/13/2024
774,407,1,10.98,12/13/2024
774,939,3,7.86,12/13/2024
774,1420,3,51.45,12/13/2024
774,737,3,37.06,12/13/2024
2306,404,4,203.92,12/13/2024
2306,1868,4,29.56,12/13/2024
1223,748,3,8.57,12/13/2024
2676,1398,2,45.25,12/13/2024
2676,346,10,876.3,12/13/2024
2676,1451,2,185.38,12/13/2024
4218,984,2,25.06,12/13/2024
4561,651,1,2.89,12/13/2024
4561,916,3,7.9,12/13/2024
4561,320,3,22.61,12/13/2024
4561,1077,8,30.53,12/13/2024
4009,687,3,4.84,12/13/2024
1822,724,5,1.8,12/13/2024
4181,1501,2,39.98,12/13/2024
1154,1156,5,32.4,12/13/2024
1154,1174,2,97.88,12/13/2024
978,1706,4,307.17,12/13/2024
4447,681,5,26.9,12/13/2024
4118,900,3,47.01,12/13/2024
4118,1790,1,469.99,12/13/2024
4118,107,3,207.85,12/13/2024
3943,1385,3,324.74,12/13/2024
532,238,2,40.48,12/13/2024
831,997,4,12,12/13/2024
831,1407,4,720.06,12/13/2024
831,1369,1,25.42,12/13/2024
831,517,2,2.82,12/13/2024
831,640,2,3.2,12/13/2024
4614,819,7,30.83,12/13/2024
4614,541,3,47.62,12/13/2024
4614,1838,2,108.78,12/13/2024
2234,1077,1,4.77,12/13/2024
2234,532,3,7.98,12/13/2024
2234,344,3,550.43,12/13/2024
2234,255,6,10.56,12/13/2024
4769,49,2,1497.67,12/13/2024
4769,1698,2,17.52,12/13/2024
2293,549,3,113.22,12/13/2024
2293,1132,6,35.88,12/13/2024
2293,686,3,4535.98,12/13/2024
3810,911,8,11.84,12/13/2024
2502,56,3,731.94,12/13/2024
2298,950,2,14.62,12/13/2024
4373,322,5,957.58,12/13/2024
4373,1322,2,22.37,12/13/2024
202,187,7,48.86,12/13/2024
202,565,4,7.28,12/13/2024
202,1770,6,907.15,12/13/2024
202,798,3,18.5,12/13/2024
202,440,5,114.9,12/13/2024
202,331,9,1706.18,12/13/2024
202,1759,4,911.42,12/13/2024
3087,1173,3,15.55,12/13/2024
2659,785,3,407.98,12/13/2024
4391,424,5,68.81,12/13/2024
4391,667,3,2.54,12/13/2024
82,1415,6,665.88,12/13/2024
776,1300,2,55.5,12/13/2024
528,570,2,8.56,12/13/2024
528,1758,3,213.48,12/13/2024
528,734,4,22.72,12/13/2024
2279,480,7,19.46,12/13/2024
2279,411,7,60.34,12/13/2024
4961,96,2,71.37,12/13/2024
891,322,3,1044.63,12/13/2024
2039,706,2,11.65,12/13/2024
2039,1554,3,90.57,12/13/2024
4459,49,7,3083.43,12/13/2024
4459,659,2,9.62,12/13/2024
4459,313,3,124.2,12/13/2024
4459,864,2,3.26,12/13/2024
4459,613,6,86.3,12/13/2024
4459,699,6,6.86,12/13/2024
4459,529,2,15.76,12/13/2024
2973,1038,3,29.47,12/13/2024
1974,1870,7,1097.54,12/13/2024
1974,267,5,190.92,12/13/2024
1027,879,9,113.33,12/13/2024
1027,21,3,532.4,12/13/2024
1027,122,3,212.06,12/13/2024
1027,1705,4,371.17,12/13/2024
3211,1839,4,147.17,12/13/2024
1720,1401,2,77.88,12/13/2024
3589,1394,2,95.62,12/13/2024
1987,1469,2,45.98,12/13/2024
1987,771,2,17.46,12/13/2024
557,1358,4,211.96,12/13/2024
2786,1528,3,45,12/13/2024
2786,1834,2,21.8,12/13/2024
1011,826,6,38.22,12/13/2024
1011,984,6,75.18,12/13/2024
1011,194,2,6.16,12/13/2024
1011,102,1,89.99,12/13/2024
1789,908,7,15.26,12/13/2024
1789,1778,5,1029.95,12/13/2024
1875,1312,6,208.56,12/13/2024
1875,1114,5,32.4,12/13/2024
1875,117,5,319.41,12/13/2024
1875,1065,2,14.56,12/13/2024
1875,1528,2,30,12/13/2024
1875,696,4,48.48,12/13/2024
1875,534,1,1.68,12/13/2024
1272,1596,2,13.98,12/13/2024
1272,681,6,25.82,12/13/2024
1272,1243,3,146.73,12/13/2024
1272,155,4,79.76,12/13/2024
4489,66,5,213.11,12/13/2024
87,560,8,1113.02,12/13/2024
87,1794,4,167.97,12/13/2024
2011,1054,2,75.88,12/13/2024
1792,836,1,4.62,12/13/2024
3088,1282,3,19.05,12/13/2024
4422,57,8,831.94,12/13/2024
4422,270,2,97.04,12/13/2024
4422,1413,1,72.78,12/13/2024
4808,813,3,1.25,12/13/2024
4808,149,3,9.71,12/13/2024
4808,1313,3,27.24,12/13/2024
4299,252,5,19.3,12/13/2024
2122,419,1,208.16,12/13/2024
2122,736,3,16.74,12/13/2024
479,545,5,14.9,12/13/2024
479,1374,1,21.39,12/13/2024
1461,854,7,200.98,12/13/2024
4818,1405,3,230.38,12/13/2024
3598,64,2,301.96,12/13/2024
3908,1520,1,19.99,12/13/2024
3908,949,2,6.16,12/13/2024
2629,1398,7,158.37,12/13/2024
1845,635,3,20.1,12/13/2024
1845,1839,2,73.58,12/13/2024
1845,1042,1,6.48,12/13/2024
1455,1213,2,12.96,12/13/2024
1455,275,3,53.34,12/13/2024
1455,756,2,32.96,12/13/2024
4770,840,1,5.68,12/13/2024
4016,161,7,96.53,12/13/2024
3950,712,3,51.31,12/13/2024
2459,388,6,77.88,12/13/2024
2609,1216,7,64.62,12/13/2024
2609,1513,3,95.98,12/13/2024
2609,747,3,1.79,12/13/2024
2164,1252,4,23.92,12/13/2024
4470,1507,6,238.9,12/13/2024
4470,286,3,102.36,12/13/2024
4470,751,3,36.88,12/13/2024
3182,1570,8,74.11,12/13/2024
3182,1800,1,27.99,12/13/2024
3182,485,1,3.3,12/13/2024
1179,1484,5,339.96,12/13/2024
3745,204,2,41.96,12/13/2024
2147,484,2,75.96,12/13/2024
2147,801,6,27.24,12/13/2024
198,912,14,40.1,12/13/2024
198,875,2,4.72,12/13/2024
198,1291,3,23.98,12/13/2024
198,873,6,130.46,12/13/2024
931,335,3,787.53,12/13/2024
4427,783,1,157.79,12/13/2024
1757,216,3,47.04,12/13/2024
1757,798,4,30.84,12/13/2024
1757,1323,6,226.56,12/13/2024
1757,872,9,115.02,12/13/2024
1757,1830,7,68.04,12/13/2024
4315,120,3,600.56,12/13/2024
4272,372,6,617.7,12/13/2024
4757,770,2,2.39,12/13/2024
4757,1388,7,243.99,12/13/2024
4579,66,2,81.42,12/13/2024
4579,273,3,238.56,12/13/2024
4987,1771,5,59.97,12/13/2024
4987,1174,2,78.3,12/13/2024
4987,929,9,21.46,12/13/2024
2401,1133,3,20.04,12/13/2024
2401,1125,1,35.44,12/13/2024
2401,509,4,11.52,12/13/2024
2401,933,2,4.02,12/13/2024
2401,841,3,76.18,12/13/2024
2401,1437,6,65.88,12/13/2024
2401,194,14,43.12,12/13/2024
1857,313,2,82.8,12/13/2024
2942,503,3,8.82,12/13/2024
2942,895,3,10.86,12/13/2024
2942,1265,3,143.7,12/13/2024
3906,399,3,839.43,12/13/2024
935,1405,7,671.93,12/13/2024
133,158,4,93.89,12/13/2024
1930,1697,11,384.45,12/13/2024
1930,1732,3,149.97,12/13/2024
1930,56,8,1951.84,12/13/2024
1930,749,5,171.55,12/13/2024
2616,387,5,157.92,12/13/2024
2616,1724,2,203.18,12/13/2024
1122,1145,7,58.38,12/13/2024
1122,1168,4,105.52,12/13/2024
1122,1356,6,80.88,12/13/2024
1041,525,3,6.63,12/13/2024
63,120,2,457.57,12/13/2024
1925,983,2,14.62,12/13/2024
1925,1853,7,944.93,12/13/2024
2685,1192,1,5.98,12/13/2024
1053,1575,2,54.38,12/13/2024
2542,869,5,28.4,12/13/2024
1921,805,2,27.68,12/13/2024
484,621,3,9.94,12/13/2024
484,1633,8,8159.95,12/13/2024
484,1331,3,275.93,12/13/2024
484,123,9,1740.06,12/13/2024
484,559,6,32.06,12/13/2024
484,431,5,177.98,12/13/2024
484,1832,3,143.98,12/13/2024
231,1068,3,20.94,12/13/2024
231,1089,2,110.96,12/13/2024
231,113,7,340.14,12/13/2024
4197,396,2,52.45,12/13/2024
4197,989,4,20.16,12/13/2024
4944,436,4,97.26,12/13/2024
4363,130,7,396.8,12/13/2024
4363,1442,5,15.88,12/13/2024
1295,538,1,3.28,12/13/2024
762,1399,2,24.82,12/13/2024
762,1597,7,408.74,12/13/2024
683,1813,4,503.96,12/13/2024
683,1863,5,149.95,12/13/2024
683,1535,2,29,12/13/2024
1770,718,2,7.16,12/13/2024
278,1532,8,176.8,12/13/2024
2580,1342,3,37.22,12/13/2024
2580,1145,3,20.02,12/13/2024
832,23,4,899.14,12/13/2024
832,1739,6,71.76,12/13/2024
832,1021,8,51.84,12/13/2024
832,21,3,626.35,12/13/2024
832,588,5,19.9,12/13/2024
1214,864,7,14.28,12/13/2024
485,628,2,7.41,12/13/2024
485,612,3,6.05,12/13/2024
2972,1344,3,46.26,12/13/2024
4836,657,2,2.95,12/13/2024
4836,1191,3,16.06,12/13/2024
2916,1186,3,21.74,12/13/2024
420,370,2,218.75,12/13/2024
420,453,1,2.6,12/13/2024
4801,447,2,66.28,12/13/2024
3334,244,7,35.17,12/13/2024
2991,1755,4,444.77,12/13/2024
3521,1316,4,83.92,12/13/2024
3521,1746,2,131.98,12/13/2024
3521,770,4,15.92,12/13/2024
3521,906,9,52.29,12/13/2024
3521,1352,1,91.99,12/13/2024
820,1497,2,20.8,12/13/2024
1417,1011,2,23.68,12/13/2024
1417,47,5,452.45,12/13/2024
1417,1800,3,62.98,12/13/2024
1417,1634,9,1188,12/13/2024
1417,1467,2,89.58,12/13/2024
2169,1342,6,93.06,12/13/2024
2169,1785,3,302.38,12/13/2024
1692,910,2,5.58,12/13/2024
1692,1249,6,22.7,12/13/2024
1692,756,4,19.78,12/13/2024
1692,142,4,72.7,12/13/2024
1692,1641,4,479.99,12/13/2024
1692,542,2,27.17,12/13/2024
1624,505,1,2.2,12/13/2024
1624,361,5,622.45,12/13/2024
1624,1377,1,21.98,12/13/2024
4449,133,2,161.57,12/13/2024
4449,125,8,389.7,12/13/2024
4323,710,7,18.65,12/13/2024
4725,334,2,233.86,12/13/2024
4725,358,3,620.61,12/13/2024
4725,710,2,5.33,12/13/2024
4725,287,3,258.07,12/13/2024
4725,1577,3,617.98,12/13/2024
4005,1177,2,10.56,12/13/2024
2595,1220,5,25.92,12/13/2024
2595,160,5,419.68,12/13/2024
2595,300,3,11.69,12/13/2024
2595,1688,2,31.98,12/13/2024
2595,347,5,177.22,12/13/2024
2595,228,3,4.04,12/13/2024
2595,628,2,7.41,12/13/2024
396,120,7,2001.86,12/13/2024
396,1368,2,166.72,12/13/2024
396,1255,6,47.88,12/13/2024
396,442,5,1503.25,12/13/2024
396,1021,4,25.92,12/13/2024
2547,100,2,321.57,12/13/2024
2403,1277,1,7.61,12/13/2024
2403,1577,13,3347.37,12/13/2024
2429,1337,6,80.58,12/13/2024
2429,888,4,361.92,12/13/2024
4477,228,9,12.13,12/13/2024
4477,1422,2,82.37,12/13/2024
4477,1356,5,53.92,12/13/2024
4477,1742,6,647.9,12/13/2024
4066,1471,3,20.37,12/13/2024
4066,1386,3,221.55,12/13/2024
4066,778,5,17.52,12/13/2024
4955,421,2,1.62,12/13/2024
4209,1633,3,3059.98,12/13/2024
4209,1668,7,2519.96,12/13/2024
2096,1731,4,328.22,12/13/2024
1529,1590,2,79.9,12/13/2024
3539,591,3,14.02,12/13/2024
1865,938,6,7.56,12/13/2024
4916,1414,1,37.21,12/13/2024
4916,898,3,57.58,12/13/2024
4084,1391,4,725.84,12/13/2024
1535,1574,7,209.93,12/13/2024
1535,255,3,5.28,12/13/2024
1535,745,3,10.92,12/13/2024
3162,1184,2,8.82,12/13/2024
3162,520,1,5.98,12/13/2024
3464,1069,2,11.65,12/13/2024
3464,1273,4,18.18,12/13/2024
3464,1325,6,59.71,12/13/2024
3464,976,3,24.84,12/13/2024
4483,847,5,2.08,12/13/2024
4483,1748,7,1114.4,12/13/2024
1206,352,5,1038.84,12/13/2024
1205,1052,5,141.76,12/13/2024
1205,1518,5,239.8,12/13/2024
1205,1257,6,31.1,12/13/2024
1895,669,7,254.06,12/13/2024
1895,436,2,194.53,12/13/2024
1895,1431,5,961.48,12/13/2024
1861,932,7,19.1,12/13/2024
1861,1015,8,18.5,12/13/2024
1861,1521,2,255.98,12/13/2024
1861,48,3,86.97,12/13/2024
152,293,8,300.42,12/13/2024
152,78,3,230.35,12/13/2024
152,242,3,218.35,12/13/2024
152,833,5,78.6,12/13/2024
152,945,3,27.55,12/13/2024
2355,1157,5,32.4,12/13/2024
2355,1385,8,1082.48,12/13/2024
2355,1261,3,56.91,12/13/2024
2355,199,4,77.6,12/13/2024
2355,748,1,14.28,12/13/2024
4945,346,3,219.08,12/13/2024
1388,234,2,26.8,12/13/2024
384,593,3,9.84,12/13/2024
146,680,3,45.48,12/13/2024
146,547,6,289.2,12/13/2024
3343,563,1,4.89,12/13/2024
2360,203,4,15.14,12/13/2024
2360,121,2,466.77,12/13/2024
2360,196,1,15.23,12/13/2024
2360,959,3,6.26,12/13/2024
253,190,3,87.54,12/13/2024
781,1776,2,178.38,12/13/2024
781,1143,3,15.55,12/13/2024
739,580,4,99.14,12/13/2024
749,93,1,135.88,12/13/2024
749,1656,2,3991.98,12/13/2024
749,1839,6,275.94,12/13/2024
749,1486,4,360,12/13/2024
749,1388,1,43.57,12/13/2024
668,913,2,7.16,12/13/2024
2672,833,6,251.52,12/13/2024
2672,1517,1,99.99,12/13/2024
3871,207,1,15.99,12/13/2024
4626,1825,3,290.9,12/13/2024
4626,1318,2,54.22,12/13/2024
4626,105,4,786.74,12/13/2024
4626,962,10,100.24,12/13/2024
4626,698,6,37.76,12/13/2024
4655,1856,2,82.8,12/13/2024
4655,688,2,20.72,12/13/2024
4655,721,3,4.9,12/13/2024
1305,720,1,4.75,12/13/2024
1305,1613,2,959.98,12/13/2024
1305,811,4,14.37,12/13/2024
369,773,2,7.71,12/13/2024
369,373,3,698.35,12/13/2024
1167,909,4,4.96,12/13/2024
266,477,4,17.86,12/13/2024
266,785,10,509.97,12/13/2024
266,929,13,30.99,12/13/2024
266,1713,12,71.93,12/13/2024
4396,1300,4,88.8,12/13/2024
4192,1771,3,47.98,12/13/2024
3492,612,3,7.56,12/13/2024
3492,1038,2,24.56,12/13/2024
3492,518,2,12.96,12/13/2024
2159,1471,1,6.79,12/13/2024
2159,1149,2,24.56,12/13/2024
2159,732,1,3.05,12/13/2024
2159,1150,4,49.12,12/13/2024
2159,849,4,4355.17,12/13/2024
2294,20,6,388.7,12/13/2024
2294,857,2,8.26,12/13/2024
2294,555,4,17.04,12/13/2024
2294,1189,5,34.4,12/13/2024
2165,1186,5,36.24,12/13/2024
3912,400,8,647.84,12/13/2024
3912,963,2,20.7,12/13/2024
3705,963,2,20.7,12/13/2024
3705,62,3,488.65,12/13/2024
3705,597,2,5.56,12/13/2024
3705,139,8,47.12,12/13/2024
282,1358,4,211.96,12/13/2024
2562,739,4,23.2,12/13/2024
2562,1438,2,7.36,12/13/2024
2562,1375,7,104.79,12/13/2024
2562,21,4,1043.92,12/13/2024
2906,1156,5,25.92,12/13/2024
2906,1366,3,53.42,12/13/2024
4243,721,5,8.16,12/13/2024
4243,1579,8,1023.94,12/13/2024
4243,495,1,9.24,12/13/2024
4243,1526,10,479.04,12/13/2024
4607,1206,4,99.14,12/13/2024
4881,377,7,1488.42,12/13/2024
1201,393,3,8.65,12/13/2024
1201,1397,3,23.83,12/13/2024
1201,654,4,12.18,12/13/2024
2243,1284,7,50.96,12/13/2024
2243,735,3,49.54,12/13/2024
1129,1600,2,41.9,12/13/2024
4503,323,3,375.46,12/13/2024
4503,1534,3,83.98,12/13/2024
1098,1643,4,482.34,12/13/2024
1098,205,1,2.96,12/13/2024
204,632,1,2.62,12/13/2024
2845,641,4,23.36,12/13/2024
2845,1520,2,39.98,12/13/2024
4277,1805,2,246.38,12/13/2024
4277,1618,3,1799.97,12/13/2024
4275,802,3,12.46,12/13/2024
2871,828,3,75.79,12/13/2024
4109,1324,2,49.96,12/13/2024
4109,1179,2,12.96,12/13/2024
1092,1448,4,70.12,12/13/2024
1834,1355,3,35.95,12/13/2024
1834,49,4,2396.27,12/13/2024
1834,1329,4,131.14,12/13/2024
1834,1468,2,57.58,12/13/2024
168,1144,2,9.57,12/13/2024
650,585,6,39.07,12/13/2024
3157,465,3,35.91,12/13/2024
3143,1468,5,179.95,12/13/2024
3143,1621,3,1199.98,12/13/2024
3143,1234,5,27.15,12/13/2024
3143,342,7,1004.02,12/13/2024
3143,1196,1,9.68,12/13/2024
3143,999,9,28.35,12/13/2024
3143,1149,1,55.98,12/13/2024
3143,16,13,1336.83,12/13/2024
3143,116,2,113.57,12/13/2024
3650,1028,7,139.86,12/13/2024
3650,78,4,307.14,12/13/2024
3249,620,8,95.92,12/13/2024
2454,135,5,383.8,12/13/2024
3895,1240,1,5.78,12/13/2024
3023,526,4,9.32,12/13/2024
3023,852,1,15.25,12/13/2024
515,1581,6,196.75,12/13/2024
3317,310,4,56.56,12/13/2024
3317,1328,3,32.7,12/13/2024
3913,50,4,866.4,12/13/2024
3793,256,2,28.4,12/13/2024
3793,700,8,287.92,12/13/2024
23,1625,1,69.99,12/13/2024
3848,483,6,6.67,12/13/2024
4576,832,2,189.59,12/13/2024
4576,1597,7,408.74,12/13/2024
4576,1598,5,291.96,12/13/2024
4576,1314,2,4.77,12/13/2024
2126,1395,5,714.3,12/13/2024
4311,668,2,4.81,12/13/2024
4311,1544,5,247.8,12/13/2024
2436,1658,3,1007.98,12/13/2024
2436,1149,7,313.49,12/13/2024
3406,1164,8,31.87,12/13/2024
3940,107,3,207.85,12/13/2024
1950,148,1,12.22,12/13/2024
1950,1298,3,194.94,12/13/2024
1950,1389,3,70.95,12/13/2024
1950,1163,4,91.36,12/13/2024
1950,91,3,242.94,12/13/2024
1950,966,7,22.05,12/13/2024
3886,145,1,2.91,12/13/2024
2754,491,3,59.52,12/13/2024
2754,1346,3,161.94,12/13/2024
2754,539,6,263.88,12/13/2024
2754,572,3,30.48,12/13/2024
2754,637,3,9.84,12/13/2024
2754,1775,4,35.12,12/13/2024
3753,331,2,284.36,12/13/2024
3753,1303,2,665.41,12/13/2024
1702,1514,4,63.88,12/13/2024
4216,52,2,129.57,12/13/2024
4683,89,3,747.56,12/13/2024
4683,861,2,8.93,12/13/2024
920,429,4,103.92,12/13/2024
3850,1296,6,592.74,12/13/2024
2788,1425,9,111.67,12/13/2024
4231,600,3,8.64,12/13/2024
4231,1548,3,149.97,12/13/2024
307,92,5,232.88,12/13/2024
1151,122,1,90.88,12/13/2024
3130,1836,4,508.77,12/13/2024
3130,857,3,9.91,12/13/2024
1297,80,3,63.94,12/13/2024
1297,491,3,59.52,12/13/2024
1297,1810,3,311.98,12/13/2024
1297,698,3,50.35,12/13/2024
1889,1739,2,19.14,12/13/2024
1171,632,5,13.12,12/13/2024
890,345,2,241.57,12/13/2024
890,1735,2,479.92,12/13/2024
1448,124,4,307.14,12/13/2024
1448,986,2,12.6,12/13/2024
1448,1543,2,159.98,12/13/2024
4280,864,3,6.12,12/13/2024
4280,363,4,1184.72,12/13/2024
1961,440,2,45.96,12/13/2024
688,782,3,58.05,12/13/2024
688,1114,11,71.28,12/13/2024
4834,332,4,124.4,12/13/2024
1136,1088,5,154.9,12/13/2024
1136,1781,12,1871.88,12/13/2024
2143,290,2,16.19,12/13/2024
1765,1304,3,18.94,12/13/2024
1765,1387,3,12.67,12/13/2024
1765,960,2,5.04,12/13/2024
801,1027,2,8.45,12/13/2024
801,451,2,20.39,12/13/2024
1398,1111,2,9.96,12/13/2024
3517,469,4,320.64,12/13/2024
3517,1497,4,52,12/13/2024
50,818,2,25.58,12/13/2024
50,1819,5,464,12/13/2024
50,398,3,235.95,12/13/2024
50,1123,4,39.96,12/13/2024
3847,737,4,18.53,12/13/2024
1371,1556,2,17.9,12/13/2024
1371,1329,2,81.96,12/13/2024
1377,1384,3,272.74,12/13/2024
1377,1138,4,18.5,12/13/2024
1377,123,2,441.92,12/13/2024
1377,11,6,127.76,12/13/2024
15,1048,3,166.44,12/13/2024
2272,1064,2,13.38,12/13/2024
4993,1528,2,24,12/13/2024
3250,899,4,24.45,12/13/2024
1730,978,2,6.16,12/13/2024
1730,120,4,915.14,12/13/2024
1730,1279,2,8.56,12/13/2024
1730,1140,2,97.82,12/13/2024
4166,1156,6,31.1,12/13/2024
4166,449,1,11.18,12/13/2024
1443,971,2,5.04,12/13/2024
2642,276,4,242.18,12/13/2024
2567,356,2,337.18,12/13/2024
3160,604,6,13.34,12/13/2024
3160,1522,6,76.75,12/13/2024
3160,1523,8,102.34,12/13/2024
3160,1166,2,10.32,12/13/2024
3160,1463,7,47.32,12/13/2024
3160,300,3,23.38,12/13/2024
3160,298,5,16.72,12/13/2024
3160,290,1,16.19,12/13/2024
1903,1018,5,32.4,12/13/2024
2450,602,9,19.89,12/13/2024
2450,1515,2,399.98,12/13/2024
2450,263,5,343.85,12/13/2024
2450,1218,3,106.32,12/13/2024
3315,739,3,13.92,12/13/2024
3305,756,5,82.4,12/13/2024
3305,647,2,6.24,12/13/2024
3305,1149,8,447.84,12/13/2024
3378,412,7,272.05,12/13/2024
3378,695,6,1614.58,12/13/2024
3378,940,5,24.32,12/13/2024
3378,1576,2,1.58,12/13/2024
3378,254,1,31.98,12/13/2024
3378,892,5,14.76,12/13/2024
3378,83,2,423.65,12/13/2024
1143,1103,2,76.64,12/13/2024
4389,861,1,4.46,12/13/2024
4389,753,10,3.96,12/13/2024
1892,456,2,715.64,12/13/2024
2473,365,3,268.7,12/13/2024
2473,528,8,21.92,12/13/2024
2473,1354,3,48.72,12/13/2024
2473,7,2,205.67,12/13/2024
2764,192,2,30.34,12/13/2024
4747,1412,2,25.7,12/13/2024
4106,1673,5,3404.5,12/13/2024
4106,1610,3,101.34,12/13/2024
941,98,4,344.37,12/13/2024
2821,484,1,30.38,12/13/2024
1490,748,2,22.85,12/13/2024
3594,1330,2,38.62,12/13/2024
3594,1492,2,59.98,12/13/2024
2971,725,3,174.3,12/13/2024
3487,1706,5,383.96,12/13/2024
3487,805,3,15.57,12/13/2024
2102,736,4,22.32,12/13/2024
2102,1000,7,103.6,12/13/2024
3204,1567,3,2.97,12/13/2024
3204,1729,1,569.99,12/13/2024
3204,171,3,50.97,12/13/2024
4145,376,6,298.12,12/13/2024
2016,541,3,59.52,12/13/2024
4716,135,3,230.28,12/13/2024
4716,1229,5,105.52,12/13/2024
4115,885,2,23.36,12/13/2024
4115,1786,3,71.98,12/13/2024
4115,1244,2,8.56,12/13/2024
4115,648,3,13.92,12/13/2024
4115,399,9,2518.29,12/13/2024
4115,1349,3,540.57,12/13/2024
4115,817,8,221.06,12/13/2024
2418,66,2,81.42,12/13/2024
2418,1356,10,134.8,12/13/2024
3490,788,9,39.58,12/13/2024
3490,1433,7,44.69,12/13/2024
3490,527,2,31.74,12/13/2024
3490,703,5,40.98,12/13/2024
3490,685,3,3.17,12/13/2024
386,943,5,18.84,12/13/2024
386,69,6,362.25,12/13/2024
386,177,6,63.55,12/13/2024
386,1346,3,129.55,12/13/2024
1409,769,2,5.98,12/13/2024
1409,1768,4,861.76,12/13/2024
466,1315,4,66.96,12/13/2024
466,647,2,6.24,12/13/2024
3440,67,4,435.17,12/13/2024
3440,929,5,14.9,12/13/2024
3440,462,4,15.8,12/13/2024
3440,308,5,72.9,12/13/2024
3440,364,3,206.35,12/13/2024
3440,1713,1,7.99,12/13/2024
2910,1371,5,81.36,12/13/2024
2910,707,8,20.23,12/13/2024
2910,436,4,389.06,12/13/2024
2910,1278,4,20.74,12/13/2024
2910,1219,8,41.47,12/13/2024
1309,1049,4,33.36,12/13/2024
2592,9,3,90.88,12/13/2024
2592,1787,1,15.99,12/13/2024
2592,132,1,120.78,12/13/2024
4408,1822,4,519.79,12/13/2024
4408,1586,3,31.18,12/13/2024
4408,1194,2,10.37,12/13/2024
4408,801,2,2.72,12/13/2024
4408,188,3,254.35,12/13/2024
4408,795,3,3.76,12/13/2024
4408,1025,3,10.27,12/13/2024
760,1793,3,659.97,12/13/2024
760,1782,3,113.73,12/13/2024
981,691,1,5.1,12/13/2024
57,1030,2,16.45,12/13/2024
173,468,4,81.92,12/13/2024
173,209,5,254.9,12/13/2024
3852,931,5,15.12,12/13/2024
3852,586,3,7.87,12/13/2024
2496,847,5,8.32,12/13/2024
2288,1823,5,89.95,12/13/2024
4564,986,4,25.2,12/13/2024
4564,995,3,37.59,12/13/2024
4564,1375,1,14.97,12/13/2024
4564,1567,2,1.98,12/13/2024
2227,729,4,39.94,12/13/2024
2227,1479,2,18.46,12/13/2024
4497,721,3,4.9,12/13/2024
4497,20,6,145.76,12/13/2024
4497,714,6,9.61,12/13/2024
4749,1590,5,199.75,12/13/2024
4749,328,12,1673.18,12/13/2024
4304,198,7,12.18,12/13/2024
4304,393,4,57.68,12/13/2024
4460,1831,4,263.96,12/13/2024
939,1551,6,299.94,12/13/2024
939,1438,7,25.76,12/13/2024
527,1849,2,271.9,12/13/2024
527,280,3,45.84,12/13/2024
527,220,2,9.82,12/13/2024
2312,924,12,93.36,12/13/2024
938,1385,4,541.24,12/13/2024
938,1052,3,106.32,12/13/2024
938,83,5,1323.9,12/13/2024
346,1229,6,126.62,12/13/2024
4426,1760,7,125.94,12/13/2024
3200,830,5,663.92,12/13/2024
3200,1528,8,120,12/13/2024
3200,916,1,3.29,12/13/2024
3200,165,3,18.84,12/13/2024
4265,227,6,60.67,12/13/2024
4265,493,9,30.82,12/13/2024
3092,1746,1,52.79,12/13/2024
4141,417,10,83.9,12/13/2024
4141,1137,2,11.76,12/13/2024
365,381,3,4.99,12/13/2024
365,890,5,87.92,12/13/2024
365,137,5,657.93,12/13/2024
365,660,1,1.04,12/13/2024
1228,150,2,210.68,12/13/2024
1228,1404,1,78.8,12/13/2024
1228,1520,1,19.99,12/13/2024
1228,1362,4,772.68,12/13/2024
2746,1532,6,106.08,12/13/2024
2615,298,3,23.08,12/13/2024
2615,1280,5,25.92,12/13/2024
1052,1086,3,47.95,12/13/2024
1052,649,2,0.98,12/13/2024
1052,304,9,75.38,12/13/2024
1052,970,2,4.61,12/13/2024
1509,694,6,37.68,12/13/2024
4175,449,3,41.91,12/13/2024
3007,39,3,436,12/13/2024
3227,130,6,388.7,12/13/2024
3227,1295,6,572.58,12/13/2024
3227,1481,2,33.18,12/13/2024
4876,1514,4,63.88,12/13/2024
4876,182,1,26.72,12/13/2024
4101,751,9,295.06,12/13/2024
2402,398,5,393.25,12/13/2024
1913,649,3,2.21,12/13/2024
3421,1233,3,16.27,12/13/2024
2774,397,7,706.86,12/13/2024
543,770,5,5.97,12/13/2024
543,177,1,21.18,12/13/2024
543,411,6,41.38,12/13/2024
128,638,3,17.94,12/13/2024
3845,808,1,2.66,12/13/2024
1077,1348,5,892.35,12/13/2024
1077,47,2,307.67,12/13/2024
1077,1321,9,728.82,12/13/2024
1077,704,5,41.36,12/13/2024
1077,1823,3,43.18,12/13/2024
1077,285,2,4.16,12/13/2024
1541,1149,5,61.4,12/13/2024
1541,743,2,24.45,12/13/2024
2212,1710,4,263.96,12/13/2024
2212,1829,3,359.97,12/13/2024
2212,1293,2,12.96,12/13/2024
2212,1401,3,116.82,12/13/2024
2212,821,2,276.78,12/13/2024
4479,1543,3,239.97,12/13/2024
4479,195,6,16.02,12/13/2024
3835,1384,5,454.56,12/13/2024
3835,215,5,141.42,12/13/2024
3835,103,4,310.74,12/13/2024
3835,573,4,12.74,12/13/2024
3835,653,5,6.47,12/13/2024
3835,657,14,13.75,12/13/2024
3835,471,2,15.22,12/13/2024
887,170,3,27.42,12/13/2024
887,830,1,165.98,12/13/2024
887,1509,3,75,12/13/2024
4709,698,8,134.27,12/13/2024
1474,968,6,146.54,12/13/2024
1474,1109,3,131.9,12/13/2024
1474,451,5,203.88,12/13/2024
1474,764,7,14.3,12/13/2024
1474,1360,10,718.64,12/13/2024
1786,148,5,61.1,12/13/2024
3209,385,3,28.08,12/13/2024
1802,554,4,10.5,12/13/2024
895,794,2,39.92,12/13/2024
4388,411,9,77.58,12/13/2024
20,1309,7,269.36,12/13/2024
1155,970,2,5.76,12/13/2024
3676,564,5,109.9,12/13/2024
3466,206,3,23.88,12/13/2024
3466,1242,4,26.2,12/13/2024
3466,1194,2,12.96,12/13/2024
3466,1490,5,234.95,12/13/2024
3268,1389,5,118.25,12/13/2024
3268,1260,1,4.28,12/13/2024
2789,1556,3,26.85,12/13/2024
2789,1636,3,3357.6,12/13/2024
1464,1010,2,8.26,12/13/2024
1464,1676,7,2973.32,12/13/2024
1464,1375,7,104.79,12/13/2024
1464,1825,6,775.73,12/13/2024
3980,10,1,89.07,12/13/2024
3980,502,6,175.44,12/13/2024
3980,1689,4,438.34,12/13/2024
5000,107,4,215.54,12/13/2024
4000,874,6,55.58,12/13/2024
4000,55,2,127.39,12/13/2024
2173,94,5,248.43,12/13/2024
2173,473,4,11.65,12/13/2024
2173,125,2,85.25,12/13/2024
3700,634,5,20.64,12/13/2024
2826,257,3,148.02,12/13/2024
2928,1390,1,33.29,12/13/2024
4787,1070,5,204.95,12/13/2024
4752,137,4,526.34,12/13/2024
1962,204,2,41.96,12/13/2024
1962,137,3,451.15,12/13/2024
1962,718,11,31.5,12/13/2024
460,872,3,30.67,12/13/2024
460,1615,4,1079.98,12/13/2024
4938,133,2,161.57,12/13/2024
1291,726,3,2.93,12/13/2024
1291,1570,2,18.53,12/13/2024
1291,1400,3,670.75,12/13/2024
3942,147,5,64.96,12/13/2024
347,1465,2,41.94,12/13/2024
347,1248,2,11.96,12/13/2024
347,586,4,13.12,12/13/2024
347,1348,3,535.41,12/13/2024
1212,270,3,72.78,12/13/2024
1086,1149,3,36.84,12/13/2024
1086,984,7,87.71,12/13/2024
1983,346,7,562.29,12/13/2024
43,293,9,56.52,12/13/2024
1744,524,8,11.26,12/13/2024
1744,1347,10,284.08,12/13/2024
1744,1292,4,18.5,12/13/2024
1714,991,3,14.73,12/13/2024
1714,1418,3,186.54,12/13/2024
1714,328,4,557.73,12/13/2024
1714,1732,4,159.97,12/13/2024
4224,398,6,471.9,12/13/2024
4224,583,2,3.52,12/13/2024
4921,1038,4,49.12,12/13/2024
4593,970,7,20.16,12/13/2024
783,714,2,10.68,12/13/2024
783,44,2,141.96,12/13/2024
3599,1354,2,32.48,12/13/2024
3599,1201,3,20.04,12/13/2024
3599,1623,4,13999.96,12/13/2024
4914,1549,2,238,12/13/2024
4914,1088,2,61.96,12/13/2024
2190,348,2,239.37,12/13/2024
1755,1549,5,595,12/13/2024
3527,1264,3,16.03,12/13/2024
2025,1590,5,199.75,12/13/2024
2230,72,2,227.96,12/13/2024
1073,433,6,293.52,12/13/2024
1073,1805,2,307.98,12/13/2024
1678,316,6,96.96,12/13/2024
1678,698,7,117.49,12/13/2024
1678,775,3,11.95,12/13/2024
1678,42,3,512.5,12/13/2024
2375,350,7,863.13,12/13/2024
2958,373,7,2036.86,12/13/2024
2958,105,2,449.57,12/13/2024
2958,1504,3,108.96,12/13/2024
2413,549,7,264.18,12/13/2024
181,1013,1,2.88,12/13/2024
181,771,6,41.9,12/13/2024
181,1350,4,23.92,12/13/2024
1939,1243,4,156.51,12/13/2024
2253,1374,6,128.34,12/13/2024
3798,1477,5,474.95,12/13/2024
2748,1617,2,999.98,12/13/2024
979,357,4,277.5,12/13/2024
1054,353,8,1252.7,12/13/2024
1054,1804,5,110.97,12/13/2024
3911,320,3,22.61,12/13/2024
3911,203,1,1.89,12/13/2024
4728,1229,3,63.31,12/13/2024
1287,876,1,7.82,12/13/2024
1287,113,4,170.07,12/13/2024
2121,1068,9,62.82,12/13/2024
1333,1139,3,19.44,12/13/2024
1333,656,1,7.38,12/13/2024
4957,1285,6,38.88,12/13/2024
4957,293,4,187.76,12/13/2024
1345,662,7,6.05,12/13/2024
1345,405,3,98.35,12/13/2024
1345,160,2,335.74,12/13/2024
1286,1275,2,8.96,12/13/2024
2865,1593,4,89.57,12/13/2024
2865,535,5,71.96,12/13/2024
2865,1131,3,15.55,12/13/2024
3313,705,5,10.43,12/13/2024
3313,1413,1,72.78,12/13/2024
1001,1327,5,67.15,12/13/2024
1001,1843,2,549.98,12/13/2024
1001,218,3,11.82,12/13/2024
1001,1626,4,4643.8,12/13/2024
1001,110,2,577.76,12/13/2024
1093,322,1,191.52,12/13/2024
1093,632,1,2.62,12/13/2024
1346,661,6,1369.76,12/13/2024
1346,1352,4,294.37,12/13/2024
3386,404,2,81.57,12/13/2024
1953,210,5,44.46,12/13/2024
1953,1338,3,314.09,12/13/2024
1070,685,4,6.34,12/13/2024
1070,1281,1,10.48,12/13/2024
1070,829,1,2.47,12/13/2024
1070,721,2,3.26,12/13/2024
250,926,3,4.34,12/13/2024
250,168,3,31.78,12/13/2024
250,978,2,4.93,12/13/2024
250,747,3,1.79,12/13/2024
250,907,4,15.07,12/13/2024
625,1304,2,12.62,12/13/2024
1766,1036,6,185.88,12/13/2024
1766,1286,2,12.96,12/13/2024
2896,1261,10,189.7,12/13/2024
2896,1087,1,40.99,12/13/2024
2054,164,2,82.64,12/13/2024
2054,1399,2,31.02,12/13/2024
2054,1494,3,89.97,12/13/2024
2679,620,3,35.97,12/13/2024
2679,47,7,1266.86,12/13/2024
682,1318,5,169.45,12/13/2024
682,1371,2,40.68,12/13/2024
2852,1436,2,3.33,12/13/2024
2852,339,4,933.26,12/13/2024
2852,81,5,2803.92,12/13/2024
2875,1314,2,4.77,12/13/2024
2875,1049,1,6.67,12/13/2024
2875,578,2,4.45,12/13/2024
2875,143,4,43.94,12/13/2024
125,838,2,23.74,12/13/2024
125,1549,3,357,12/13/2024
127,1827,8,806.34,12/13/2024
127,240,3,85.44,12/13/2024
4294,1331,3,344.91,12/13/2024
1176,427,5,70.97,12/13/2024
1176,626,2,36.78,12/13/2024
2226,1749,2,743.99,12/13/2024
1332,757,2,11.21,12/13/2024
1332,139,2,4.71,12/13/2024
1332,395,5,180.98,12/13/2024
1332,1323,2,60.42,12/13/2024
3849,1611,1,299.99,12/13/2024
3849,1211,4,192.16,12/13/2024
3849,1782,8,242.62,12/13/2024
3849,1337,3,46.74,12/13/2024
3849,1475,5,174.95,12/13/2024
3849,820,6,100.7,12/13/2024
1984,1048,9,368.91,12/13/2024
1984,668,1,8.02,12/13/2024
1984,1361,4,171.04,12/13/2024
1706,1179,3,19.44,12/13/2024
1311,639,4,13.09,12/13/2024
394,463,3,122.94,12/13/2024
394,777,7,35.45,12/13/2024
229,1701,2,19.98,12/13/2024
3237,357,1,69.38,12/13/2024
3237,1455,4,31.68,12/13/2024
3237,1788,4,2003.17,12/13/2024
3237,591,2,9.34,12/13/2024
2790,89,8,2563.06,12/13/2024
2309,76,4,387.14,12/13/2024
858,493,1,3.42,12/13/2024
4090,1383,7,1085.42,12/13/2024
1383,1252,9,43.06,12/13/2024
4618,795,3,3.76,12/13/2024
4618,725,2,34.86,12/13/2024
4618,1349,3,432.46,12/13/2024
3735,1407,3,675.06,12/13/2024
920,1594,9,899.91,12/13/2024
920,683,3,51.31,12/13/2024
1848,139,5,23.56,12/13/2024
1848,339,6,1272.63,12/13/2024
1848,655,5,28.48,12/13/2024
1848,1451,2,185.38,12/13/2024
1848,433,2,78.27,12/13/2024
4362,242,7,254.74,12/13/2024
3896,24,2,205.33,12/13/2024
4505,733,3,4.79,12/13/2024
1514,1254,1,55.48,12/13/2024
542,1384,3,340.92,12/13/2024
542,10,2,222.67,12/13/2024
542,1793,4,703.97,12/13/2024
542,1340,6,92.52,12/13/2024
542,1110,7,62.65,12/13/2024
542,1225,5,94.85,12/13/2024
1758,1693,6,95.76,12/13/2024
2514,234,3,40.2,12/13/2024
1711,569,5,14.7,12/13/2024
1711,1320,5,704.25,12/13/2024
435,1503,3,9.09,12/13/2024
345,545,2,5.96,12/13/2024
345,1543,2,159.98,12/13/2024
3618,1000,2,29.6,12/13/2024
3618,7,5,514.16,12/13/2024
3618,1756,5,279.96,12/13/2024
643,1729,6,2735.95,12/13/2024
422,1701,1,7.99,12/13/2024
422,1472,2,63.98,12/13/2024
422,539,2,70.37,12/13/2024
172,1360,5,449.15,12/13/2024
172,892,3,11.07,12/13/2024
2785,1490,2,93.98,12/13/2024
4570,337,3,189.88,12/13/2024
1256,862,2,105.42,12/13/2024
2107,744,8,119.62,12/13/2024
2107,314,4,255.76,12/13/2024
2107,93,2,241.57,12/13/2024
2107,140,9,69.3,12/13/2024
4521,709,2,22.62,12/13/2024
4521,708,2,14.95,12/13/2024
4521,68,2,801.57,12/13/2024
4521,672,3,2.38,12/13/2024
4521,1048,1,32.79,12/13/2024
3507,770,5,15.92,12/13/2024
1402,528,1,2.74,12/13/2024
1402,604,3,8.34,12/13/2024
1402,1337,3,46.74,12/13/2024
1402,780,5,6354.95,12/13/2024
3514,181,3,126.3,12/13/2024
3514,1538,2,38.04,12/13/2024
1796,545,3,7.15,12/13/2024
4073,602,3,6.63,12/13/2024
4073,516,2,5.88,12/13/2024
3358,1619,5,2999.95,12/13/2024
3358,1420,3,51.45,12/13/2024
3358,1121,2,11.96,12/13/2024
3358,1419,3,1126.02,12/13/2024
1569,1469,1,18.39,12/13/2024
1569,1321,2,129.57,12/13/2024
1569,652,9,14.11,12/13/2024
3710,337,2,210.98,12/13/2024
4620,1821,3,55.18,12/13/2024
4620,1577,2,66.26,12/13/2024
1580,930,5,22.2,12/13/2024
3077,106,3,683.95,12/13/2024
3077,196,3,45.7,12/13/2024
4435,1426,3,36.34,12/13/2024
4435,1449,1,666.25,12/13/2024
4435,860,6,52.51,12/13/2024
839,59,1,190.72,12/13/2024
4859,157,3,47.94,12/13/2024
2776,1718,5,979.95,12/13/2024
2776,745,5,22.75,12/13/2024
2113,1341,2,16.77,12/13/2024
4828,741,7,42.62,12/13/2024
1434,831,4,10.75,12/13/2024
1258,404,3,152.94,12/13/2024
1258,94,4,283.92,12/13/2024
496,1502,6,468.9,12/13/2024
2271,1769,8,380.86,12/13/2024
4393,1360,9,646.78,12/13/2024
59,1504,2,58.11,12/13/2024
59,1789,1,100.79,12/13/2024
59,164,4,66.11,12/13/2024
4058,658,6,41.28,12/13/2024
4058,1201,2,13.36,12/13/2024
986,1312,9,250.27,12/13/2024
986,840,3,11.36,12/13/2024
986,1441,5,8.72,12/13/2024
2264,81,2,1121.57,12/13/2024
3060,247,1,34.5,12/13/2024
2847,942,3,10.82,12/13/2024
2819,1359,2,1295.78,12/13/2024
656,589,4,19.46,12/13/2024
1906,965,2,20.7,12/13/2024
1906,369,4,1335.68,12/13/2024
1906,1224,5,32.4,12/13/2024
3176,256,3,42.6,12/13/2024
3176,642,7,84.06,12/13/2024
549,459,5,13,12/13/2024
549,289,3,13.13,12/13/2024
1199,937,2,3.96,12/13/2024
1199,959,1,2.61,12/13/2024
3545,1781,3,374.38,12/13/2024
3935,1276,8,91.84,12/13/2024
3935,684,7,81.09,12/13/2024
3935,1272,3,19.44,12/13/2024
3935,137,3,451.15,12/13/2024
4098,965,7,72.45,12/13/2024
4098,910,4,13.96,12/13/2024
4098,720,7,33.26,12/13/2024
4098,1699,3,14.85,12/13/2024
2125,581,3,8.82,12/13/2024
1460,1276,14,160.72,12/13/2024
1460,1105,4,19.92,12/13/2024
1460,1439,2,7.3,12/13/2024
3173,1388,2,69.71,12/13/2024
3173,186,1,8.79,12/13/2024
1235,1458,4,51.52,12/13/2024
3713,1870,3,470.38,12/13/2024
3713,1710,2,105.58,12/13/2024
3713,388,3,31.15,12/13/2024
3713,750,7,6.78,12/13/2024
3713,1724,4,406.37,12/13/2024
1166,116,1,70.98,12/13/2024
1166,1001,3,294.93,12/13/2024
4678,1828,2,84.78,12/13/2024
4678,1155,4,20.74,12/13/2024
4678,744,3,16.82,12/13/2024
4678,1258,2,10.37,12/13/2024
438,615,2,9.34,12/13/2024
438,1497,3,31.2,12/13/2024
391,471,2,76.12,12/13/2024
391,1621,3,1199.98,12/13/2024
391,1776,5,445.96,12/13/2024
391,208,8,327.76,12/13/2024
2017,1454,2,11.63,12/13/2024
4508,1730,3,143.98,12/13/2024
4508,1833,4,494.38,12/13/2024
4508,1439,2,5.84,12/13/2024
591,1348,1,142.78,12/13/2024
591,196,3,45.7,12/13/2024
591,668,3,7.22,12/13/2024
591,700,4,43.19,12/13/2024
591,1159,3,131.9,12/13/2024
4206,673,2,3.28,12/13/2024
4206,516,9,21.17,12/13/2024
4206,1807,2,55.19,12/13/2024
2667,1805,3,369.58,12/13/2024
2667,1007,4,15.71,12/13/2024
2031,1092,2,8.45,12/13/2024
2031,1857,9,728.95,12/13/2024
3574,1688,10,119.94,12/13/2024
3574,761,2,3.65,12/13/2024
3158,279,2,40.48,12/13/2024
3158,138,2,9.94,12/13/2024
3158,754,9,107.42,12/13/2024
3158,1782,1,37.91,12/13/2024
3158,158,3,88.02,12/13/2024
4217,730,5,8.69,12/13/2024
1308,132,2,301.96,12/13/2024
1308,383,5,555.21,12/13/2024
1308,1338,4,523.48,12/13/2024
1308,613,9,161.82,12/13/2024
4062,146,7,35.56,12/13/2024
3873,412,2,97.16,12/13/2024
3477,664,5,15.24,12/13/2024
3477,1184,3,13.23,12/13/2024
4611,1363,3,243.38,12/13/2024
4611,1498,5,119.8,12/13/2024
4611,1763,4,300.77,12/13/2024
3698,1550,3,17.88,12/13/2024
3698,1001,3,235.94,12/13/2024
1675,71,3,392.94,12/13/2024
4574,722,3,18.88,12/13/2024
4574,451,3,122.33,12/13/2024
1951,160,5,1049.2,12/13/2024
1951,839,4,15.42,12/13/2024
2430,165,3,18.84,12/13/2024
4154,1311,2,330.4,12/13/2024
4154,985,7,26.25,12/13/2024
2941,1577,4,132.52,12/13/2024
4851,1142,1,6.48,12/13/2024
3331,428,2,209.3,12/13/2024
1760,936,5,31.56,12/13/2024
1760,425,2,30.14,12/13/2024
2651,205,4,14.8,12/13/2024
2651,1813,3,302.38,12/13/2024
2651,1496,4,316,12/13/2024
2207,1054,10,379.4,12/13/2024
3615,1243,2,97.82,12/13/2024
3615,1493,8,103.12,12/13/2024
2278,427,2,113.55,12/13/2024
2278,755,2,3.32,12/13/2024
2278,870,2,134.29,12/13/2024
4676,68,2,701.37,12/13/2024
4676,836,2,2.31,12/13/2024
1421,1348,7,999.43,12/13/2024
1421,1351,14,724.08,12/13/2024
1421,335,5,918.78,12/13/2024
1421,801,3,2.72,12/13/2024
2066,1352,5,459.95,12/13/2024
2363,912,3,10.74,12/13/2024
3460,1455,3,23.76,12/13/2024
3460,1052,3,85.06,12/13/2024
3460,1836,3,381.58,12/13/2024
661,249,5,30.36,12/13/2024
4754,237,3,23.98,12/13/2024
4754,324,1,108.92,12/13/2024
4754,1174,8,36.35,12/13/2024
3031,540,5,19.56,12/13/2024
3413,468,3,61.44,12/13/2024
3413,1160,5,38.9,12/13/2024
3413,1577,3,99.39,12/13/2024
4817,394,3,2.69,12/13/2024
4817,1573,3,27.82,12/13/2024
4817,263,3,82.52,12/13/2024
4817,835,3,182.99,12/13/2024
2715,772,3,14.35,12/13/2024
2715,1382,2,64.96,12/13/2024
2715,1420,4,68.6,12/13/2024
5002,1678,4,7999.98,12/13/2024
5002,428,2,167.44,12/13/2024
677,1579,3,479.97,12/13/2024
677,973,2,14.62,12/13/2024
677,1042,3,19.44,12/13/2024
4029,40,2,191.98,12/13/2024
4234,291,1,104.01,12/13/2024
4234,1759,1,284.82,12/13/2024
4234,1376,3,36.84,12/13/2024
1215,1530,1,166.24,12/13/2024
1215,1075,5,33.4,12/13/2024
1045,580,8,198.27,12/13/2024
1045,979,4,47.36,12/13/2024
1045,854,7,200.98,12/13/2024
1045,994,4,97.7,12/13/2024
1045,507,1,2.7,12/13/2024
1045,702,2,18.59,12/13/2024
1045,721,3,4.9,12/13/2024
3090,244,3,15.07,12/13/2024
2701,258,3,209.88,12/13/2024
1353,350,3,369.91,12/13/2024
470,1131,2,10.37,12/13/2024
470,410,5,166.84,12/13/2024
470,1538,1,15.22,12/13/2024
160,1574,4,119.96,12/13/2024
160,29,5,883.92,12/13/2024
160,641,8,46.72,12/13/2024
178,1254,1,55.48,12/13/2024
3732,859,4,24.45,12/13/2024
4721,401,6,281.34,12/13/2024
4721,1805,2,307.98,12/13/2024
4721,1510,3,299.97,12/13/2024
627,775,5,19.92,12/13/2024
371,138,2,9.94,12/13/2024
3001,219,3,103.06,12/13/2024
66,708,3,59.81,12/13/2024
66,148,6,73.32,12/13/2024
1899,1256,3,146.82,12/13/2024
2350,321,3,1652.94,12/13/2024
2350,1296,3,296.37,12/13/2024
221,147,5,129.92,12/13/2024
1933,1460,7,45.58,12/13/2024
3684,858,2,17.57,12/13/2024
3684,1766,1,55.99,12/13/2024
4658,1147,8,182.72,12/13/2024
4658,343,2,400.03,12/13/2024
4658,1421,3,33.63,12/13/2024
4658,100,3,542.65,12/13/2024
4658,966,2,6.3,12/13/2024
3442,1321,3,242.94,12/13/2024
3442,1572,3,179.97,12/13/2024
3442,802,6,99.7,12/13/2024
3442,771,4,27.94,12/13/2024
3442,12,1,84.98,12/13/2024
3442,646,5,18.72,12/13/2024
401,1501,2,49.98,12/13/2024
162,991,3,11.78,12/13/2024
162,1384,3,272.74,12/13/2024
162,808,2,3.54,12/13/2024
4641,1458,5,51.52,12/13/2024
4641,1184,1,3.53,12/13/2024
4641,1292,1,4.62,12/13/2024
4641,1456,4,55.17,12/13/2024
292,347,10,567.12,12/13/2024
292,1360,4,359.32,12/13/2024
2487,1687,1,11.99,12/13/2024
3328,782,3,58.05,12/13/2024
3328,264,11,157.74,12/13/2024
3328,585,7,56.98,12/13/2024
3328,662,1,2.88,12/13/2024
1859,1617,3,1199.98,12/13/2024
1265,237,4,79.92,12/13/2024
2337,328,4,383.44,12/13/2024
92,1376,2,24.56,12/13/2024
92,1498,4,119.8,12/13/2024
3135,673,3,13.13,12/13/2024
3476,1174,4,22.72,12/13/2024
972,1224,9,58.32,12/13/2024
3326,1010,3,12.39,12/13/2024
1002,1832,3,107.98,12/13/2024
720,869,2,11.36,12/13/2024
720,865,3,50.94,12/13/2024
720,1561,6,646.74,12/13/2024
720,814,3,5.64,12/13/2024
720,1295,6,572.58,12/13/2024
93,299,2,310.88,12/13/2024
2583,110,2,641.96,12/13/2024
2897,678,2,18.28,12/13/2024
2897,1856,3,207,12/13/2024
2897,653,5,32.35,12/13/2024
2897,798,1,7.71,12/13/2024
2897,627,2,40.3,12/13/2024
2897,233,7,34.58,12/13/2024
759,582,7,32.76,12/13/2024
1389,90,3,544.01,12/13/2024
1389,1028,3,59.94,12/13/2024
1389,1144,4,23.92,12/13/2024
1389,1232,1,4.28,12/13/2024
4471,683,5,32.07,12/13/2024
4471,1528,2,24,12/13/2024
4471,44,1,35.49,12/13/2024
4471,1466,2,47.98,12/13/2024
1526,850,3,186.69,12/13/2024
3399,639,2,17.46,12/13/2024
1520,129,2,348.93,12/13/2024
1015,700,4,143.96,12/13/2024
1015,1340,1,15.42,12/13/2024
1015,687,8,43.04,12/13/2024
1015,103,3,332.94,12/13/2024
1773,1737,5,1363.96,12/13/2024
664,969,2,9.96,12/13/2024
664,1234,4,21.72,12/13/2024
3832,662,7,20.16,12/13/2024
1119,1031,7,132.79,12/13/2024
1119,1173,2,12.96,12/13/2024
1119,978,7,21.56,12/13/2024
827,94,5,283.92,12/13/2024
2931,292,1,22.23,12/13/2024
2931,1742,2,215.97,12/13/2024
2257,390,9,355.32,12/13/2024
1946,1247,2,12.96,12/13/2024
3520,170,2,18.28,12/13/2024
431,535,3,43.18,12/13/2024
431,1749,4,1983.97,12/13/2024
1338,256,2,28.4,12/13/2024
1338,1608,3,149.97,12/13/2024
613,576,4,11.52,12/13/2024
613,352,5,1298.55,12/13/2024
613,384,4,213.92,12/13/2024
613,1493,2,25.78,12/13/2024
3678,170,2,18.28,12/13/2024
3678,1515,7,1399.93,12/13/2024
893,1021,8,51.84,12/13/2024
2466,1230,1,5.34,12/13/2024
498,1042,8,41.47,12/13/2024
498,767,3,3.17,12/13/2024
498,70,5,1228.46,12/13/2024
498,817,3,31.09,12/13/2024
498,1222,4,335.52,12/13/2024
2836,1539,3,239.97,12/13/2024
2836,991,2,9.82,12/13/2024
4198,1568,4,67.8,12/13/2024
4198,1467,3,167.97,12/13/2024
3348,925,7,35,12/13/2024
3348,1429,4,37.24,12/13/2024
3348,899,2,15.28,12/13/2024
3397,60,2,301.96,12/13/2024
3397,458,3,180.66,12/13/2024
3397,1740,2,191.98,12/13/2024
3397,1762,1,65.99,12/13/2024
2730,567,2,35.22,12/13/2024
2730,448,2,23.7,12/13/2024
2730,1676,1,265.48,12/13/2024
4232,679,4,51.18,12/13/2024
4959,1113,2,9.66,12/13/2024
4615,1775,3,21.07,12/13/2024
810,627,3,60.45,12/13/2024
810,558,4,11.52,12/13/2024
810,8,4,186.05,12/13/2024
2663,693,4,37.44,12/13/2024
2663,707,4,26.98,12/13/2024
2663,1444,2,11.36,12/13/2024
2663,1004,2,14.62,12/13/2024
998,1739,7,83.72,12/13/2024
998,78,3,287.94,12/13/2024
2967,280,4,48.9,12/13/2024
104,1482,7,115.36,12/13/2024
2512,553,2,5.16,12/13/2024
2512,1139,6,38.88,12/13/2024
1919,580,6,185.88,12/13/2024
2057,292,2,44.46,12/13/2024
2057,1321,3,242.94,12/13/2024
312,1086,2,39.96,12/13/2024
312,1446,10,102.3,12/13/2024
312,1393,2,21.36,12/13/2024
4042,1277,1,7.61,12/13/2024
4042,913,2,7.16,12/13/2024
425,1438,2,7.36,12/13/2024
425,598,2,23.1,12/13/2024
2239,1512,6,191.47,12/13/2024
2239,608,2,5.25,12/13/2024
2239,1804,2,59.18,12/13/2024
583,1006,1,2.89,12/13/2024
583,172,1,51.94,12/13/2024
2236,1016,4,15.94,12/13/2024
449,794,6,44.91,12/13/2024
2601,661,5,1141.47,12/13/2024
2601,1781,3,280.78,12/13/2024
1210,1227,3,34.44,12/13/2024
576,1273,2,11.36,12/13/2024
576,655,7,106.34,12/13/2024
3091,1130,5,192.16,12/13/2024
1963,287,3,322.59,12/13/2024
1963,1574,1,29.99,12/13/2024
1963,1525,3,371.97,12/13/2024
4334,792,4,5.89,12/13/2024
3042,803,3,68.47,12/13/2024
3042,123,5,1242.9,12/13/2024
1174,1340,2,30.84,12/13/2024
4833,507,4,13.48,12/13/2024
2727,165,5,31.4,12/13/2024
427,183,2,17.46,12/13/2024
1380,727,3,13.94,12/13/2024
3099,1378,12,83.76,12/13/2024
3817,681,7,37.66,12/13/2024
73,1240,6,34.68,12/13/2024
3462,1488,5,149.95,12/13/2024
3462,683,3,51.31,12/13/2024
3474,1118,1,4.54,12/13/2024
3474,573,4,15.92,12/13/2024
3474,1792,8,543.92,12/13/2024
1781,1366,7,155.82,12/13/2024
1781,776,3,70.01,12/13/2024
2333,856,2,15.65,12/13/2024
539,1000,7,103.6,12/13/2024
4015,1167,8,46.96,12/13/2024
4550,838,2,8.9,12/13/2024
3820,961,5,10.44,12/13/2024
3820,697,4,18.34,12/13/2024
3453,1853,3,323.98,12/13/2024
2177,1198,3,20.04,12/13/2024
2177,1382,2,64.96,12/13/2024
2177,1018,2,12.96,12/13/2024
3666,32,4,323.14,12/13/2024
3666,1859,7,90.93,12/13/2024
3666,788,3,52.78,12/13/2024
3559,1735,4,1199.8,12/13/2024
3559,1599,7,1928.78,12/13/2024
3559,1410,2,352.38,12/13/2024
1246,205,6,22.2,12/13/2024
2860,293,1,46.94,12/13/2024
2860,1514,9,143.73,12/13/2024
4290,330,2,99.92,12/13/2024
4290,106,4,797.94,12/13/2024
4290,748,3,8.57,12/13/2024
2729,850,3,149.35,12/13/2024
2729,1354,1,12.99,12/13/2024
